# Blender 4.0.2
# www.blender.org
mtllib picaxe.mtl
o Cylinder
v 0.000000 -2.537877 -0.357750
v 0.000000 3.668523 -0.357750
v 0.069794 -2.537877 -0.350876
v 0.069794 3.668523 -0.350876
v 0.136905 -2.537877 -0.330518
v 0.136905 3.668523 -0.330518
v 0.198756 -2.537877 -0.297459
v 0.198756 3.668523 -0.297459
v 0.252968 -2.537877 -0.252968
v 0.252968 3.668523 -0.252968
v 0.297459 -2.537877 -0.198756
v 0.297459 3.668523 -0.198756
v 0.330518 -2.537877 -0.136905
v 0.330518 3.668523 -0.136905
v 0.350876 -2.537877 -0.069794
v 0.350876 3.668523 -0.069794
v 0.357750 -2.537877 0.000000
v 0.357750 3.668523 0.000000
v 0.350876 -2.537877 0.069794
v 0.350876 3.668523 0.069794
v 0.330518 -2.537877 0.136905
v 0.330518 3.668523 0.136905
v 0.297459 -2.537877 0.198756
v 0.297459 3.668523 0.198756
v 0.252968 -2.537877 0.252968
v 0.252968 3.668523 0.252968
v 0.198756 -2.537877 0.297459
v 0.198756 3.668523 0.297459
v 0.136905 -2.537877 0.330518
v 0.136905 3.668523 0.330518
v 0.069794 -2.537877 0.350876
v 0.069794 3.668523 0.350876
v 0.000000 -2.537877 0.357750
v 0.000000 3.668523 0.357750
v -0.069794 -2.537877 0.350876
v -0.069794 3.668523 0.350876
v -0.136905 -2.537877 0.330518
v -0.136905 3.668523 0.330518
v -0.198756 -2.537877 0.297459
v -0.198756 3.668523 0.297459
v -0.252968 -2.537877 0.252968
v -0.252968 3.668523 0.252968
v -0.297459 -2.537877 0.198756
v -0.297459 3.668523 0.198756
v -0.330518 -2.537877 0.136905
v -0.330518 3.668523 0.136905
v -0.350876 -2.537877 0.069794
v -0.350876 3.668523 0.069794
v -0.357750 -2.537877 0.000000
v -0.357750 3.668523 0.000000
v -0.350876 -2.537877 -0.069794
v -0.350876 3.668523 -0.069794
v -0.330518 -2.537877 -0.136905
v -0.330518 3.668523 -0.136905
v -0.297459 -2.537877 -0.198756
v -0.297459 3.668523 -0.198756
v -0.252968 -2.537877 -0.252968
v -0.252968 3.668523 -0.252968
v -0.198756 -2.537877 -0.297459
v -0.198756 3.668523 -0.297459
v -0.136905 -2.537877 -0.330518
v -0.136905 3.668523 -0.330518
v -0.069794 -2.537877 -0.350876
v -0.069794 3.668523 -0.350876
vn -0.0000 -0.0000 -1.0000
vn 0.1951 -0.0000 -0.9808
vn 0.3827 -0.0000 -0.9239
vn 0.5556 -0.0000 -0.8315
vn 0.7071 -0.0000 -0.7071
vn 0.8315 -0.0000 -0.5556
vn 0.9239 -0.0000 -0.3827
vn 0.9808 -0.0000 -0.1951
vn 1.0000 -0.0000 -0.0000
vn 0.9808 -0.0000 0.1951
vn 0.9239 -0.0000 0.3827
vn 0.8315 -0.0000 0.5556
vn 0.7071 -0.0000 0.7071
vn 0.5556 -0.0000 0.8315
vn 0.3827 -0.0000 0.9239
vn 0.1951 -0.0000 0.9808
vn -0.0000 -0.0000 1.0000
vn -0.1951 -0.0000 0.9808
vn -0.3827 -0.0000 0.9239
vn -0.5556 -0.0000 0.8315
vn -0.7071 -0.0000 0.7071
vn -0.8315 -0.0000 0.5556
vn -0.9239 -0.0000 0.3827
vn -0.9808 -0.0000 0.1951
vn -1.0000 -0.0000 -0.0000
vn -0.9808 -0.0000 -0.1951
vn -0.9239 -0.0000 -0.3827
vn -0.8315 -0.0000 -0.5556
vn -0.7071 -0.0000 -0.7071
vn -0.5556 -0.0000 -0.8315
vn -0.3827 -0.0000 -0.9239
vn -0.0000 1.0000 -0.0000
vn -0.1951 -0.0000 -0.9808
vn -0.0000 -1.0000 -0.0000
vt 1.000000 0.500000
vt 1.000000 1.000000
vt 0.968750 1.000000
vt 0.968750 0.500000
vt 0.937500 1.000000
vt 0.937500 0.500000
vt 0.906250 1.000000
vt 0.906250 0.500000
vt 0.875000 1.000000
vt 0.875000 0.500000
vt 0.843750 1.000000
vt 0.843750 0.500000
vt 0.812500 1.000000
vt 0.812500 0.500000
vt 0.781250 1.000000
vt 0.781250 0.500000
vt 0.750000 1.000000
vt 0.750000 0.500000
vt 0.718750 1.000000
vt 0.718750 0.500000
vt 0.687500 1.000000
vt 0.687500 0.500000
vt 0.656250 1.000000
vt 0.656250 0.500000
vt 0.625000 1.000000
vt 0.625000 0.500000
vt 0.593750 1.000000
vt 0.593750 0.500000
vt 0.562500 1.000000
vt 0.562500 0.500000
vt 0.531250 1.000000
vt 0.531250 0.500000
vt 0.500000 1.000000
vt 0.500000 0.500000
vt 0.468750 1.000000
vt 0.468750 0.500000
vt 0.437500 1.000000
vt 0.437500 0.500000
vt 0.406250 1.000000
vt 0.406250 0.500000
vt 0.375000 1.000000
vt 0.375000 0.500000
vt 0.343750 1.000000
vt 0.343750 0.500000
vt 0.312500 1.000000
vt 0.312500 0.500000
vt 0.281250 1.000000
vt 0.281250 0.500000
vt 0.250000 1.000000
vt 0.250000 0.500000
vt 0.218750 1.000000
vt 0.218750 0.500000
vt 0.187500 1.000000
vt 0.187500 0.500000
vt 0.156250 1.000000
vt 0.156250 0.500000
vt 0.125000 1.000000
vt 0.125000 0.500000
vt 0.093750 1.000000
vt 0.093750 0.500000
vt 0.062500 1.000000
vt 0.062500 0.500000
vt 0.296822 0.485388
vt 0.250000 0.490000
vt 0.203178 0.485388
vt 0.158156 0.471731
vt 0.116663 0.449553
vt 0.080294 0.419706
vt 0.050447 0.383337
vt 0.028269 0.341844
vt 0.014612 0.296822
vt 0.010000 0.250000
vt 0.014612 0.203178
vt 0.028269 0.158156
vt 0.050447 0.116663
vt 0.080294 0.080294
vt 0.116663 0.050447
vt 0.158156 0.028269
vt 0.203178 0.014612
vt 0.250000 0.010000
vt 0.296822 0.014612
vt 0.341844 0.028269
vt 0.383337 0.050447
vt 0.419706 0.080294
vt 0.449553 0.116663
vt 0.471731 0.158156
vt 0.485388 0.203178
vt 0.490000 0.250000
vt 0.485388 0.296822
vt 0.471731 0.341844
vt 0.449553 0.383337
vt 0.419706 0.419706
vt 0.383337 0.449553
vt 0.341844 0.471731
vt 0.031250 1.000000
vt 0.031250 0.500000
vt 0.000000 1.000000
vt 0.000000 0.500000
vt 0.750000 0.490000
vt 0.796822 0.485388
vt 0.841844 0.471731
vt 0.883337 0.449553
vt 0.919706 0.419706
vt 0.949553 0.383337
vt 0.971731 0.341844
vt 0.985388 0.296822
vt 0.990000 0.250000
vt 0.985388 0.203178
vt 0.971731 0.158156
vt 0.949553 0.116663
vt 0.919706 0.080294
vt 0.883337 0.050447
vt 0.841844 0.028269
vt 0.796822 0.014612
vt 0.750000 0.010000
vt 0.703178 0.014612
vt 0.658156 0.028269
vt 0.616663 0.050447
vt 0.580294 0.080294
vt 0.550447 0.116663
vt 0.528269 0.158156
vt 0.514612 0.203178
vt 0.510000 0.250000
vt 0.514612 0.296822
vt 0.528269 0.341844
vt 0.550447 0.383337
vt 0.580294 0.419706
vt 0.616663 0.449553
vt 0.658156 0.471731
vt 0.703178 0.485388
s 1
usemtl Material.002
f 1/1/1 2/2/1 4/3/2 3/4/2
f 3/4/2 4/3/2 6/5/3 5/6/3
f 5/6/3 6/5/3 8/7/4 7/8/4
f 7/8/4 8/7/4 10/9/5 9/10/5
f 9/10/5 10/9/5 12/11/6 11/12/6
f 11/12/6 12/11/6 14/13/7 13/14/7
f 13/14/7 14/13/7 16/15/8 15/16/8
f 15/16/8 16/15/8 18/17/9 17/18/9
f 17/18/9 18/17/9 20/19/10 19/20/10
f 19/20/10 20/19/10 22/21/11 21/22/11
f 21/22/11 22/21/11 24/23/12 23/24/12
f 23/24/12 24/23/12 26/25/13 25/26/13
f 25/26/13 26/25/13 28/27/14 27/28/14
f 27/28/14 28/27/14 30/29/15 29/30/15
f 29/30/15 30/29/15 32/31/16 31/32/16
f 31/32/16 32/31/16 34/33/17 33/34/17
f 33/34/17 34/33/17 36/35/18 35/36/18
f 35/36/18 36/35/18 38/37/19 37/38/19
f 37/38/19 38/37/19 40/39/20 39/40/20
f 39/40/20 40/39/20 42/41/21 41/42/21
f 41/42/21 42/41/21 44/43/22 43/44/22
f 43/44/22 44/43/22 46/45/23 45/46/23
f 45/46/23 46/45/23 48/47/24 47/48/24
f 47/48/24 48/47/24 50/49/25 49/50/25
f 49/50/25 50/49/25 52/51/26 51/52/26
f 51/52/26 52/51/26 54/53/27 53/54/27
f 53/54/27 54/53/27 56/55/28 55/56/28
f 55/56/28 56/55/28 58/57/29 57/58/29
f 57/58/29 58/57/29 60/59/30 59/60/30
f 59/60/30 60/59/30 62/61/31 61/62/31
f 4/63/32 2/64/32 64/65/32 62/66/32 60/67/32 58/68/32 56/69/32 54/70/32 52/71/32 50/72/32 48/73/32 46/74/32 44/75/32 42/76/32 40/77/32 38/78/32 36/79/32 34/80/32 32/81/32 30/82/32 28/83/32 26/84/32 24/85/32 22/86/32 20/87/32 18/88/32 16/89/32 14/90/32 12/91/32 10/92/32 8/93/32 6/94/32
f 61/62/31 62/61/31 64/95/33 63/96/33
f 63/96/33 64/95/33 2/97/1 1/98/1
f 1/99/34 3/100/34 5/101/34 7/102/34 9/103/34 11/104/34 13/105/34 15/106/34 17/107/34 19/108/34 21/109/34 23/110/34 25/111/34 27/112/34 29/113/34 31/114/34 33/115/34 35/116/34 37/117/34 39/118/34 41/119/34 43/120/34 45/121/34 47/122/34 49/123/34 51/124/34 53/125/34 55/126/34 57/127/34 59/128/34 61/129/34 63/130/34
o Cube
v -0.013131 2.936669 4.435689
v -0.006753 2.939434 4.471904
v -0.023663 2.946532 4.444123
v -0.013265 2.935867 4.439038
v -0.013328 2.935174 4.442357
v -0.013319 2.934597 4.445617
v -0.013239 2.934140 4.448788
v -0.013088 2.933808 4.451839
v -0.012869 2.933602 4.454745
v -0.012582 2.933523 4.457493
v -0.012230 2.933572 4.460069
v -0.014538 2.937154 4.433999
v -0.014449 2.936437 4.437762
v -0.014361 2.935756 4.441341
v -0.014243 2.935158 4.444778
v -0.014082 2.934663 4.448071
v -0.013869 2.934287 4.451209
v -0.013605 2.934039 4.454173
v -0.013289 2.933925 4.456943
v -0.012923 2.933955 4.459498
v -0.015891 2.937676 4.432562
v -0.015625 2.936995 4.436587
v -0.015392 2.936327 4.440382
v -0.015163 2.935713 4.443974
v -0.014918 2.935185 4.447376
v -0.014643 2.934770 4.450591
v -0.014332 2.934484 4.453601
v -0.013988 2.934336 4.456388
v -0.013611 2.934343 4.458929
v -0.017178 2.938231 4.431393
v -0.016769 2.937551 4.435587
v -0.016410 2.936880 4.439529
v -0.016076 2.936251 4.443242
v -0.015747 2.935698 4.446734
v -0.015406 2.935251 4.450007
v -0.015049 2.934932 4.453048
v -0.014677 2.934754 4.455839
v -0.014290 2.934737 4.458359
v -0.018389 2.938812 4.430497
v -0.017864 2.938115 4.434791
v -0.017399 2.937427 4.438823
v -0.016969 2.936779 4.442617
v -0.016558 2.936205 4.446170
v -0.016151 2.935734 4.449476
v -0.015748 2.935389 4.452520
v -0.015348 2.935187 4.455289
v -0.014953 2.935149 4.457770
v -0.019512 2.939418 4.429885
v -0.018893 2.938691 4.434220
v -0.018339 2.937979 4.438293
v -0.017825 2.937310 4.442128
v -0.017337 2.936716 4.445709
v -0.016868 2.936226 4.449012
v -0.016419 2.935863 4.452023
v -0.015993 2.935643 4.454737
v -0.015592 2.935588 4.457148
v -0.020539 2.940041 4.429563
v -0.019845 2.939283 4.433885
v -0.019216 2.938544 4.437961
v -0.018625 2.937852 4.441806
v -0.018066 2.937239 4.445385
v -0.017539 2.936733 4.448656
v -0.017046 2.936355 4.451601
v -0.016593 2.936121 4.454219
v -0.016188 2.936050 4.456512
v -0.021460 2.940675 4.429530
v -0.020711 2.939890 4.433790
v -0.020014 2.939126 4.437843
v -0.019353 2.938414 4.441676
v -0.018728 2.937783 4.445233
v -0.018144 2.937262 4.448456
v -0.017607 2.936868 4.451314
v -0.017127 2.936614 4.453794
v -0.016717 2.936521 4.455904
v -0.022269 2.941318 4.429789
v -0.021477 2.940511 4.433948
v -0.020717 2.939730 4.437963
v -0.019990 2.939002 4.441768
v -0.019303 2.938356 4.445291
v -0.018663 2.937819 4.448464
v -0.018080 2.937404 4.451239
v -0.017562 2.937116 4.453584
v -0.017139 2.936968 4.455443
v -0.007883 2.939892 4.471782
v -0.009045 2.940365 4.471425
v -0.010229 2.940850 4.470836
v -0.011425 2.941341 4.470020
v -0.012623 2.941836 4.468984
v -0.013813 2.942328 4.467736
v -0.014984 2.942816 4.466288
v -0.016127 2.943294 4.464651
v -0.007505 2.938364 4.471745
v -0.008558 2.938900 4.471103
v -0.009636 2.939391 4.470524
v -0.010734 2.939864 4.469857
v -0.011845 2.940331 4.469041
v -0.012959 2.940798 4.468036
v -0.014066 2.941268 4.466827
v -0.015158 2.941738 4.465411
v -0.016224 2.942207 4.463782
v -0.008234 2.937382 4.471278
v -0.009212 2.937944 4.470363
v -0.010212 2.938442 4.469604
v -0.011231 2.938901 4.468861
v -0.012260 2.939344 4.468040
v -0.013291 2.939787 4.467063
v -0.014317 2.940236 4.465893
v -0.015330 2.940691 4.464510
v -0.016323 2.941153 4.462899
v -0.008935 2.936497 4.470508
v -0.009839 2.937056 4.469478
v -0.010768 2.937542 4.468625
v -0.011712 2.937984 4.467834
v -0.012665 2.938406 4.467009
v -0.013618 2.938829 4.466055
v -0.014566 2.939262 4.464921
v -0.015503 2.939706 4.463578
v -0.016425 2.940163 4.461992
v -0.009602 2.935716 4.469441
v -0.010438 2.936253 4.468399
v -0.011300 2.936715 4.467531
v -0.012177 2.937136 4.466733
v -0.013058 2.937541 4.465911
v -0.013937 2.937952 4.464983
v -0.014810 2.938375 4.463891
v -0.015674 2.938813 4.462593
v -0.016526 2.939265 4.461044
v -0.010228 2.935046 4.468087
v -0.011006 2.935550 4.467098
v -0.011811 2.935983 4.466270
v -0.012626 2.936383 4.465498
v -0.013441 2.936777 4.464703
v -0.014250 2.937182 4.463814
v -0.015050 2.937603 4.462775
v -0.015841 2.938040 4.461533
v -0.016623 2.938489 4.460038
v -0.010809 2.934492 4.466457
v -0.011541 2.934958 4.465564
v -0.012298 2.935362 4.464807
v -0.013060 2.935746 4.464085
v -0.013817 2.936134 4.463335
v -0.014562 2.936540 4.462500
v -0.015293 2.936967 4.461531
v -0.016009 2.937407 4.460377
v -0.016714 2.937851 4.458979
v -0.011339 2.934060 4.464567
v -0.012042 2.934485 4.463796
v -0.012762 2.934869 4.463117
v -0.013481 2.935246 4.462453
v -0.014190 2.935634 4.461758
v -0.014882 2.936048 4.460988
v -0.015551 2.936483 4.460114
v -0.016189 2.936928 4.459104
v -0.016802 2.937364 4.457887
v -0.011814 2.933752 4.462434
v -0.012505 2.934144 4.461785
v -0.013200 2.934521 4.461172
v -0.013890 2.934901 4.460563
v -0.014566 2.935297 4.459923
v -0.015221 2.935722 4.459227
v -0.015841 2.936170 4.458467
v -0.016408 2.936623 4.457651
v -0.016902 2.937044 4.456779
v -0.024052 2.946063 4.441617
v -0.024305 2.945556 4.439305
v -0.024421 2.945016 4.437203
v -0.024400 2.944446 4.435326
v -0.024241 2.943851 4.433688
v -0.023947 2.943235 4.432303
v -0.023517 2.942604 4.431183
v -0.022957 2.941962 4.430341
v -0.023160 2.946305 4.446680
v -0.023299 2.945671 4.444509
v -0.023430 2.945046 4.442453
v -0.023489 2.944415 4.440567
v -0.023451 2.943774 4.438874
v -0.023301 2.943122 4.437391
v -0.023032 2.942464 4.436134
v -0.022642 2.941806 4.435123
v -0.022127 2.941153 4.434377
v -0.022559 2.946038 4.449217
v -0.022547 2.945278 4.447334
v -0.022568 2.944542 4.445541
v -0.022568 2.943822 4.443876
v -0.022511 2.943111 4.442369
v -0.022368 2.942406 4.441036
v -0.022125 2.941710 4.439903
v -0.021774 2.941029 4.438991
v -0.021310 2.940369 4.438323
v -0.021865 2.945735 4.451714
v -0.021770 2.944874 4.450073
v -0.021719 2.944046 4.448517
v -0.021674 2.943246 4.447063
v -0.021599 2.942471 4.445733
v -0.021462 2.941720 4.444541
v -0.021244 2.940994 4.443517
v -0.020935 2.940297 4.442687
v -0.020523 2.939633 4.442080
v -0.021084 2.945396 4.454147
v -0.020954 2.944458 4.452712
v -0.020870 2.943554 4.451362
v -0.020800 2.942688 4.450094
v -0.020716 2.941861 4.448917
v -0.020590 2.941075 4.447844
v -0.020401 2.940332 4.446902
v -0.020136 2.939632 4.446131
v -0.019777 2.938974 4.445569
v -0.020223 2.945026 4.456496
v -0.020093 2.944027 4.455235
v -0.020007 2.943066 4.454057
v -0.019936 2.942149 4.452940
v -0.019859 2.941286 4.451882
v -0.019755 2.940484 4.450888
v -0.019603 2.939742 4.449995
v -0.019385 2.939054 4.449253
v -0.019080 2.938416 4.448717
v -0.019288 2.944627 4.458739
v -0.019187 2.943584 4.457625
v -0.019124 2.942581 4.456583
v -0.019074 2.941629 4.455577
v -0.019021 2.940745 4.454598
v -0.018952 2.939941 4.453645
v -0.018846 2.939217 4.452762
v -0.018683 2.938563 4.452010
v -0.018438 2.937965 4.451470
v -0.018288 2.944203 4.460859
v -0.018240 2.943132 4.459864
v -0.018218 2.942100 4.458918
v -0.018206 2.941126 4.457983
v -0.018193 2.940233 4.457047
v -0.018169 2.939437 4.456102
v -0.018120 2.938744 4.455191
v -0.018028 2.938146 4.454377
v -0.017859 2.937619 4.453784
v -0.017231 2.943757 4.462837
v -0.017253 2.942673 4.461929
v -0.017286 2.941625 4.461035
v -0.017325 2.940640 4.460133
v -0.017364 2.939744 4.459208
v -0.017396 2.938960 4.458245
v -0.017414 2.938300 4.457274
v -0.017407 2.937768 4.456344
v -0.017354 2.937354 4.455588
v -0.022210 2.956186 4.452377
v -0.006753 2.951451 4.471904
v -0.021841 2.955749 4.454180
v -0.021373 2.955316 4.455966
v -0.020810 2.954890 4.457722
v -0.020156 2.954476 4.459432
v -0.019417 2.954075 4.461082
v -0.018599 2.953693 4.462657
v -0.017710 2.953332 4.464146
v -0.016757 2.952996 4.465534
v -0.015747 2.952687 4.466809
v -0.014690 2.952407 4.467961
v -0.013595 2.952160 4.468980
v -0.012471 2.951947 4.469858
v -0.011327 2.951771 4.470586
v -0.010173 2.951632 4.471159
v -0.009020 2.951531 4.471572
v -0.007877 2.951471 4.471822
v -0.023667 2.946542 -4.448801
v -0.006753 2.939434 -4.476272
v -0.013138 2.936686 -4.440451
v -0.023164 2.946315 -4.451329
v -0.022562 2.946049 -4.453839
v -0.021868 2.945745 -4.456308
v -0.021087 2.945406 -4.458714
v -0.020225 2.945035 -4.461036
v -0.019289 2.944636 -4.463254
v -0.018289 2.944211 -4.465351
v -0.017232 2.943765 -4.467305
v -0.024063 2.946085 -4.446282
v -0.023293 2.945692 -4.449239
v -0.022558 2.945305 -4.452062
v -0.021801 2.944907 -4.454774
v -0.021001 2.944492 -4.457376
v -0.020145 2.944060 -4.459862
v -0.019236 2.943614 -4.462212
v -0.018277 2.943155 -4.464403
v -0.017274 2.942689 -4.466410
v -0.024323 2.945589 -4.443958
v -0.023395 2.945069 -4.447236
v -0.022548 2.944571 -4.450335
v -0.021730 2.944081 -4.453273
v -0.020910 2.943593 -4.456061
v -0.020062 2.943104 -4.458701
v -0.019178 2.942615 -4.461174
v -0.018261 2.942127 -4.463454
v -0.017313 2.941644 -4.465512
v -0.024445 2.945058 -4.441847
v -0.023432 2.944440 -4.445376
v -0.022515 2.943848 -4.448703
v -0.021654 2.943277 -4.451841
v -0.020817 2.942723 -4.454798
v -0.019975 2.942185 -4.457575
v -0.019117 2.941661 -4.460155
v -0.018242 2.941153 -4.462510
v -0.017350 2.940660 -4.464612
v -0.024429 2.944496 -4.439963
v -0.023383 2.943802 -4.443689
v -0.022436 2.943136 -4.447197
v -0.021554 2.942498 -4.450503
v -0.020709 2.941891 -4.453607
v -0.019877 2.941316 -4.456498
v -0.019049 2.940772 -4.459159
v -0.018220 2.940255 -4.461565
v -0.017385 2.939762 -4.463689
v -0.024276 2.943907 -4.438320
v -0.023234 2.943156 -4.442195
v -0.022290 2.942433 -4.445845
v -0.021409 2.941746 -4.449288
v -0.020571 2.941103 -4.452509
v -0.019761 2.940511 -4.455484
v -0.018969 2.939966 -4.458194
v -0.018189 2.939458 -4.460616
v -0.017414 2.938977 -4.462733
v -0.023984 2.943296 -4.436932
v -0.022979 2.942504 -4.440911
v -0.022062 2.941742 -4.444671
v -0.021201 2.941022 -4.448225
v -0.020385 2.940360 -4.451540
v -0.019607 2.939768 -4.454574
v -0.018860 2.939241 -4.457301
v -0.018138 2.938764 -4.459702
v -0.017431 2.938317 -4.461767
v -0.023557 2.942668 -4.435813
v -0.022616 2.941853 -4.439849
v -0.021741 2.941066 -4.443697
v -0.020914 2.940330 -4.447345
v -0.020132 2.939662 -4.450738
v -0.019394 2.939082 -4.453817
v -0.018699 2.938588 -4.456543
v -0.018046 2.938168 -4.458890
v -0.017425 2.937786 -4.460843
v -0.022998 2.942029 -4.434974
v -0.022138 2.941205 -4.439031
v -0.021314 2.940410 -4.442955
v -0.020531 2.939669 -4.446682
v -0.019791 2.939007 -4.450142
v -0.019098 2.938445 -4.453265
v -0.018458 2.937990 -4.455999
v -0.017879 2.937641 -4.458298
v -0.017374 2.937374 -4.460090
v -0.007515 2.938364 -4.476114
v -0.008254 2.937382 -4.475652
v -0.008963 2.936498 -4.474890
v -0.009636 2.935717 -4.473835
v -0.010268 2.935048 -4.472495
v -0.010853 2.934495 -4.470882
v -0.011387 2.934063 -4.469013
v -0.011864 2.933756 -4.466903
v -0.007883 2.939893 -4.476151
v -0.008581 2.938871 -4.475500
v -0.009249 2.937889 -4.474839
v -0.009889 2.936982 -4.474021
v -0.010498 2.936171 -4.472988
v -0.011073 2.935469 -4.471707
v -0.011609 2.934889 -4.470168
v -0.012104 2.934439 -4.468369
v -0.012554 2.934132 -4.466313
v -0.009045 2.940367 -4.475798
v -0.009659 2.939362 -4.474873
v -0.010250 2.938382 -4.474034
v -0.010818 2.937461 -4.473148
v -0.011360 2.936624 -4.472128
v -0.011875 2.935895 -4.470900
v -0.012361 2.935290 -4.469429
v -0.012817 2.934824 -4.467704
v -0.013242 2.934512 -4.465711
v -0.010229 2.940852 -4.475215
v -0.010753 2.939844 -4.474160
v -0.011261 2.938858 -4.473218
v -0.011753 2.937923 -4.472284
v -0.012225 2.937067 -4.471265
v -0.012677 2.936317 -4.470075
v -0.013110 2.935694 -4.468667
v -0.013526 2.935215 -4.467014
v -0.013925 2.934898 -4.465090
v -0.011425 2.941345 -4.474409
v -0.011856 2.940320 -4.473314
v -0.012280 2.939321 -4.472337
v -0.012692 2.938373 -4.471384
v -0.013092 2.937503 -4.470367
v -0.013478 2.936741 -4.469209
v -0.013854 2.936107 -4.467860
v -0.014225 2.935620 -4.466281
v -0.014597 2.935301 -4.464434
v -0.012623 2.941840 -4.473384
v -0.012963 2.940796 -4.472307
v -0.013303 2.939779 -4.471340
v -0.013636 2.938818 -4.470393
v -0.013960 2.937938 -4.469392
v -0.014276 2.937169 -4.468274
v -0.014589 2.936532 -4.466986
v -0.014910 2.936047 -4.465484
v -0.015248 2.935731 -4.463724
v -0.013813 2.942334 -4.472150
v -0.014066 2.941270 -4.471122
v -0.014324 2.940238 -4.470188
v -0.014578 2.939263 -4.469264
v -0.014826 2.938376 -4.468290
v -0.015069 2.937605 -4.467216
v -0.015314 2.936971 -4.465999
v -0.015573 2.936491 -4.464596
v -0.015864 2.936182 -4.462959
v -0.014985 2.942822 -4.470718
v -0.015159 2.941744 -4.469755
v -0.015338 2.940699 -4.468854
v -0.015515 2.939715 -4.467953
v -0.015688 2.938822 -4.467008
v -0.015856 2.938049 -4.465980
v -0.016027 2.937418 -4.464846
v -0.016208 2.936941 -4.463586
v -0.016429 2.936638 -4.462143
v -0.016128 2.943300 -4.469100
v -0.016232 2.942217 -4.468192
v -0.016337 2.941165 -4.467309
v -0.016441 2.940176 -4.466417
v -0.016542 2.939278 -4.465491
v -0.016638 2.938503 -4.464502
v -0.016731 2.937866 -4.463457
v -0.016820 2.937379 -4.462375
v -0.016922 2.937061 -4.461275
v -0.014552 2.937182 -4.438738
v -0.015912 2.937713 -4.437282
v -0.017205 2.938276 -4.436092
v -0.018420 2.938866 -4.435181
v -0.019548 2.939476 -4.434555
v -0.020577 2.940104 -4.434219
v -0.021501 2.940742 -4.434176
v -0.022310 2.941385 -4.434427
v -0.013281 2.935882 -4.443763
v -0.014471 2.936491 -4.442356
v -0.015671 2.937051 -4.441092
v -0.016840 2.937603 -4.440037
v -0.017953 2.938161 -4.439217
v -0.018990 2.938736 -4.438646
v -0.019940 2.939330 -4.438334
v -0.020789 2.939939 -4.438287
v -0.021526 2.940564 -4.438518
v -0.013353 2.935187 -4.447046
v -0.014375 2.935837 -4.445877
v -0.015428 2.936412 -4.444817
v -0.016476 2.936951 -4.443909
v -0.017488 2.937480 -4.443186
v -0.018438 2.938021 -4.442669
v -0.019309 2.938583 -4.442374
v -0.020087 2.939167 -4.442317
v -0.020759 2.939773 -4.442513
v -0.013351 2.934608 -4.450271
v -0.014246 2.935256 -4.449282
v -0.015179 2.935822 -4.448395
v -0.016118 2.936340 -4.447627
v -0.017035 2.936842 -4.446998
v -0.017902 2.937355 -4.446529
v -0.018699 2.937889 -4.446242
v -0.019412 2.938449 -4.446161
v -0.020026 2.939039 -4.446311
v -0.013277 2.934150 -4.453407
v -0.014076 2.934769 -4.452556
v -0.014916 2.935305 -4.451805
v -0.015765 2.935797 -4.451151
v -0.016597 2.936274 -4.450598
v -0.017388 2.936763 -4.450159
v -0.018119 2.937275 -4.449861
v -0.018773 2.937815 -4.449740
v -0.019334 2.938389 -4.449831
v -0.013131 2.933817 -4.456425
v -0.013863 2.934391 -4.455678
v -0.014632 2.934886 -4.455031
v -0.015410 2.935347 -4.454454
v -0.016174 2.935801 -4.453940
v -0.016902 2.936271 -4.453497
v -0.017576 2.936766 -4.453159
v -0.018178 2.937291 -4.452976
v -0.018690 2.937848 -4.452999
v -0.012916 2.933610 -4.459299
v -0.013604 2.934130 -4.458631
v -0.014326 2.934582 -4.458051
v -0.015053 2.935012 -4.457513
v -0.015764 2.935445 -4.457003
v -0.016445 2.935901 -4.456523
v -0.017075 2.936384 -4.456113
v -0.017635 2.936894 -4.455833
v -0.018104 2.937429 -4.455764
v -0.012632 2.933529 -4.462016
v -0.013302 2.933990 -4.461405
v -0.013996 2.934405 -4.460855
v -0.014688 2.934811 -4.460319
v -0.015366 2.935228 -4.459783
v -0.016016 2.935673 -4.459240
v -0.016619 2.936144 -4.458728
v -0.017151 2.936635 -4.458306
v -0.017585 2.937138 -4.458098
v -0.012280 2.933577 -4.464565
v -0.012954 2.933984 -4.463985
v -0.013636 2.934374 -4.463425
v -0.014314 2.934764 -4.462859
v -0.014978 2.935172 -4.462271
v -0.015617 2.935607 -4.461648
v -0.016212 2.936068 -4.461013
v -0.016740 2.936539 -4.460406
v -0.017161 2.936987 -4.459947
v -0.006753 2.951451 -4.476272
v -0.022209 2.956201 -4.456983
v -0.007877 2.951471 -4.476189
v -0.009020 2.951532 -4.475942
v -0.010173 2.951632 -4.475534
v -0.011327 2.951772 -4.474968
v -0.012471 2.951949 -4.474248
v -0.013595 2.952163 -4.473382
v -0.014690 2.952411 -4.472375
v -0.015747 2.952691 -4.471237
v -0.016756 2.953001 -4.469977
v -0.017710 2.953339 -4.468606
v -0.018599 2.953701 -4.467136
v -0.019416 2.954084 -4.465580
v -0.020155 2.954485 -4.463951
v -0.020809 2.954901 -4.462261
v -0.021372 2.955328 -4.460527
v -0.021840 2.955763 -4.458762
v 0.023663 2.946532 4.444123
v 0.006754 2.939434 4.471904
v 0.013131 2.936669 4.435689
v 0.023160 2.946305 4.446680
v 0.022559 2.946039 4.449217
v 0.021865 2.945735 4.451714
v 0.021084 2.945396 4.454147
v 0.020223 2.945026 4.456496
v 0.019288 2.944627 4.458739
v 0.018288 2.944203 4.460859
v 0.017231 2.943757 4.462837
v 0.024052 2.946063 4.441617
v 0.023283 2.945673 4.444600
v 0.022550 2.945288 4.447448
v 0.021795 2.944891 4.450185
v 0.020995 2.944478 4.452812
v 0.020140 2.944047 4.455322
v 0.019231 2.943602 4.457695
v 0.018273 2.943145 4.459909
v 0.017270 2.942680 4.461936
v 0.024305 2.945556 4.439305
v 0.023380 2.945041 4.442605
v 0.022535 2.944546 4.445726
v 0.021720 2.944059 4.448689
v 0.020901 2.943574 4.451500
v 0.020054 2.943088 4.454163
v 0.019171 2.942600 4.456657
v 0.018254 2.942115 4.458959
v 0.017307 2.941634 4.461035
v 0.024421 2.945016 4.437203
v 0.023412 2.944404 4.440752
v 0.022498 2.943817 4.444099
v 0.021639 2.943250 4.447259
v 0.020804 2.942700 4.450238
v 0.019964 2.942165 4.453038
v 0.019107 2.941644 4.455638
v 0.018234 2.941138 4.458012
v 0.017342 2.940648 4.460131
v 0.024400 2.944446 4.435327
v 0.023358 2.943760 4.439070
v 0.022415 2.943099 4.442599
v 0.021536 2.942466 4.445925
v 0.020693 2.941864 4.449049
v 0.019864 2.941293 4.451961
v 0.019037 2.940753 4.454641
v 0.018209 2.940239 4.457065
v 0.017374 2.939749 4.459206
v 0.024242 2.943851 4.433688
v 0.023205 2.943108 4.437581
v 0.022265 2.942391 4.441249
v 0.021387 2.941710 4.444712
v 0.020552 2.941072 4.447952
v 0.019745 2.940485 4.450947
v 0.018955 2.939944 4.453673
v 0.018176 2.939440 4.456112
v 0.017401 2.938962 4.458244
v 0.023947 2.943235 4.432303
v 0.022947 2.942451 4.436298
v 0.022034 2.941696 4.440077
v 0.021177 2.940983 4.443650
v 0.020364 2.940327 4.446983
v 0.019588 2.939740 4.450035
v 0.018843 2.939217 4.452779
v 0.018122 2.938745 4.455196
v 0.017416 2.938301 4.457273
v 0.023517 2.942604 4.431183
v 0.022581 2.941796 4.435237
v 0.021710 2.941018 4.439104
v 0.020887 2.940288 4.442770
v 0.020108 2.939626 4.446180
v 0.019372 2.939052 4.449276
v 0.018679 2.938563 4.452020
v 0.018028 2.938146 4.454380
v 0.017407 2.937768 4.456344
v 0.022957 2.941962 4.430341
v 0.022101 2.941146 4.434416
v 0.021282 2.940360 4.438360
v 0.020502 2.939626 4.442106
v 0.019764 2.938970 4.445583
v 0.019074 2.938414 4.448724
v 0.018436 2.937964 4.451472
v 0.017858 2.937619 4.453784
v 0.017354 2.937354 4.455588
v 0.007505 2.938364 4.471745
v 0.008234 2.937382 4.471279
v 0.008935 2.936497 4.470508
v 0.009602 2.935716 4.469441
v 0.010228 2.935046 4.468087
v 0.010809 2.934492 4.466457
v 0.011339 2.934060 4.464567
v 0.011814 2.933752 4.462434
v 0.007883 2.939892 4.471782
v 0.008572 2.938870 4.471124
v 0.009233 2.937887 4.470456
v 0.009866 2.936981 4.469628
v 0.010468 2.936169 4.468585
v 0.011037 2.935467 4.467290
v 0.011570 2.934886 4.465736
v 0.012062 2.934435 4.463920
v 0.012510 2.934126 4.461843
v 0.009045 2.940365 4.471425
v 0.009652 2.939360 4.470490
v 0.010237 2.938380 4.469641
v 0.010798 2.937459 4.468748
v 0.011335 2.936621 4.467716
v 0.011845 2.935891 4.466475
v 0.012327 2.935285 4.464991
v 0.012780 2.934818 4.463248
v 0.013203 2.934505 4.461236
v 0.010229 2.940850 4.470836
v 0.010747 2.939841 4.469769
v 0.011250 2.938855 4.468816
v 0.011736 2.937920 4.467874
v 0.012204 2.937063 4.466845
v 0.012652 2.936313 4.465643
v 0.013081 2.935688 4.464222
v 0.013494 2.935208 4.462554
v 0.013891 2.934890 4.460613
v 0.011425 2.941341 4.470020
v 0.011851 2.940317 4.468915
v 0.012270 2.939317 4.467928
v 0.012679 2.938368 4.466964
v 0.013074 2.937498 4.465938
v 0.013456 2.936735 4.464770
v 0.013829 2.936100 4.463409
v 0.014197 2.935612 4.461816
v 0.014567 2.935291 4.459954
v 0.012623 2.941836 4.468984
v 0.012959 2.940791 4.467896
v 0.013295 2.939775 4.466919
v 0.013624 2.938812 4.465963
v 0.013945 2.937932 4.464954
v 0.014257 2.937162 4.463827
v 0.014568 2.936524 4.462528
v 0.014886 2.936037 4.461014
v 0.015221 2.935719 4.459241
v 0.013813 2.942329 4.467736
v 0.014063 2.941265 4.466699
v 0.014318 2.940232 4.465757
v 0.014568 2.939257 4.464824
v 0.014813 2.938369 4.463843
v 0.015053 2.937597 4.462761
v 0.015295 2.936961 4.461535
v 0.015552 2.936479 4.460122
v 0.015841 2.936168 4.458472
v 0.014984 2.942816 4.466288
v 0.015155 2.941738 4.465317
v 0.015332 2.940692 4.464411
v 0.015506 2.939707 4.463502
v 0.015676 2.938813 4.462550
v 0.015842 2.938039 4.461514
v 0.016010 2.937406 4.460372
v 0.016189 2.936928 4.459105
v 0.016408 2.936623 4.457653
v 0.016127 2.943293 4.464651
v 0.016228 2.942209 4.463739
v 0.016332 2.941157 4.462849
v 0.016433 2.940166 4.461953
v 0.016531 2.939268 4.461020
v 0.016625 2.938490 4.460026
v 0.016715 2.937852 4.458975
v 0.016802 2.937363 4.457886
v 0.016902 2.937044 4.456779
v 0.014538 2.937154 4.433999
v 0.015891 2.937676 4.432562
v 0.017178 2.938231 4.431393
v 0.018389 2.938812 4.430498
v 0.019512 2.939418 4.429885
v 0.020539 2.940041 4.429562
v 0.021460 2.940675 4.429531
v 0.022269 2.941318 4.429789
v 0.013265 2.935867 4.439039
v 0.014451 2.936466 4.437650
v 0.015647 2.937019 4.436401
v 0.016811 2.937563 4.435364
v 0.017921 2.938115 4.434560
v 0.018956 2.938684 4.434002
v 0.019904 2.939274 4.433700
v 0.020752 2.939881 4.433661
v 0.021489 2.940505 4.433899
v 0.013328 2.935174 4.442357
v 0.014348 2.935816 4.441203
v 0.015400 2.936384 4.440156
v 0.016446 2.936916 4.439263
v 0.017456 2.937440 4.438553
v 0.018404 2.937977 4.438046
v 0.019275 2.938535 4.437761
v 0.020053 2.939116 4.437711
v 0.020725 2.939722 4.437913
v 0.013319 2.934597 4.445617
v 0.014214 2.935238 4.444640
v 0.015148 2.935798 4.443764
v 0.016087 2.936311 4.443008
v 0.017003 2.936808 4.442389
v 0.017870 2.937317 4.441929
v 0.018667 2.937848 4.441651
v 0.019380 2.938406 4.441577
v 0.019995 2.938995 4.441730
v 0.013239 2.934140 4.448788
v 0.014040 2.934754 4.447945
v 0.014881 2.935285 4.447204
v 0.015732 2.935772 4.446558
v 0.016565 2.936245 4.446013
v 0.017357 2.936731 4.445581
v 0.018089 2.937241 4.445290
v 0.018744 2.937779 4.445175
v 0.019306 2.938352 4.445270
v 0.013088 2.933808 4.451838
v 0.013823 2.934378 4.451098
v 0.014596 2.934870 4.450457
v 0.015376 2.935327 4.449887
v 0.016141 2.935777 4.449379
v 0.016871 2.936244 4.448942
v 0.017547 2.936738 4.448608
v 0.018151 2.937261 4.448429
v 0.018665 2.937817 4.448454
v 0.012869 2.933602 4.454745
v 0.013562 2.934119 4.454081
v 0.014288 2.934568 4.453505
v 0.015017 2.934995 4.452971
v 0.015732 2.935426 4.452466
v 0.016415 2.935879 4.451989
v 0.017047 2.936360 4.451580
v 0.017609 2.936869 4.451303
v 0.018080 2.937403 4.451235
v 0.012582 2.933523 4.457494
v 0.013258 2.933981 4.456883
v 0.013956 2.934393 4.456335
v 0.014653 2.934797 4.455801
v 0.015334 2.935212 4.455266
v 0.015987 2.935655 4.454724
v 0.016592 2.936124 4.454213
v 0.017127 2.936614 4.453792
v 0.017562 2.937116 4.453583
v 0.012230 2.933572 4.460069
v 0.012909 2.933976 4.459489
v 0.013596 2.934364 4.458928
v 0.014278 2.934753 4.458362
v 0.014946 2.935158 4.457773
v 0.015589 2.935593 4.457149
v 0.016187 2.936051 4.456512
v 0.016717 2.936521 4.455904
v 0.017139 2.936968 4.455443
v 0.006754 2.951451 4.471904
v 0.022210 2.956186 4.452377
v 0.007877 2.951471 4.471822
v 0.009020 2.951531 4.471572
v 0.010174 2.951632 4.471159
v 0.011327 2.951771 4.470586
v 0.012471 2.951947 4.469858
v 0.013595 2.952160 4.468980
v 0.014690 2.952407 4.467961
v 0.015747 2.952687 4.466808
v 0.016757 2.952996 4.465534
v 0.017710 2.953332 4.464146
v 0.018599 2.953693 4.462657
v 0.019417 2.954075 4.461082
v 0.020156 2.954476 4.459432
v 0.020810 2.954890 4.457722
v 0.021373 2.955316 4.455966
v 0.021841 2.955749 4.454180
v 0.013138 2.936686 -4.440451
v 0.006754 2.939434 -4.476272
v 0.023667 2.946542 -4.448801
v 0.013281 2.935882 -4.443763
v 0.013353 2.935187 -4.447046
v 0.013351 2.934608 -4.450270
v 0.013277 2.934150 -4.453407
v 0.013131 2.933817 -4.456425
v 0.012916 2.933610 -4.459299
v 0.012632 2.933529 -4.462016
v 0.012280 2.933577 -4.464565
v 0.014552 2.937182 -4.438738
v 0.014469 2.936461 -4.442468
v 0.014388 2.935777 -4.446016
v 0.014275 2.935175 -4.449420
v 0.014118 2.934678 -4.452681
v 0.013909 2.934300 -4.455788
v 0.013648 2.934050 -4.458721
v 0.013334 2.933934 -4.461464
v 0.012968 2.933962 -4.463995
v 0.015912 2.937713 -4.437282
v 0.015649 2.937027 -4.441278
v 0.015420 2.936353 -4.445041
v 0.015195 2.935736 -4.448604
v 0.014953 2.935205 -4.451976
v 0.014680 2.934787 -4.455163
v 0.014372 2.934497 -4.458146
v 0.014029 2.934348 -4.460907
v 0.013651 2.934352 -4.463425
v 0.017205 2.938276 -4.436092
v 0.016797 2.937590 -4.440261
v 0.016440 2.936913 -4.444177
v 0.016108 2.936279 -4.447861
v 0.015781 2.935722 -4.451326
v 0.015441 2.935271 -4.454574
v 0.015085 2.934948 -4.457590
v 0.014713 2.934768 -4.460356
v 0.014325 2.934748 -4.462855
v 0.018420 2.938866 -4.435181
v 0.017895 2.938160 -4.439451
v 0.017430 2.937465 -4.443458
v 0.017001 2.936812 -4.447226
v 0.016590 2.936233 -4.450755
v 0.016184 2.935758 -4.454037
v 0.015780 2.935409 -4.457057
v 0.015380 2.935203 -4.459805
v 0.014985 2.935162 -4.462268
v 0.019548 2.939476 -4.434555
v 0.018926 2.938742 -4.438867
v 0.018372 2.938022 -4.442918
v 0.017856 2.937347 -4.446729
v 0.017368 2.936747 -4.450287
v 0.016899 2.936252 -4.453568
v 0.016449 2.935884 -4.456558
v 0.016022 2.935661 -4.459253
v 0.015620 2.935603 -4.461647
v 0.020577 2.940104 -4.434220
v 0.019881 2.939338 -4.438521
v 0.019249 2.938591 -4.442575
v 0.018657 2.937892 -4.446398
v 0.018097 2.937273 -4.449956
v 0.017568 2.936762 -4.453208
v 0.017074 2.936378 -4.456133
v 0.016620 2.936140 -4.458734
v 0.016213 2.936066 -4.461012
v 0.021501 2.940742 -4.434177
v 0.020748 2.939947 -4.438417
v 0.020048 2.939176 -4.442450
v 0.019384 2.938456 -4.446262
v 0.018757 2.937819 -4.449800
v 0.018171 2.937292 -4.453004
v 0.017633 2.936893 -4.455844
v 0.017151 2.936635 -4.458310
v 0.016741 2.936538 -4.460406
v 0.022310 2.941385 -4.434428
v 0.021515 2.940570 -4.438567
v 0.020750 2.939781 -4.442564
v 0.020020 2.939046 -4.446349
v 0.019331 2.938393 -4.449854
v 0.018689 2.937850 -4.453010
v 0.018104 2.937430 -4.455768
v 0.017585 2.937138 -4.458099
v 0.017161 2.936987 -4.459947
v 0.007883 2.939893 -4.476151
v 0.009045 2.940367 -4.475798
v 0.010229 2.940852 -4.475215
v 0.011425 2.941345 -4.474409
v 0.012623 2.941840 -4.473384
v 0.013813 2.942334 -4.472150
v 0.014985 2.942822 -4.470718
v 0.016128 2.943300 -4.469100
v 0.007515 2.938364 -4.476114
v 0.008566 2.938901 -4.475478
v 0.009642 2.939393 -4.474906
v 0.010740 2.939867 -4.474247
v 0.011850 2.940334 -4.473440
v 0.012963 2.940803 -4.472445
v 0.014070 2.941273 -4.471250
v 0.015161 2.941745 -4.469848
v 0.016227 2.942214 -4.468236
v 0.008254 2.937382 -4.475652
v 0.009228 2.937946 -4.474748
v 0.010225 2.938444 -4.473996
v 0.011242 2.938904 -4.473260
v 0.012269 2.939348 -4.472448
v 0.013299 2.939792 -4.471482
v 0.014324 2.940242 -4.470323
v 0.015337 2.940699 -4.468954
v 0.016329 2.941162 -4.467357
v 0.008963 2.936498 -4.474890
v 0.009862 2.937057 -4.473871
v 0.010787 2.937544 -4.473027
v 0.011728 2.937987 -4.472245
v 0.012678 2.938410 -4.471427
v 0.013629 2.938835 -4.470483
v 0.014576 2.939269 -4.469360
v 0.015512 2.939714 -4.468028
v 0.016433 2.940172 -4.466456
v 0.009636 2.935717 -4.473835
v 0.010467 2.936255 -4.472804
v 0.011325 2.936718 -4.471945
v 0.012198 2.937140 -4.471155
v 0.013076 2.937546 -4.470342
v 0.013953 2.937958 -4.469422
v 0.014823 2.938383 -4.468338
v 0.015685 2.938822 -4.467050
v 0.016537 2.939276 -4.465514
v 0.010268 2.935048 -4.472495
v 0.011040 2.935553 -4.471517
v 0.011840 2.935987 -4.470697
v 0.012651 2.936388 -4.469932
v 0.013462 2.936782 -4.469144
v 0.014268 2.937189 -4.468263
v 0.015066 2.937612 -4.467230
v 0.015855 2.938050 -4.465998
v 0.016636 2.938502 -4.464513
v 0.010854 2.934495 -4.470883
v 0.011580 2.934962 -4.469999
v 0.012332 2.935367 -4.469248
v 0.013089 2.935752 -4.468532
v 0.013841 2.936141 -4.467788
v 0.014583 2.936549 -4.466959
v 0.015311 2.936976 -4.465995
v 0.016026 2.937418 -4.464850
v 0.016730 2.937865 -4.463461
v 0.011387 2.934063 -4.469013
v 0.012084 2.934490 -4.468248
v 0.012799 2.934875 -4.467574
v 0.013513 2.935252 -4.466915
v 0.014218 2.935642 -4.466223
v 0.014906 2.936057 -4.465458
v 0.015572 2.936494 -4.464589
v 0.016208 2.936941 -4.463586
v 0.016820 2.937379 -4.462375
v 0.011864 2.933756 -4.466903
v 0.012549 2.934149 -4.466258
v 0.013239 2.934529 -4.465647
v 0.013924 2.934910 -4.465040
v 0.014596 2.935308 -4.464404
v 0.015247 2.935734 -4.463710
v 0.015864 2.936183 -4.462953
v 0.016429 2.936639 -4.462142
v 0.016922 2.937061 -4.461275
v 0.024063 2.946085 -4.446282
v 0.024323 2.945589 -4.443958
v 0.024445 2.945058 -4.441847
v 0.024429 2.944496 -4.439963
v 0.024276 2.943907 -4.438320
v 0.023984 2.943296 -4.436933
v 0.023557 2.942668 -4.435813
v 0.022998 2.942029 -4.434974
v 0.023164 2.946315 -4.451329
v 0.023309 2.945691 -4.449149
v 0.023446 2.945075 -4.447083
v 0.023510 2.944452 -4.445189
v 0.023477 2.943817 -4.443491
v 0.023331 2.943171 -4.442004
v 0.023065 2.942518 -4.440746
v 0.022677 2.941863 -4.439735
v 0.022164 2.941212 -4.438991
v 0.022562 2.946049 -4.453839
v 0.022555 2.945295 -4.451948
v 0.022581 2.944568 -4.450147
v 0.022586 2.943854 -4.448477
v 0.022533 2.943149 -4.446965
v 0.022394 2.942449 -4.445630
v 0.022154 2.941757 -4.444496
v 0.021805 2.941079 -4.443584
v 0.021343 2.940419 -4.442919
v 0.021868 2.945745 -4.456308
v 0.021777 2.944890 -4.454661
v 0.021730 2.944067 -4.453101
v 0.021689 2.943273 -4.451643
v 0.021618 2.942503 -4.450308
v 0.021484 2.941757 -4.449116
v 0.021270 2.941034 -4.448090
v 0.020963 2.940340 -4.447261
v 0.020553 2.939677 -4.446657
v 0.021087 2.945406 -4.458714
v 0.020960 2.944472 -4.457276
v 0.020879 2.943573 -4.455922
v 0.020813 2.942711 -4.454652
v 0.020732 2.941888 -4.453474
v 0.020609 2.941106 -4.452399
v 0.020423 2.940366 -4.451458
v 0.020160 2.939668 -4.450688
v 0.019804 2.939012 -4.450128
v 0.020225 2.945035 -4.461036
v 0.020098 2.944040 -4.459774
v 0.020015 2.943082 -4.458595
v 0.019947 2.942169 -4.457477
v 0.019873 2.941309 -4.456419
v 0.019772 2.940510 -4.455425
v 0.019622 2.939770 -4.454533
v 0.019406 2.939085 -4.453793
v 0.019104 2.938447 -4.453258
v 0.019290 2.944636 -4.463254
v 0.019192 2.943595 -4.462141
v 0.019131 2.942595 -4.461099
v 0.019083 2.941646 -4.460094
v 0.019034 2.940764 -4.459116
v 0.018966 2.939963 -4.458165
v 0.018863 2.939241 -4.457283
v 0.018703 2.938589 -4.456534
v 0.018460 2.937991 -4.455996
v 0.018289 2.944211 -4.465350
v 0.018244 2.943142 -4.464358
v 0.018224 2.942112 -4.463414
v 0.018214 2.941141 -4.462481
v 0.018204 2.940249 -4.461546
v 0.018183 2.939455 -4.460606
v 0.018136 2.938764 -4.459697
v 0.018046 2.938168 -4.458888
v 0.017879 2.937641 -4.458297
v 0.017232 2.943765 -4.467305
v 0.017256 2.942682 -4.466402
v 0.017291 2.941636 -4.465512
v 0.017333 2.940652 -4.464614
v 0.017374 2.939758 -4.463692
v 0.017409 2.938975 -4.462734
v 0.017429 2.938317 -4.461767
v 0.017425 2.937786 -4.460843
v 0.017374 2.937374 -4.460090
v 0.022209 2.956201 -4.456983
v 0.006754 2.951451 -4.476272
v 0.021840 2.955763 -4.458762
v 0.021372 2.955328 -4.460526
v 0.020809 2.954901 -4.462261
v 0.020155 2.954485 -4.463950
v 0.019416 2.954084 -4.465580
v 0.018599 2.953701 -4.467136
v 0.017710 2.953339 -4.468606
v 0.016756 2.953001 -4.469977
v 0.015747 2.952691 -4.471237
v 0.014690 2.952411 -4.472375
v 0.013595 2.952163 -4.473382
v 0.012471 2.951949 -4.474248
v 0.011327 2.951772 -4.474968
v 0.010174 2.951632 -4.475534
v 0.009020 2.951532 -4.475942
v 0.007877 2.951471 -4.476189
v -0.495173 3.489072 0.010678
v -0.507191 3.501090 0.010678
v -0.496282 3.489123 0.010678
v -0.497381 3.489277 0.010678
v -0.498462 3.489531 0.010678
v -0.499514 3.489884 0.010678
v -0.500530 3.490332 0.010678
v -0.501500 3.490872 0.010678
v -0.502415 3.491499 0.010678
v -0.503269 3.492208 0.010678
v -0.504054 3.492993 0.010678
v -0.504763 3.493847 0.010678
v -0.505391 3.494763 0.010678
v -0.505931 3.495733 0.010678
v -0.506379 3.496748 0.010678
v -0.506732 3.497801 0.010678
v -0.506986 3.498881 0.010678
v -0.507139 3.499981 0.010678
v -0.495173 4.503453 0.010678
v -0.507191 4.491436 0.010678
v -0.496282 4.503402 0.010678
v -0.497381 4.503249 0.010678
v -0.498462 4.502995 0.010678
v -0.499514 4.502642 0.010678
v -0.500530 4.502193 0.010678
v -0.501500 4.501654 0.010678
v -0.502415 4.501026 0.010678
v -0.503269 4.500317 0.010678
v -0.504054 4.499532 0.010678
v -0.504763 4.498678 0.010678
v -0.505391 4.497762 0.010678
v -0.505931 4.496793 0.010678
v -0.506379 4.495777 0.010678
v -0.506732 4.494725 0.010678
v -0.506986 4.493644 0.010678
v -0.507139 4.492545 0.010678
v 0.495173 3.489072 0.010678
v 0.507191 3.501090 0.010678
v 0.496282 3.489123 0.010678
v 0.497381 3.489277 0.010678
v 0.498462 3.489531 0.010678
v 0.499514 3.489884 0.010678
v 0.500530 3.490332 0.010678
v 0.501500 3.490872 0.010678
v 0.502415 3.491499 0.010678
v 0.503269 3.492208 0.010678
v 0.504054 3.492993 0.010678
v 0.504763 3.493847 0.010678
v 0.505391 3.494763 0.010678
v 0.505931 3.495733 0.010678
v 0.506379 3.496748 0.010678
v 0.506732 3.497801 0.010678
v 0.506986 3.498881 0.010678
v 0.507139 3.499981 0.010678
v 0.495173 4.503453 0.010678
v 0.507191 4.491436 0.010678
v 0.496282 4.503402 0.010678
v 0.497381 4.503249 0.010678
v 0.498462 4.502995 0.010678
v 0.499514 4.502642 0.010678
v 0.500530 4.502193 0.010678
v 0.501500 4.501654 0.010678
v 0.502415 4.501026 0.010678
v 0.503269 4.500317 0.010678
v 0.504054 4.499532 0.010678
v 0.504763 4.498678 0.010678
v 0.505391 4.497762 0.010678
v 0.505931 4.496793 0.010678
v 0.506379 4.495777 0.010678
v 0.506732 4.494725 0.010678
v 0.506986 4.493644 0.010678
v 0.507139 4.492545 0.010678
v -0.495173 3.489072 1.596052
v -0.487002 3.482152 1.744682
v -0.499041 3.494188 1.744557
v -0.507191 3.501090 1.596052
v -0.494711 3.489042 1.605682
v -0.494224 3.488953 1.615625
v -0.493717 3.488806 1.625797
v -0.493194 3.488603 1.636111
v -0.492660 3.488345 1.646480
v -0.492119 3.488034 1.656815
v -0.491576 3.487673 1.667029
v -0.491035 3.487266 1.677033
v -0.496282 3.489125 1.596052
v -0.495823 3.489164 1.606031
v -0.495361 3.489117 1.616111
v -0.494888 3.488997 1.626314
v -0.494402 3.488813 1.636592
v -0.493903 3.488570 1.646879
v -0.493392 3.488272 1.657094
v -0.492872 3.487921 1.667150
v -0.492348 3.487519 1.676951
v -0.497381 3.489279 1.596052
v -0.496934 3.489341 1.606272
v -0.496494 3.489315 1.616509
v -0.496052 3.489211 1.626771
v -0.495601 3.489040 1.637030
v -0.495134 3.488809 1.647247
v -0.494651 3.488522 1.657354
v -0.494154 3.488180 1.667267
v -0.493645 3.487785 1.676899
v -0.498461 3.489534 1.596052
v -0.498031 3.489595 1.606428
v -0.497615 3.489570 1.616790
v -0.497202 3.489470 1.627117
v -0.496781 3.489304 1.637383
v -0.496343 3.489079 1.647560
v -0.495886 3.488799 1.657587
v -0.495409 3.488464 1.667392
v -0.494912 3.488075 1.676898
v -0.499513 3.489887 1.596052
v -0.499103 3.489930 1.606528
v -0.498713 3.489892 1.616974
v -0.498326 3.489785 1.627359
v -0.497931 3.489617 1.637648
v -0.497519 3.489394 1.647807
v -0.497084 3.489117 1.657782
v -0.496624 3.488785 1.667512
v -0.496137 3.488400 1.676934
v -0.500528 3.490335 1.596052
v -0.500140 3.490349 1.606591
v -0.499775 3.490288 1.617093
v -0.499412 3.490166 1.627519
v -0.499039 3.489990 1.637829
v -0.498648 3.489763 1.647982
v -0.498232 3.489485 1.657928
v -0.497786 3.489154 1.667615
v -0.497307 3.488770 1.676987
v -0.501498 3.490875 1.596052
v -0.501133 3.490848 1.606628
v -0.500790 3.490758 1.617164
v -0.500446 3.490617 1.627616
v -0.500092 3.490430 1.637940
v -0.499717 3.490195 1.648092
v -0.499316 3.489912 1.658026
v -0.498882 3.489578 1.667693
v -0.498408 3.489193 1.677044
v -0.502414 3.491501 1.596052
v -0.502071 3.491426 1.606646
v -0.501745 3.491303 1.617199
v -0.501415 3.491141 1.627664
v -0.501073 3.490938 1.637997
v -0.500711 3.490693 1.648152
v -0.500322 3.490402 1.658084
v -0.499897 3.490064 1.667747
v -0.499428 3.489675 1.677094
v -0.503269 3.492209 1.596052
v -0.502946 3.492081 1.606652
v -0.502627 3.491926 1.617210
v -0.502304 3.491740 1.627680
v -0.501969 3.491520 1.638017
v -0.501615 3.491261 1.648175
v -0.501235 3.490961 1.658109
v -0.500817 3.490616 1.667774
v -0.500351 3.490224 1.677124
v -0.487934 3.482056 1.745682
v -0.488875 3.482077 1.746575
v -0.489818 3.482215 1.747353
v -0.490754 3.482470 1.748012
v -0.491675 3.482838 1.748544
v -0.492574 3.483318 1.748946
v -0.493443 3.483904 1.749214
v -0.494275 3.484593 1.749346
v -0.487328 3.482790 1.739959
v -0.488377 3.482806 1.739777
v -0.489402 3.482881 1.740013
v -0.490411 3.483045 1.740402
v -0.491399 3.483305 1.740829
v -0.492363 3.483666 1.741217
v -0.493295 3.484128 1.741530
v -0.494185 3.484690 1.741749
v -0.495024 3.485351 1.741857
v -0.487693 3.483422 1.734407
v -0.488827 3.483521 1.733595
v -0.489929 3.483656 1.733324
v -0.491000 3.483852 1.733372
v -0.492040 3.484123 1.733585
v -0.493046 3.484479 1.733836
v -0.494009 3.484926 1.734063
v -0.494921 3.485465 1.734237
v -0.495770 3.486098 1.734327
v -0.488094 3.484044 1.728072
v -0.489292 3.484198 1.726957
v -0.490457 3.484383 1.726390
v -0.491585 3.484612 1.726198
v -0.492674 3.484900 1.726235
v -0.493719 3.485258 1.726365
v -0.494714 3.485694 1.726515
v -0.495648 3.486212 1.726648
v -0.496511 3.486818 1.726725
v -0.488527 3.484650 1.721008
v -0.489774 3.484842 1.719815
v -0.490988 3.485063 1.719130
v -0.492164 3.485320 1.718807
v -0.493296 3.485625 1.718720
v -0.494379 3.485988 1.718755
v -0.495403 3.486417 1.718844
v -0.496359 3.486920 1.718944
v -0.497237 3.487503 1.719010
v -0.488988 3.485235 1.713275
v -0.490271 3.485452 1.712156
v -0.491523 3.485698 1.711486
v -0.492737 3.485976 1.711127
v -0.493906 3.486294 1.710979
v -0.495020 3.486661 1.710958
v -0.496071 3.487087 1.711008
v -0.497048 3.487578 1.711083
v -0.497940 3.488145 1.711140
v -0.489474 3.485793 1.704938
v -0.490781 3.486028 1.704006
v -0.492060 3.486290 1.703440
v -0.493302 3.486580 1.703117
v -0.494499 3.486906 1.702966
v -0.495639 3.487275 1.702928
v -0.496712 3.487698 1.702959
v -0.497707 3.488183 1.703019
v -0.498612 3.488739 1.703067
v -0.489980 3.486321 1.696068
v -0.491299 3.486567 1.695406
v -0.492594 3.486837 1.694998
v -0.493855 3.487132 1.694759
v -0.495071 3.487460 1.694646
v -0.496229 3.487831 1.694620
v -0.497319 3.488253 1.694649
v -0.498328 3.488735 1.694700
v -0.499244 3.489284 1.694741
v -0.490502 3.486814 1.686741
v -0.491822 3.487067 1.686387
v -0.493123 3.487336 1.686156
v -0.494393 3.487630 1.686029
v -0.495618 3.487958 1.685982
v -0.496787 3.488329 1.685990
v -0.497886 3.488751 1.686029
v -0.498904 3.489232 1.686077
v -0.499827 3.489780 1.686111
v -0.499792 3.494482 1.739844
v -0.500537 3.494806 1.734303
v -0.501269 3.495158 1.727978
v -0.501983 3.495536 1.720925
v -0.502672 3.495935 1.713203
v -0.503330 3.496352 1.704876
v -0.503951 3.496784 1.696016
v -0.504531 3.497228 1.686699
v -0.498810 3.492928 1.745569
v -0.499477 3.493325 1.739859
v -0.500184 3.493717 1.733849
v -0.500902 3.494117 1.727319
v -0.501613 3.494529 1.720220
v -0.502304 3.494954 1.712548
v -0.502965 3.495391 1.704337
v -0.503588 3.495834 1.695636
v -0.504164 3.496281 1.686499
v -0.498496 3.491694 1.746476
v -0.499128 3.492174 1.740065
v -0.499812 3.492632 1.733558
v -0.500519 3.493082 1.726766
v -0.501230 3.493529 1.719586
v -0.501924 3.493982 1.711940
v -0.502588 3.494438 1.703825
v -0.503213 3.494894 1.695270
v -0.503788 3.495345 1.686306
v -0.498101 3.490495 1.747269
v -0.498727 3.491044 1.740390
v -0.499405 3.491561 1.733492
v -0.500111 3.492057 1.726444
v -0.500823 3.492543 1.719137
v -0.501520 3.493024 1.711470
v -0.502188 3.493500 1.703413
v -0.502816 3.493969 1.694971
v -0.503393 3.494426 1.686151
v -0.497630 3.489342 1.747942
v -0.498267 3.489949 1.740758
v -0.498953 3.490515 1.733587
v -0.499664 3.491055 1.726325
v -0.500379 3.491578 1.718879
v -0.501080 3.492089 1.711160
v -0.501753 3.492588 1.703128
v -0.502385 3.493070 1.694763
v -0.502965 3.493533 1.686049
v -0.497085 3.488245 1.748489
v -0.497744 3.488898 1.741113
v -0.498446 3.489507 1.733764
v -0.499167 3.490087 1.726348
v -0.499888 3.490647 1.718790
v -0.500594 3.491187 1.711019
v -0.501271 3.491708 1.702989
v -0.501907 3.492205 1.694666
v -0.502490 3.492675 1.686014
v -0.496472 3.487214 1.748907
v -0.497158 3.487903 1.741425
v -0.497878 3.488548 1.733970
v -0.498610 3.489166 1.726456
v -0.499339 3.489760 1.718822
v -0.500049 3.490330 1.711008
v -0.500730 3.490871 1.702967
v -0.501369 3.491383 1.694656
v -0.501954 3.491861 1.686031
v -0.495795 3.486255 1.749191
v -0.496510 3.486972 1.741671
v -0.497247 3.487651 1.734162
v -0.497988 3.488306 1.726593
v -0.498721 3.488932 1.718910
v -0.499433 3.489528 1.711065
v -0.500115 3.490090 1.703009
v -0.500755 3.490615 1.694694
v -0.501342 3.491100 1.686071
v -0.495061 3.485379 1.749338
v -0.495800 3.486115 1.741827
v -0.496547 3.486829 1.734297
v -0.497291 3.487518 1.726701
v -0.498024 3.488175 1.718994
v -0.498735 3.488796 1.711129
v -0.499415 3.489375 1.703060
v -0.500053 3.489912 1.694735
v -0.500639 3.490403 1.686108
v -0.507138 3.499981 1.596052
v -0.506983 3.498882 1.596052
v -0.506729 3.497802 1.596052
v -0.506376 3.496750 1.596052
v -0.505928 3.495734 1.596052
v -0.505388 3.494765 1.596052
v -0.504762 3.493849 1.596052
v -0.504054 3.492994 1.596052
v -0.507155 3.500717 1.605681
v -0.506927 3.499612 1.606069
v -0.506691 3.498530 1.606292
v -0.506401 3.497472 1.606436
v -0.506038 3.496446 1.606530
v -0.505592 3.495459 1.606591
v -0.505060 3.494519 1.606627
v -0.504442 3.493636 1.606646
v -0.503739 3.492819 1.606651
v -0.507050 3.500322 1.615622
v -0.506716 3.499236 1.616166
v -0.506406 3.498174 1.616542
v -0.506076 3.497139 1.616802
v -0.505699 3.496139 1.616979
v -0.505253 3.495180 1.617094
v -0.504727 3.494269 1.617163
v -0.504118 3.493417 1.617197
v -0.503420 3.492632 1.617209
v -0.506878 3.499907 1.625791
v -0.506485 3.498847 1.626360
v -0.506123 3.497808 1.626802
v -0.505761 3.496798 1.627131
v -0.505368 3.495823 1.627364
v -0.504917 3.494889 1.627519
v -0.504393 3.494005 1.627613
v -0.503789 3.493179 1.627662
v -0.503096 3.492421 1.627678
v -0.506638 3.499478 1.636101
v -0.506218 3.498445 1.636612
v -0.505830 3.497431 1.637049
v -0.505445 3.496444 1.637395
v -0.505036 3.495492 1.637652
v -0.504578 3.494582 1.637828
v -0.504054 3.493721 1.637936
v -0.503453 3.492918 1.637994
v -0.502763 3.492181 1.638014
v -0.506334 3.499036 1.646465
v -0.505907 3.498030 1.646868
v -0.505510 3.497040 1.647250
v -0.505113 3.496075 1.647566
v -0.504694 3.495144 1.647808
v -0.504230 3.494253 1.647978
v -0.503705 3.493412 1.648088
v -0.503104 3.492627 1.648148
v -0.502413 3.491907 1.648172
v -0.505968 3.498587 1.656795
v -0.505549 3.497604 1.657061
v -0.505153 3.496635 1.657348
v -0.504754 3.495690 1.657592
v -0.504330 3.494776 1.657783
v -0.503862 3.493901 1.657924
v -0.503335 3.493074 1.658020
v -0.502732 3.492303 1.658079
v -0.502038 3.491595 1.658106
v -0.505543 3.498133 1.667002
v -0.505141 3.497169 1.667121
v -0.504753 3.496217 1.667275
v -0.504355 3.495286 1.667409
v -0.503929 3.494385 1.667520
v -0.503459 3.493522 1.667612
v -0.502929 3.492705 1.667687
v -0.502323 3.491942 1.667741
v -0.501625 3.491243 1.667771
v -0.505063 3.497679 1.676999
v -0.504683 3.496727 1.676967
v -0.504302 3.495787 1.676956
v -0.503906 3.494866 1.676952
v -0.503479 3.493972 1.676962
v -0.503007 3.493115 1.676994
v -0.502475 3.492302 1.677042
v -0.501865 3.491543 1.677088
v -0.501163 3.490847 1.677121
v 0.507191 4.491436 1.596052
v 0.495173 4.503453 1.596052
v 0.488850 4.494147 1.734187
v 0.500845 4.482097 1.734312
v 0.507138 4.492545 1.596052
v 0.506983 4.493644 1.596052
v 0.506729 4.494724 1.596052
v 0.506376 4.495776 1.596052
v 0.505928 4.496791 1.596052
v 0.505388 4.497761 1.596052
v 0.504762 4.498677 1.596052
v 0.504054 4.499532 1.596052
v 0.507163 4.490869 1.605637
v 0.506953 4.491995 1.605922
v 0.506727 4.493124 1.606090
v 0.506442 4.494237 1.606204
v 0.506083 4.495323 1.606284
v 0.505640 4.496370 1.606337
v 0.505111 4.497367 1.606369
v 0.504497 4.498303 1.606385
v 0.503797 4.499167 1.606391
v 0.507081 4.490278 1.615448
v 0.506775 4.491436 1.615838
v 0.506480 4.492598 1.616121
v 0.506161 4.493744 1.616330
v 0.505791 4.494864 1.616480
v 0.505350 4.495942 1.616581
v 0.504830 4.496965 1.616642
v 0.504226 4.497921 1.616674
v 0.503536 4.498797 1.616685
v 0.506947 4.489668 1.625401
v 0.506584 4.490866 1.625798
v 0.506242 4.492062 1.626133
v 0.505892 4.493243 1.626399
v 0.505507 4.494394 1.626600
v 0.505063 4.495501 1.626738
v 0.504548 4.496550 1.626825
v 0.503953 4.497528 1.626870
v 0.503271 4.498419 1.626886
v 0.506760 4.489045 1.635412
v 0.506369 4.490282 1.635758
v 0.506000 4.491514 1.636093
v 0.505627 4.492727 1.636379
v 0.505227 4.493908 1.636604
v 0.504776 4.495042 1.636766
v 0.504262 4.496115 1.636869
v 0.503672 4.497113 1.636926
v 0.502996 4.498021 1.636948
v 0.506524 4.488414 1.645394
v 0.506121 4.489687 1.645659
v 0.505738 4.490951 1.645961
v 0.505352 4.492193 1.646232
v 0.504940 4.493400 1.646453
v 0.504483 4.494558 1.646618
v 0.503967 4.495653 1.646729
v 0.503379 4.496669 1.646795
v 0.502705 4.497591 1.646823
v 0.506239 4.487780 1.655263
v 0.505836 4.489082 1.655436
v 0.505449 4.490371 1.655678
v 0.505055 4.491637 1.655903
v 0.504635 4.492866 1.656093
v 0.504173 4.494042 1.656244
v 0.503654 4.495153 1.656355
v 0.503064 4.496183 1.656428
v 0.502388 4.497118 1.656463
v 0.505908 4.487149 1.664935
v 0.505512 4.488470 1.665021
v 0.505125 4.489776 1.665175
v 0.504726 4.491057 1.665326
v 0.504300 4.492299 1.665465
v 0.503832 4.493487 1.665590
v 0.503308 4.494607 1.665697
v 0.502713 4.495646 1.665777
v 0.502034 4.496589 1.665821
v 0.505534 4.486526 1.674327
v 0.505147 4.487852 1.674334
v 0.504758 4.489164 1.674375
v 0.504353 4.490450 1.674433
v 0.503920 4.491694 1.674508
v 0.503445 4.492884 1.674603
v 0.502915 4.494004 1.674706
v 0.502315 4.495044 1.674795
v 0.501631 4.495990 1.674850
v 0.494836 4.503413 1.605636
v 0.494478 4.503293 1.615445
v 0.494102 4.503096 1.625394
v 0.493711 4.502822 1.635399
v 0.493309 4.502475 1.645376
v 0.492899 4.502058 1.655240
v 0.492485 4.501572 1.664906
v 0.492069 4.501024 1.674292
v 0.496282 4.503401 1.596052
v 0.495942 4.503166 1.605906
v 0.495599 4.502953 1.615820
v 0.495247 4.502710 1.625795
v 0.494882 4.502419 1.635777
v 0.494503 4.502067 1.645698
v 0.494111 4.501649 1.655479
v 0.493709 4.501164 1.665034
v 0.493297 4.500612 1.674272
v 0.497381 4.503246 1.596052
v 0.497044 4.502900 1.606091
v 0.496715 4.502606 1.616127
v 0.496384 4.502319 1.626148
v 0.496043 4.502008 1.636120
v 0.495686 4.501649 1.645994
v 0.495312 4.501230 1.655701
v 0.494920 4.500745 1.665159
v 0.494513 4.500189 1.674283
v 0.498461 4.502992 1.596052
v 0.498133 4.502586 1.606212
v 0.497819 4.502241 1.616344
v 0.497507 4.501919 1.626418
v 0.497187 4.501588 1.636400
v 0.496849 4.501218 1.646250
v 0.496490 4.500794 1.655907
v 0.496108 4.500307 1.665298
v 0.495702 4.499748 1.674347
v 0.499513 4.502639 1.596052
v 0.499197 4.502209 1.606289
v 0.498899 4.501839 1.616488
v 0.498605 4.501493 1.626610
v 0.498302 4.501143 1.636614
v 0.497979 4.500762 1.646459
v 0.497633 4.500332 1.656089
v 0.497258 4.499841 1.665440
v 0.496854 4.499278 1.674449
v 0.500528 4.502191 1.596052
v 0.500225 4.501759 1.606339
v 0.499944 4.501382 1.616583
v 0.499665 4.501024 1.626740
v 0.499376 4.500661 1.636766
v 0.499066 4.500270 1.646615
v 0.498730 4.499833 1.656236
v 0.498361 4.499336 1.665572
v 0.497956 4.498765 1.674569
v 0.501498 4.501651 1.596052
v 0.501209 4.501232 1.606369
v 0.500943 4.500858 1.616641
v 0.500676 4.500496 1.626822
v 0.500396 4.500124 1.636865
v 0.500096 4.499724 1.646722
v 0.499767 4.499280 1.656346
v 0.499404 4.498776 1.665684
v 0.498998 4.498198 1.674687
v 0.502414 4.501024 1.596052
v 0.502141 4.500628 1.606384
v 0.501884 4.500260 1.616672
v 0.501623 4.499895 1.626866
v 0.501349 4.499516 1.636920
v 0.501055 4.499108 1.646788
v 0.500732 4.498656 1.656420
v 0.500372 4.498143 1.665768
v 0.499967 4.497556 1.674786
v 0.503269 4.500317 1.596052
v 0.503009 4.499942 1.606390
v 0.502754 4.499578 1.616683
v 0.502493 4.499208 1.626883
v 0.502221 4.498821 1.636944
v 0.501930 4.498404 1.646818
v 0.501611 4.497942 1.656457
v 0.501254 4.497421 1.665816
v 0.500849 4.496827 1.674846
v 0.489584 4.493544 1.736310
v 0.490348 4.492897 1.738210
v 0.491135 4.492211 1.739873
v 0.491939 4.491493 1.741283
v 0.492753 4.490748 1.742429
v 0.493570 4.489982 1.743300
v 0.494382 4.489203 1.743889
v 0.495184 4.488417 1.744191
v 0.489123 4.495005 1.730429
v 0.489985 4.494400 1.731163
v 0.490840 4.493781 1.732264
v 0.491698 4.493136 1.733431
v 0.492558 4.492462 1.734529
v 0.493416 4.491758 1.735468
v 0.494265 4.491026 1.736202
v 0.495097 4.490272 1.736710
v 0.495904 4.489499 1.736963
v 0.489425 4.495855 1.725834
v 0.490384 4.495262 1.725762
v 0.491326 4.494668 1.726210
v 0.492255 4.494059 1.726922
v 0.493170 4.493425 1.727721
v 0.494071 4.492760 1.728458
v 0.494952 4.492062 1.729059
v 0.495804 4.491331 1.729488
v 0.496618 4.490569 1.729706
v 0.489751 4.496692 1.720442
v 0.490788 4.496119 1.719918
v 0.491804 4.495553 1.719935
v 0.492797 4.494977 1.720297
v 0.493767 4.494380 1.720831
v 0.494712 4.493748 1.721377
v 0.495625 4.493079 1.721852
v 0.496498 4.492369 1.722208
v 0.497322 4.491616 1.722399
v 0.490100 4.497507 1.714297
v 0.491199 4.496961 1.713567
v 0.492275 4.496426 1.713351
v 0.493326 4.495882 1.713476
v 0.494346 4.495315 1.713797
v 0.495332 4.494713 1.714179
v 0.496276 4.494069 1.714542
v 0.497171 4.493376 1.714833
v 0.498007 4.492630 1.715001
v 0.490468 4.498293 1.707451
v 0.491615 4.497777 1.706686
v 0.492741 4.497273 1.706382
v 0.493839 4.496759 1.706377
v 0.494903 4.496221 1.706554
v 0.495926 4.495645 1.706814
v 0.496899 4.495022 1.707088
v 0.497815 4.494343 1.707323
v 0.498663 4.493601 1.707467
v 0.490852 4.499044 1.699962
v 0.492036 4.498559 1.699291
v 0.493200 4.498085 1.699003
v 0.494336 4.497599 1.698949
v 0.495435 4.497084 1.699047
v 0.496489 4.496530 1.699227
v 0.497488 4.495925 1.699436
v 0.498423 4.495258 1.699624
v 0.499284 4.494518 1.699744
v 0.491249 4.499754 1.691894
v 0.492458 4.499299 1.691416
v 0.493650 4.498850 1.691205
v 0.494814 4.498385 1.691160
v 0.495940 4.497891 1.691227
v 0.497018 4.497355 1.691363
v 0.498038 4.496765 1.691526
v 0.498989 4.496107 1.691676
v 0.499860 4.495369 1.691773
v 0.491656 4.500416 1.683314
v 0.492879 4.499988 1.683081
v 0.494088 4.499557 1.682975
v 0.495270 4.499107 1.682973
v 0.496414 4.498628 1.683047
v 0.497509 4.498106 1.683165
v 0.498543 4.497527 1.683299
v 0.499506 4.496878 1.683419
v 0.500385 4.496143 1.683495
v 0.501430 4.482431 1.730545
v 0.502010 4.482814 1.725942
v 0.502580 4.483242 1.720539
v 0.503135 4.483711 1.714384
v 0.503672 4.484217 1.707528
v 0.504184 4.484756 1.700027
v 0.504668 4.485324 1.691948
v 0.505120 4.485916 1.683357
v 0.500421 4.482657 1.736421
v 0.500964 4.483193 1.731419
v 0.501535 4.483721 1.726179
v 0.502114 4.484263 1.720440
v 0.502687 4.484825 1.714131
v 0.503242 4.485405 1.707229
v 0.503773 4.486003 1.699757
v 0.504273 4.486613 1.691757
v 0.504734 4.487231 1.683271
v 0.499935 4.483266 1.738308
v 0.500473 4.483956 1.732435
v 0.501048 4.484621 1.726550
v 0.501638 4.485276 1.720428
v 0.502227 4.485928 1.713933
v 0.502802 4.486583 1.706966
v 0.503351 4.487239 1.699506
v 0.503866 4.487891 1.691575
v 0.504339 4.488533 1.683192
v 0.499390 4.483919 1.739957
v 0.499945 4.484729 1.733490
v 0.500534 4.485510 1.727096
v 0.501142 4.486267 1.720612
v 0.501750 4.487008 1.713896
v 0.502343 4.487735 1.706821
v 0.502910 4.488448 1.699341
v 0.503441 4.489141 1.691452
v 0.503926 4.489809 1.683152
v 0.498791 4.484610 1.741353
v 0.499374 4.485514 1.734489
v 0.499988 4.486388 1.727735
v 0.500617 4.487236 1.720950
v 0.501244 4.488056 1.714012
v 0.501856 4.488851 1.706808
v 0.502440 4.489617 1.699282
v 0.502986 4.490349 1.691409
v 0.503483 4.491043 1.683161
v 0.498144 4.485332 1.742484
v 0.498761 4.486309 1.735367
v 0.499403 4.487258 1.728373
v 0.500055 4.488179 1.721366
v 0.500701 4.489067 1.714246
v 0.501330 4.489921 1.706924
v 0.501930 4.490735 1.699342
v 0.502490 4.491504 1.691457
v 0.502999 4.492222 1.683226
v 0.497454 4.486081 1.743339
v 0.498105 4.487110 1.736085
v 0.498775 4.488116 1.728944
v 0.499449 4.489093 1.721789
v 0.500114 4.490036 1.714537
v 0.500758 4.490938 1.707121
v 0.501371 4.491792 1.699482
v 0.501942 4.492593 1.691569
v 0.502461 4.493333 1.683328
v 0.496726 4.486849 1.743913
v 0.497409 4.487913 1.736618
v 0.498104 4.488957 1.729398
v 0.498795 4.489974 1.722150
v 0.499474 4.490956 1.714812
v 0.500129 4.491894 1.707327
v 0.500751 4.492781 1.699639
v 0.501329 4.493608 1.691693
v 0.501854 4.494365 1.683432
v 0.495967 4.487629 1.744199
v 0.496676 4.488710 1.736932
v 0.497385 4.489776 1.729677
v 0.498088 4.490817 1.722382
v 0.498774 4.491823 1.714995
v 0.499434 4.492785 1.707470
v 0.500059 4.493692 1.699751
v 0.500640 4.494536 1.691780
v 0.501167 4.495306 1.683500
v -0.495173 4.503453 1.596052
v -0.507191 4.491436 1.596052
v -0.500845 4.482097 1.734312
v -0.488850 4.494147 1.734187
v -0.496282 4.503401 1.596052
v -0.497381 4.503246 1.596052
v -0.498461 4.502992 1.596052
v -0.499513 4.502639 1.596052
v -0.500528 4.502191 1.596052
v -0.501498 4.501651 1.596052
v -0.502414 4.501024 1.596052
v -0.503269 4.500317 1.596052
v -0.494836 4.503413 1.605636
v -0.495946 4.503173 1.605920
v -0.497058 4.502931 1.606087
v -0.498154 4.502636 1.606202
v -0.499224 4.502271 1.606282
v -0.500255 4.501823 1.606335
v -0.501237 4.501289 1.606367
v -0.502160 4.500669 1.606384
v -0.503012 4.499961 1.606390
v -0.494478 4.503293 1.615445
v -0.495603 4.502941 1.615833
v -0.496729 4.502619 1.616115
v -0.497843 4.502282 1.616325
v -0.498929 4.501900 1.616475
v -0.499976 4.501450 1.616577
v -0.500970 4.500919 1.616639
v -0.501900 4.500304 1.616671
v -0.502753 4.499599 1.616683
v -0.494102 4.503096 1.625394
v -0.495247 4.502681 1.625790
v -0.496392 4.502305 1.626124
v -0.497524 4.501932 1.626391
v -0.498627 4.501531 1.626592
v -0.499689 4.501072 1.626732
v -0.500695 4.500541 1.626818
v -0.501634 4.499929 1.626865
v -0.502492 4.499226 1.626883
v -0.493711 4.502822 1.635399
v -0.494879 4.502377 1.635745
v -0.496044 4.501971 1.636080
v -0.497193 4.501573 1.636367
v -0.498313 4.501152 1.636594
v -0.499389 4.500683 1.636756
v -0.500407 4.500149 1.636861
v -0.501356 4.499536 1.636920
v -0.502220 4.498832 1.636944
v -0.493309 4.502475 1.645376
v -0.494499 4.502020 1.645642
v -0.495683 4.501601 1.645944
v -0.496849 4.501187 1.646217
v -0.497983 4.500752 1.646440
v -0.499071 4.500273 1.646606
v -0.500101 4.499733 1.646719
v -0.501058 4.499117 1.646787
v -0.501930 4.498409 1.646817
v -0.492899 4.502058 1.655240
v -0.494107 4.501606 1.655414
v -0.495307 4.501184 1.655657
v -0.496486 4.500761 1.655885
v -0.497632 4.500316 1.656077
v -0.498730 4.499828 1.656230
v -0.499769 4.499281 1.656344
v -0.500733 4.498658 1.656419
v -0.501611 4.497943 1.656457
v -0.492485 4.501572 1.664906
v -0.493705 4.501133 1.664994
v -0.494915 4.500711 1.665151
v -0.496103 4.500282 1.665305
v -0.497256 4.499827 1.665446
v -0.498360 4.499330 1.665575
v -0.499403 4.498774 1.665685
v -0.500372 4.498143 1.665769
v -0.501254 4.497421 1.665816
v -0.492069 4.501024 1.674292
v -0.493294 4.500597 1.674302
v -0.494507 4.500173 1.674347
v -0.495697 4.499735 1.674408
v -0.496851 4.499270 1.674487
v -0.497955 4.498762 1.674587
v -0.498998 4.498196 1.674693
v -0.499966 4.497556 1.674787
v -0.500849 4.496827 1.674846
v -0.507163 4.490869 1.605637
v -0.507081 4.490278 1.615448
v -0.506947 4.489668 1.625401
v -0.506760 4.489045 1.635412
v -0.506524 4.488414 1.645394
v -0.506239 4.487780 1.655263
v -0.505908 4.487149 1.664935
v -0.505534 4.486526 1.674327
v -0.507138 4.492545 1.596052
v -0.506939 4.491990 1.605908
v -0.506773 4.491432 1.615824
v -0.506597 4.490863 1.625803
v -0.506394 4.490282 1.635789
v -0.506151 4.489688 1.645715
v -0.505864 4.489083 1.655500
v -0.505533 4.488471 1.665061
v -0.505157 4.487856 1.674303
v -0.506983 4.493644 1.596052
v -0.506690 4.493109 1.606093
v -0.506454 4.492582 1.616132
v -0.506239 4.492051 1.626157
v -0.506018 4.491509 1.636131
v -0.505767 4.490951 1.646009
v -0.505479 4.490374 1.655721
v -0.505147 4.489780 1.665183
v -0.504769 4.489171 1.674310
v -0.506729 4.494724 1.596052
v -0.506387 4.494215 1.606214
v -0.506110 4.493720 1.616349
v -0.505866 4.493224 1.626426
v -0.505627 4.492718 1.636411
v -0.505368 4.492191 1.646265
v -0.505076 4.491639 1.655925
v -0.504743 4.491061 1.665319
v -0.504362 4.490455 1.674371
v -0.506376 4.495776 1.596052
v -0.506018 4.495296 1.606291
v -0.505723 4.494833 1.616493
v -0.505462 4.494370 1.626617
v -0.505209 4.493895 1.636624
v -0.504941 4.493396 1.646472
v -0.504645 4.492866 1.656104
v -0.504309 4.492301 1.665458
v -0.503926 4.491698 1.674469
v -0.505928 4.496791 1.596052
v -0.505574 4.496340 1.606340
v -0.505279 4.495910 1.616587
v -0.505012 4.495477 1.626746
v -0.504750 4.495028 1.636775
v -0.504476 4.494553 1.646626
v -0.504175 4.494041 1.656249
v -0.503836 4.493487 1.665587
v -0.503448 4.492885 1.674585
v -0.505388 4.497761 1.596052
v -0.505054 4.497339 1.606370
v -0.504768 4.496938 1.616645
v -0.504501 4.496531 1.626827
v -0.504236 4.496104 1.636872
v -0.503957 4.495648 1.646732
v -0.503652 4.495152 1.656357
v -0.503309 4.494607 1.665696
v -0.502916 4.494005 1.674699
v -0.504762 4.498677 1.596052
v -0.504456 4.498284 1.606385
v -0.504182 4.497905 1.616674
v -0.503919 4.497517 1.626871
v -0.503652 4.497107 1.636927
v -0.503370 4.496665 1.646795
v -0.503061 4.496182 1.656428
v -0.502713 4.495646 1.665777
v -0.502315 4.495044 1.674794
v -0.504054 4.499532 1.596052
v -0.503778 4.499164 1.606391
v -0.503515 4.498797 1.616685
v -0.503254 4.498420 1.626886
v -0.502986 4.498022 1.636948
v -0.502700 4.497591 1.646823
v -0.502386 4.497118 1.656463
v -0.502034 4.496589 1.665821
v -0.501632 4.495990 1.674850
v -0.500421 4.482657 1.736421
v -0.499935 4.483266 1.738308
v -0.499390 4.483919 1.739957
v -0.498791 4.484610 1.741353
v -0.498144 4.485332 1.742484
v -0.497454 4.486081 1.743339
v -0.496726 4.486849 1.743913
v -0.495967 4.487629 1.744199
v -0.501430 4.482431 1.730545
v -0.500975 4.483195 1.731268
v -0.500495 4.483949 1.732357
v -0.499975 4.484715 1.733512
v -0.499407 4.485495 1.734597
v -0.498793 4.486290 1.735522
v -0.498132 4.487094 1.736243
v -0.497429 4.487900 1.736736
v -0.496687 4.488702 1.736976
v -0.502010 4.482814 1.725942
v -0.501542 4.483733 1.725860
v -0.501065 4.484624 1.726296
v -0.500562 4.485501 1.726997
v -0.500023 4.486372 1.727785
v -0.499439 4.487238 1.728510
v -0.498806 4.488098 1.729099
v -0.498126 4.488942 1.729515
v -0.497399 4.489765 1.729720
v -0.502580 4.483242 1.720540
v -0.502113 4.484283 1.720006
v -0.501644 4.485291 1.720014
v -0.501157 4.486270 1.720366
v -0.500641 4.487228 1.720889
v -0.500081 4.488165 1.721424
v -0.499473 4.489079 1.721888
v -0.498813 4.489962 1.722234
v -0.498100 4.490807 1.722413
v -0.503135 4.483711 1.714384
v -0.502678 4.484848 1.713646
v -0.502222 4.485951 1.713421
v -0.501752 4.487021 1.713537
v -0.501254 4.488058 1.713848
v -0.500715 4.489062 1.714221
v -0.500127 4.490028 1.714574
v -0.499484 4.490949 1.714856
v -0.498781 4.491817 1.715014
v -0.503672 4.484217 1.707528
v -0.503229 4.485429 1.706755
v -0.502790 4.486609 1.706444
v -0.502338 4.487753 1.706430
v -0.501857 4.488859 1.706598
v -0.501335 4.489922 1.706850
v -0.500764 4.490935 1.707116
v -0.500134 4.491891 1.707343
v -0.499437 4.492782 1.707479
v -0.504184 4.484756 1.700027
v -0.503759 4.486024 1.699350
v -0.503339 4.487262 1.699054
v -0.502902 4.488465 1.698994
v -0.502437 4.489626 1.699085
v -0.501930 4.490738 1.699258
v -0.501372 4.491793 1.699460
v -0.500752 4.492780 1.699641
v -0.500060 4.493691 1.699754
v -0.504668 4.485324 1.691948
v -0.504263 4.486629 1.691465
v -0.503858 4.487908 1.691248
v -0.503435 4.489154 1.691197
v -0.502983 4.490357 1.691258
v -0.502489 4.491508 1.691389
v -0.501942 4.492594 1.691545
v -0.501329 4.493608 1.691689
v -0.500640 4.494536 1.691780
v -0.505120 4.485916 1.683357
v -0.504732 4.487239 1.683119
v -0.504339 4.488544 1.683009
v -0.503926 4.489818 1.683002
v -0.503484 4.491048 1.683071
v -0.503000 4.492224 1.683184
v -0.502461 4.493334 1.683313
v -0.501854 4.494365 1.683428
v -0.501167 4.495306 1.683500
v -0.489123 4.495005 1.730429
v -0.489425 4.495855 1.725834
v -0.489751 4.496692 1.720442
v -0.490100 4.497507 1.714297
v -0.490468 4.498293 1.707451
v -0.490852 4.499044 1.699962
v -0.491249 4.499754 1.691894
v -0.491656 4.500416 1.683314
v -0.489584 4.493544 1.736309
v -0.489983 4.494397 1.731314
v -0.490376 4.495267 1.726082
v -0.490776 4.496132 1.720352
v -0.491185 4.496980 1.714052
v -0.491603 4.497799 1.707160
v -0.492026 4.498580 1.699698
v -0.492451 4.499314 1.691708
v -0.492875 4.499990 1.683232
v -0.490348 4.492897 1.738210
v -0.490842 4.493773 1.732343
v -0.491321 4.494668 1.726465
v -0.491793 4.495564 1.720350
v -0.492261 4.496444 1.713863
v -0.492727 4.497295 1.706905
v -0.493188 4.498106 1.699454
v -0.493641 4.498863 1.691531
v -0.494081 4.499557 1.683158
v -0.491135 4.492211 1.739873
v -0.491702 4.493123 1.733410
v -0.492253 4.494051 1.727022
v -0.492791 4.494980 1.720545
v -0.493316 4.495893 1.713836
v -0.493829 4.496775 1.706768
v -0.494327 4.497612 1.699296
v -0.494806 4.498394 1.691415
v -0.495264 4.499106 1.683122
v -0.491939 4.491493 1.741283
v -0.492562 4.492446 1.734422
v -0.493172 4.493412 1.727672
v -0.493766 4.494373 1.720893
v -0.494342 4.495317 1.713960
v -0.494898 4.496228 1.706763
v -0.495430 4.497092 1.699244
v -0.495936 4.497896 1.691377
v -0.496411 4.498627 1.683136
v -0.492753 4.490748 1.742429
v -0.493419 4.491743 1.735313
v -0.494075 4.492743 1.728321
v -0.494714 4.493737 1.721319
v -0.495332 4.494709 1.714204
v -0.495924 4.495646 1.706888
v -0.496487 4.496533 1.699311
v -0.497016 4.497357 1.691432
v -0.497507 4.498105 1.683207
v -0.493570 4.489982 1.743300
v -0.494267 4.491014 1.736045
v -0.494956 4.492046 1.728905
v -0.495628 4.493067 1.721752
v -0.496278 4.494063 1.714505
v -0.496900 4.495020 1.707093
v -0.497488 4.495925 1.699459
v -0.498037 4.496765 1.691549
v -0.498543 4.497527 1.683314
v -0.494382 4.489203 1.743889
v -0.495099 4.490263 1.736592
v -0.495809 4.491318 1.729371
v -0.496503 4.492358 1.722125
v -0.497174 4.493370 1.714789
v -0.497816 4.494341 1.707307
v -0.498423 4.495257 1.699623
v -0.498989 4.496107 1.691680
v -0.499506 4.496878 1.683422
v -0.495184 4.488417 1.744191
v -0.495908 4.489491 1.736919
v -0.496626 4.490559 1.729663
v -0.497329 4.491607 1.722367
v -0.498011 4.492625 1.714982
v -0.498665 4.493598 1.707458
v -0.499284 4.494517 1.699741
v -0.499860 4.495369 1.691773
v -0.500385 4.496143 1.683495
v 0.507191 3.501090 1.596052
v 0.499041 3.494188 1.744557
v 0.487002 3.482152 1.744682
v 0.495173 3.489072 1.596052
v 0.507155 3.500717 1.605681
v 0.507050 3.500322 1.615622
v 0.506878 3.499907 1.625791
v 0.506638 3.499478 1.636101
v 0.506334 3.499036 1.646465
v 0.505968 3.498587 1.656795
v 0.505543 3.498133 1.667002
v 0.505063 3.497679 1.676999
v 0.507138 3.499981 1.596052
v 0.506917 3.499626 1.606030
v 0.506723 3.499254 1.616107
v 0.506508 3.498865 1.626307
v 0.506253 3.498458 1.636582
v 0.505947 3.498039 1.646865
v 0.505586 3.497610 1.657075
v 0.505169 3.497173 1.667126
v 0.504695 3.496731 1.676921
v 0.506983 3.498882 1.596052
v 0.506658 3.498551 1.606270
v 0.506388 3.498201 1.616506
v 0.506131 3.497834 1.626764
v 0.505860 3.497450 1.637020
v 0.505550 3.497053 1.647234
v 0.505193 3.496644 1.657337
v 0.504783 3.496223 1.667245
v 0.504316 3.495792 1.676873
v 0.506729 3.497802 1.596052
v 0.506349 3.497499 1.606426
v 0.506031 3.497173 1.616786
v 0.505743 3.496827 1.627110
v 0.505454 3.496465 1.637375
v 0.505139 3.496089 1.647548
v 0.504782 3.495698 1.657572
v 0.504377 3.495292 1.667373
v 0.503917 3.494870 1.676875
v 0.506376 3.496750 1.596052
v 0.505975 3.496476 1.606526
v 0.505636 3.496175 1.616971
v 0.505328 3.495852 1.627353
v 0.505024 3.495512 1.637640
v 0.504701 3.495155 1.647796
v 0.504343 3.494782 1.657769
v 0.503942 3.494389 1.667496
v 0.503486 3.493975 1.676915
v 0.505928 3.495734 1.596052
v 0.505527 3.495491 1.606589
v 0.505184 3.495214 1.617090
v 0.504867 3.494915 1.627514
v 0.504554 3.494598 1.637822
v 0.504225 3.494262 1.647973
v 0.503865 3.493905 1.657917
v 0.503465 3.493524 1.667601
v 0.503011 3.493116 1.676972
v 0.505388 3.494765 1.596052
v 0.505003 3.494548 1.606627
v 0.504666 3.494297 1.617162
v 0.504348 3.494025 1.627612
v 0.504029 3.493733 1.637935
v 0.503695 3.493418 1.648086
v 0.503333 3.493077 1.658018
v 0.502931 3.492706 1.667683
v 0.502476 3.492303 1.677034
v 0.504762 3.493849 1.596052
v 0.504402 3.493655 1.606645
v 0.504074 3.493433 1.617197
v 0.503756 3.493191 1.627661
v 0.503434 3.492924 1.637993
v 0.503095 3.492630 1.648148
v 0.502729 3.492304 1.658079
v 0.502323 3.491943 1.667740
v 0.501866 3.491543 1.677087
v 0.504054 3.492994 1.596052
v 0.503720 3.492822 1.606652
v 0.503398 3.492632 1.617209
v 0.503079 3.492419 1.627678
v 0.502752 3.492180 1.638015
v 0.502408 3.491906 1.648173
v 0.502036 3.491595 1.658106
v 0.501625 3.491243 1.667771
v 0.501163 3.490847 1.677121
v 0.498810 3.492928 1.745569
v 0.498496 3.491694 1.746476
v 0.498101 3.490495 1.747269
v 0.497630 3.489342 1.747942
v 0.497085 3.488245 1.748489
v 0.496472 3.487213 1.748907
v 0.495795 3.486255 1.749191
v 0.495061 3.485379 1.749338
v 0.499792 3.494482 1.739844
v 0.499494 3.493318 1.739674
v 0.499162 3.492154 1.739921
v 0.498773 3.491012 1.740324
v 0.498318 3.489908 1.740764
v 0.497794 3.488855 1.741166
v 0.497201 3.487864 1.741492
v 0.496541 3.486944 1.741726
v 0.495816 3.486109 1.741847
v 0.500537 3.494806 1.734303
v 0.500195 3.493713 1.733501
v 0.499840 3.492614 1.733241
v 0.499449 3.491528 1.733301
v 0.499007 3.490471 1.733526
v 0.498501 3.489461 1.733790
v 0.497926 3.488509 1.734029
v 0.497281 3.487627 1.734215
v 0.496565 3.486826 1.734317
v 0.501269 3.495158 1.727978
v 0.500902 3.494119 1.726873
v 0.500532 3.493073 1.726315
v 0.500138 3.492036 1.726135
v 0.499702 3.491024 1.726183
v 0.499208 3.490054 1.726323
v 0.498647 3.489138 1.726484
v 0.498014 3.488288 1.726628
v 0.497306 3.487517 1.726716
v 0.501983 3.495536 1.720925
v 0.501603 3.494537 1.719740
v 0.501226 3.493532 1.719065
v 0.500830 3.492536 1.718751
v 0.500397 3.491563 1.718674
v 0.499911 3.490629 1.718718
v 0.499359 3.489744 1.718817
v 0.498736 3.488923 1.718927
v 0.498032 3.488175 1.719002
v 0.502672 3.495935 1.713203
v 0.502288 3.494965 1.712091
v 0.501910 3.493991 1.711429
v 0.501514 3.493027 1.711078
v 0.501084 3.492086 1.710938
v 0.500602 3.491181 1.710926
v 0.500058 3.490323 1.710985
v 0.499440 3.489524 1.711068
v 0.498739 3.488795 1.711133
v 0.503330 3.496352 1.704876
v 0.502948 3.495401 1.703950
v 0.502572 3.494449 1.703391
v 0.502178 3.493508 1.703076
v 0.501750 3.492590 1.702932
v 0.501272 3.491707 1.702901
v 0.500732 3.490870 1.702940
v 0.500118 3.490088 1.703006
v 0.499416 3.489375 1.703061
v 0.503951 3.496784 1.696016
v 0.503576 3.495843 1.695359
v 0.503202 3.494903 1.694957
v 0.502809 3.493977 1.694724
v 0.502382 3.493074 1.694617
v 0.501906 3.492206 1.694598
v 0.501369 3.491383 1.694633
v 0.500756 3.490615 1.694689
v 0.500053 3.489912 1.694736
v 0.504531 3.497228 1.686699
v 0.504162 3.496287 1.686350
v 0.503788 3.495352 1.686123
v 0.503393 3.494431 1.686001
v 0.502965 3.493536 1.685959
v 0.502490 3.492676 1.685972
v 0.501955 3.491861 1.686016
v 0.501343 3.491100 1.686069
v 0.500639 3.490403 1.686108
v 0.487328 3.482790 1.739959
v 0.487693 3.483422 1.734407
v 0.488094 3.484044 1.728072
v 0.488527 3.484650 1.721008
v 0.488988 3.485235 1.713275
v 0.489473 3.485793 1.704938
v 0.489979 3.486321 1.696068
v 0.490502 3.486814 1.686741
v 0.487934 3.482056 1.745682
v 0.488365 3.482847 1.739962
v 0.488806 3.483566 1.733943
v 0.489268 3.484238 1.727403
v 0.489751 3.484874 1.720294
v 0.490251 3.485477 1.712613
v 0.490764 3.486047 1.704391
v 0.491287 3.486579 1.695682
v 0.491815 3.487068 1.686536
v 0.488875 3.482077 1.746575
v 0.489388 3.482951 1.740156
v 0.489904 3.483734 1.733640
v 0.490428 3.484449 1.726840
v 0.490961 3.485111 1.719651
v 0.491499 3.485731 1.711997
v 0.492041 3.486311 1.703873
v 0.492581 3.486847 1.695311
v 0.493115 3.487336 1.686338
v 0.489818 3.482215 1.747353
v 0.490395 3.483129 1.740468
v 0.490977 3.483948 1.733562
v 0.491559 3.484692 1.726508
v 0.492140 3.485374 1.719193
v 0.492717 3.486009 1.711519
v 0.493287 3.486598 1.703454
v 0.493844 3.487139 1.695006
v 0.494385 3.487629 1.686179
v 0.490754 3.482470 1.748012
v 0.491384 3.483394 1.740822
v 0.492020 3.484225 1.733645
v 0.492653 3.484982 1.726378
v 0.493279 3.485678 1.718926
v 0.493892 3.486323 1.711201
v 0.494489 3.486920 1.703162
v 0.495064 3.487465 1.694792
v 0.495614 3.487957 1.686073
v 0.491675 3.482838 1.748544
v 0.492347 3.483750 1.741164
v 0.493028 3.484575 1.733810
v 0.493704 3.485333 1.726390
v 0.494367 3.486035 1.718827
v 0.495012 3.486685 1.711051
v 0.495634 3.487286 1.703017
v 0.496226 3.487834 1.694689
v 0.496785 3.488328 1.686032
v 0.492574 3.483318 1.748946
v 0.493280 3.484199 1.741462
v 0.493996 3.485005 1.734004
v 0.494704 3.485754 1.726487
v 0.495396 3.486454 1.718848
v 0.496067 3.487104 1.711031
v 0.496710 3.487705 1.702987
v 0.497318 3.488255 1.694673
v 0.497886 3.488751 1.686044
v 0.493443 3.483904 1.749214
v 0.494176 3.484740 1.741694
v 0.494914 3.485518 1.734184
v 0.495644 3.486253 1.726612
v 0.496357 3.486945 1.718927
v 0.497047 3.487590 1.711080
v 0.497706 3.488188 1.703022
v 0.498328 3.488736 1.694704
v 0.498904 3.489232 1.686080
v 0.494275 3.484593 1.749346
v 0.495025 3.485373 1.741836
v 0.495774 3.486123 1.734306
v 0.496515 3.486838 1.726710
v 0.497239 3.487515 1.719001
v 0.497941 3.488150 1.711136
v 0.498613 3.488741 1.703065
v 0.499244 3.489285 1.694740
v 0.499827 3.489780 1.686111
v 0.496282 3.489125 1.596052
v 0.497381 3.489279 1.596052
v 0.498461 3.489534 1.596052
v 0.499513 3.489887 1.596052
v 0.500528 3.490335 1.596052
v 0.501498 3.490875 1.596052
v 0.502414 3.491501 1.596052
v 0.503269 3.492209 1.596052
v 0.494711 3.489042 1.605682
v 0.495828 3.489116 1.606071
v 0.496947 3.489271 1.606294
v 0.498052 3.489515 1.606438
v 0.499131 3.489851 1.606532
v 0.500170 3.490277 1.606593
v 0.501160 3.490788 1.606629
v 0.502091 3.491385 1.606647
v 0.502949 3.492062 1.606652
v 0.494224 3.488953 1.615625
v 0.495364 3.489057 1.616170
v 0.496508 3.489228 1.616546
v 0.497639 3.489474 1.616807
v 0.498743 3.489799 1.616983
v 0.499807 3.490204 1.617097
v 0.500817 3.490691 1.617165
v 0.501761 3.491258 1.617199
v 0.502627 3.491904 1.617210
v 0.493717 3.488806 1.625797
v 0.494888 3.488937 1.626367
v 0.496060 3.489128 1.626809
v 0.497218 3.489383 1.627138
v 0.498348 3.489704 1.627370
v 0.499435 3.490098 1.627524
v 0.500466 3.490564 1.627618
v 0.501426 3.491106 1.627664
v 0.502302 3.491723 1.627680
v 0.493194 3.488603 1.636111
v 0.494399 3.488759 1.636623
v 0.495602 3.488970 1.637060
v 0.496788 3.489235 1.637405
v 0.497943 3.489559 1.637660
v 0.499052 3.489945 1.637835
v 0.500103 3.490396 1.637942
v 0.501079 3.490917 1.637997
v 0.501968 3.491510 1.638017
v 0.492660 3.488345 1.646480
v 0.493899 3.488524 1.646883
v 0.495131 3.488753 1.647264
v 0.496343 3.489029 1.647579
v 0.497522 3.489356 1.647819
v 0.498653 3.489737 1.647988
v 0.499722 3.490178 1.648094
v 0.500714 3.490683 1.648153
v 0.501615 3.491257 1.648175
v 0.492119 3.488034 1.656815
v 0.493388 3.488236 1.657081
v 0.494646 3.488480 1.657366
v 0.495883 3.488765 1.657608
v 0.497083 3.489093 1.657796
v 0.498233 3.489471 1.657935
v 0.499317 3.489904 1.658029
v 0.500323 3.490398 1.658085
v 0.501234 3.490959 1.658109
v 0.491576 3.487673 1.667029
v 0.492869 3.487897 1.667145
v 0.494149 3.488153 1.667297
v 0.495405 3.488443 1.667428
v 0.496622 3.488772 1.667536
v 0.497786 3.489148 1.667626
v 0.498882 3.489576 1.667697
v 0.499897 3.490063 1.667748
v 0.500816 3.490616 1.667774
v 0.491035 3.487266 1.677033
v 0.492344 3.487508 1.676997
v 0.493639 3.487772 1.676982
v 0.494907 3.488065 1.676975
v 0.496134 3.488394 1.676981
v 0.497306 3.488767 1.677010
v 0.498408 3.489192 1.677052
v 0.499428 3.489675 1.677096
v 0.500351 3.490224 1.677124
v -0.507191 4.491436 -1.633539
v -0.495173 4.503453 -1.633539
v -0.488855 4.494119 -1.771215
v -0.500850 4.482069 -1.771340
v -0.507138 4.492545 -1.633539
v -0.506983 4.493644 -1.633539
v -0.506729 4.494724 -1.633539
v -0.506376 4.495776 -1.633539
v -0.505928 4.496791 -1.633539
v -0.505388 4.497761 -1.633539
v -0.504762 4.498677 -1.633539
v -0.504054 4.499532 -1.633539
v -0.507163 4.490866 -1.643123
v -0.506953 4.491992 -1.643402
v -0.506727 4.493121 -1.643568
v -0.506442 4.494235 -1.643681
v -0.506083 4.495321 -1.643760
v -0.505640 4.496368 -1.643813
v -0.505111 4.497366 -1.643845
v -0.504497 4.498302 -1.643861
v -0.503797 4.499166 -1.643866
v -0.507081 4.490272 -1.652928
v -0.506775 4.491431 -1.653310
v -0.506481 4.492593 -1.653589
v -0.506161 4.493740 -1.653796
v -0.505791 4.494860 -1.653944
v -0.505350 4.495938 -1.654045
v -0.504830 4.496962 -1.654106
v -0.504227 4.497919 -1.654137
v -0.503536 4.498795 -1.654148
v -0.506947 4.489659 -1.662871
v -0.506584 4.490858 -1.663260
v -0.506243 4.492054 -1.663589
v -0.505893 4.493236 -1.663852
v -0.505508 4.494388 -1.664051
v -0.505064 4.495496 -1.664189
v -0.504548 4.496546 -1.664274
v -0.503953 4.497523 -1.664320
v -0.503271 4.498415 -1.664336
v -0.506761 4.489033 -1.672868
v -0.506369 4.490271 -1.673206
v -0.506000 4.491504 -1.673535
v -0.505627 4.492718 -1.673818
v -0.505227 4.493900 -1.674041
v -0.504777 4.495035 -1.674201
v -0.504262 4.496109 -1.674304
v -0.503672 4.497108 -1.674361
v -0.502996 4.498015 -1.674383
v -0.506524 4.488400 -1.682833
v -0.506121 4.489674 -1.683090
v -0.505739 4.490938 -1.683387
v -0.505352 4.492182 -1.683655
v -0.504941 4.493391 -1.683874
v -0.504484 4.494549 -1.684036
v -0.503968 4.495645 -1.684147
v -0.503380 4.496661 -1.684212
v -0.502705 4.497585 -1.684240
v -0.506240 4.487763 -1.692681
v -0.505836 4.489066 -1.692848
v -0.505450 4.490357 -1.693084
v -0.505056 4.491624 -1.693306
v -0.504636 4.492854 -1.693494
v -0.504174 4.494032 -1.693643
v -0.503655 4.495143 -1.693753
v -0.503065 4.496174 -1.693825
v -0.502389 4.497110 -1.693859
v -0.505909 4.487129 -1.702329
v -0.505513 4.488451 -1.702409
v -0.505126 4.489759 -1.702558
v -0.504727 4.491042 -1.702706
v -0.504301 4.492285 -1.702842
v -0.503833 4.493474 -1.702966
v -0.503309 4.494595 -1.703071
v -0.502714 4.495635 -1.703150
v -0.502035 4.496579 -1.703194
v -0.505535 4.486504 -1.711694
v -0.505148 4.487832 -1.711696
v -0.504759 4.489146 -1.711733
v -0.504354 4.490433 -1.711787
v -0.503921 4.491678 -1.711859
v -0.503447 4.492868 -1.711952
v -0.502916 4.493990 -1.712053
v -0.502316 4.495031 -1.712141
v -0.501633 4.495977 -1.712195
v -0.494836 4.503412 -1.643121
v -0.494478 4.503293 -1.652924
v -0.494103 4.503095 -1.662863
v -0.493712 4.502820 -1.672855
v -0.493311 4.502472 -1.682815
v -0.492901 4.502053 -1.692658
v -0.492487 4.501566 -1.702300
v -0.492071 4.501017 -1.711660
v -0.496282 4.503401 -1.633539
v -0.495942 4.503166 -1.643388
v -0.495600 4.502952 -1.653294
v -0.495247 4.502709 -1.663259
v -0.494883 4.502417 -1.673228
v -0.494505 4.502064 -1.683132
v -0.494113 4.501645 -1.692892
v -0.493711 4.501158 -1.702424
v -0.493300 4.500604 -1.711635
v -0.497381 4.503246 -1.633539
v -0.497044 4.502900 -1.643571
v -0.496716 4.502605 -1.653597
v -0.496385 4.502317 -1.663608
v -0.496044 4.502006 -1.673565
v -0.495688 4.501646 -1.683423
v -0.495313 4.501225 -1.693110
v -0.494922 4.500738 -1.702544
v -0.494515 4.500181 -1.711640
v -0.498461 4.502992 -1.633539
v -0.498133 4.502586 -1.643689
v -0.497819 4.502240 -1.653811
v -0.497508 4.501917 -1.663873
v -0.497188 4.501585 -1.673841
v -0.496850 4.501214 -1.683675
v -0.496491 4.500789 -1.693312
v -0.496109 4.500300 -1.702679
v -0.495704 4.499740 -1.711701
v -0.499513 4.502639 -1.633539
v -0.499197 4.502209 -1.643765
v -0.498900 4.501838 -1.653953
v -0.498605 4.501491 -1.664062
v -0.498302 4.501141 -1.674052
v -0.497980 4.500758 -1.683880
v -0.497634 4.500327 -1.693490
v -0.497260 4.499834 -1.702818
v -0.496855 4.499269 -1.711800
v -0.500528 4.502191 -1.633539
v -0.500225 4.501758 -1.643815
v -0.499945 4.501380 -1.654047
v -0.499666 4.501022 -1.664191
v -0.499377 4.500658 -1.674202
v -0.499067 4.500265 -1.684034
v -0.498731 4.499826 -1.693635
v -0.498363 4.499329 -1.702947
v -0.497958 4.498756 -1.711917
v -0.501498 4.501651 -1.633539
v -0.501210 4.501231 -1.643844
v -0.500944 4.500856 -1.654105
v -0.500677 4.500493 -1.664272
v -0.500397 4.500121 -1.674300
v -0.500097 4.499719 -1.684140
v -0.499768 4.499273 -1.693743
v -0.499405 4.498768 -1.703058
v -0.499000 4.498187 -1.712034
v -0.502414 4.501024 -1.633539
v -0.502141 4.500627 -1.643860
v -0.501884 4.500258 -1.654135
v -0.501624 4.499892 -1.664316
v -0.501350 4.499513 -1.674355
v -0.501056 4.499103 -1.684205
v -0.500733 4.498649 -1.693817
v -0.500373 4.498135 -1.703142
v -0.499968 4.497546 -1.712131
v -0.503269 4.500317 -1.633539
v -0.503009 4.499941 -1.643866
v -0.502754 4.499576 -1.654146
v -0.502494 4.499205 -1.664333
v -0.502222 4.498817 -1.674378
v -0.501931 4.498398 -1.684234
v -0.501612 4.497934 -1.693854
v -0.501255 4.497412 -1.703188
v -0.500850 4.496815 -1.712191
v -0.489589 4.493513 -1.773315
v -0.490352 4.492864 -1.775196
v -0.491139 4.492176 -1.776841
v -0.491943 4.491455 -1.778236
v -0.492757 4.490708 -1.779370
v -0.493573 4.489942 -1.780231
v -0.494385 4.489162 -1.780814
v -0.495187 4.488375 -1.781113
v -0.489129 4.494979 -1.767499
v -0.489990 4.494372 -1.768215
v -0.490844 4.493751 -1.769298
v -0.491702 4.493104 -1.770450
v -0.492562 4.492428 -1.771534
v -0.493419 4.491723 -1.772463
v -0.494268 4.490990 -1.773189
v -0.495100 4.490235 -1.773691
v -0.495907 4.489461 -1.773942
v -0.489429 4.495832 -1.762946
v -0.490389 4.495237 -1.762858
v -0.491330 4.494641 -1.763292
v -0.492258 4.494030 -1.763991
v -0.493174 4.493395 -1.764779
v -0.494074 4.492729 -1.765507
v -0.494955 4.492029 -1.766100
v -0.495807 4.491298 -1.766524
v -0.496621 4.490536 -1.766740
v -0.489755 4.496671 -1.757595
v -0.490792 4.496098 -1.757058
v -0.491808 4.495529 -1.757064
v -0.492801 4.494952 -1.757415
v -0.493771 4.494353 -1.757939
v -0.494715 4.493721 -1.758477
v -0.495628 4.493051 -1.758946
v -0.496500 4.492340 -1.759298
v -0.497325 4.491587 -1.759487
v -0.490104 4.497488 -1.751491
v -0.491202 4.496942 -1.750750
v -0.492279 4.496405 -1.750524
v -0.493329 4.495860 -1.750640
v -0.494349 4.495292 -1.750953
v -0.495335 4.494689 -1.751329
v -0.496279 4.494044 -1.751687
v -0.497173 4.493351 -1.751974
v -0.498009 4.492604 -1.752140
v -0.490471 4.498277 -1.744684
v -0.491619 4.497761 -1.743909
v -0.492744 4.497256 -1.743597
v -0.493842 4.496741 -1.743585
v -0.494906 4.496202 -1.743756
v -0.495928 4.495625 -1.744010
v -0.496902 4.495001 -1.744280
v -0.497817 4.494321 -1.744513
v -0.498665 4.493578 -1.744655
v -0.490855 4.499031 -1.737232
v -0.492039 4.498545 -1.736553
v -0.493203 4.498070 -1.736258
v -0.494339 4.497583 -1.736199
v -0.495438 4.497068 -1.736292
v -0.496492 4.496513 -1.736468
v -0.497491 4.495907 -1.736673
v -0.498425 4.495239 -1.736859
v -0.499286 4.494499 -1.736978
v -0.491252 4.499743 -1.729198
v -0.492461 4.499288 -1.728714
v -0.493652 4.498838 -1.728498
v -0.494816 4.498373 -1.728448
v -0.495942 4.497878 -1.728511
v -0.497020 4.497341 -1.728644
v -0.498040 4.496750 -1.728804
v -0.498991 4.496091 -1.728952
v -0.499862 4.495353 -1.729048
v -0.491659 4.500407 -1.720652
v -0.492882 4.499979 -1.720413
v -0.494090 4.499547 -1.720302
v -0.495272 4.499096 -1.720296
v -0.496416 4.498616 -1.720366
v -0.497511 4.498094 -1.720481
v -0.498545 4.497515 -1.720613
v -0.499508 4.496865 -1.720732
v -0.500387 4.496130 -1.720808
v -0.501434 4.482402 -1.767615
v -0.502014 4.482785 -1.763054
v -0.502583 4.483213 -1.757693
v -0.503139 4.483682 -1.751578
v -0.503675 4.484190 -1.744760
v -0.504186 4.484730 -1.737297
v -0.504670 4.485299 -1.729253
v -0.505121 4.485892 -1.720695
v -0.500426 4.482626 -1.773427
v -0.500968 4.483163 -1.768472
v -0.501539 4.483692 -1.763277
v -0.502118 4.484234 -1.757582
v -0.502690 4.484797 -1.751315
v -0.503245 4.485379 -1.744454
v -0.503775 4.485978 -1.737020
v -0.504275 4.486589 -1.729056
v -0.504735 4.487208 -1.720603
v -0.499939 4.483232 -1.775294
v -0.500477 4.483924 -1.769472
v -0.501051 4.484591 -1.763635
v -0.501641 4.485246 -1.757559
v -0.502230 4.485900 -1.751108
v -0.502805 4.486557 -1.744183
v -0.503353 4.487214 -1.736763
v -0.503868 4.487868 -1.728868
v -0.504340 4.488513 -1.720519
v -0.499394 4.483883 -1.776925
v -0.499948 4.484695 -1.770511
v -0.500538 4.485478 -1.764168
v -0.501145 4.486238 -1.757732
v -0.501752 4.486980 -1.751062
v -0.502346 4.487709 -1.744030
v -0.502912 4.488424 -1.736591
v -0.503443 4.489119 -1.728741
v -0.503927 4.489789 -1.720475
v -0.498795 4.484572 -1.778306
v -0.499378 4.485479 -1.771497
v -0.499991 4.486356 -1.764796
v -0.500620 4.487206 -1.758060
v -0.501247 4.488029 -1.751170
v -0.501858 4.488826 -1.744011
v -0.502442 4.489594 -1.736527
v -0.502987 4.490329 -1.728693
v -0.503485 4.491024 -1.720480
v -0.498147 4.485293 -1.779424
v -0.498764 4.486273 -1.772364
v -0.499406 4.487225 -1.765423
v -0.500057 4.488149 -1.758468
v -0.500704 4.489040 -1.751397
v -0.501333 4.489896 -1.744121
v -0.501932 4.490713 -1.736583
v -0.502492 4.491484 -1.728738
v -0.503001 4.492205 -1.720543
v -0.497457 4.486040 -1.780271
v -0.498108 4.487073 -1.773074
v -0.498778 4.488083 -1.765987
v -0.499452 4.489063 -1.758884
v -0.500116 4.490008 -1.751683
v -0.500760 4.490913 -1.744314
v -0.501373 4.491771 -1.736720
v -0.501944 4.492575 -1.728847
v -0.502462 4.493317 -1.720643
v -0.496729 4.486807 -1.780838
v -0.497412 4.487875 -1.773601
v -0.498106 4.488924 -1.766436
v -0.498798 4.489944 -1.759241
v -0.499476 4.490929 -1.751954
v -0.500131 4.491871 -1.744517
v -0.500753 4.492760 -1.736874
v -0.501331 4.493589 -1.728969
v -0.501856 4.494349 -1.720745
v -0.495970 4.487588 -1.781121
v -0.496678 4.488673 -1.773911
v -0.497388 4.489742 -1.766712
v -0.498090 4.490787 -1.759470
v -0.498776 4.491796 -1.752135
v -0.499436 4.492762 -1.744659
v -0.500061 4.493672 -1.736985
v -0.500641 4.494519 -1.729055
v -0.501169 4.495292 -1.720813
v 0.495173 3.489072 -1.633539
v 0.486985 3.482130 -1.781710
v 0.499025 3.494166 -1.781585
v 0.507191 3.501090 -1.633539
v 0.494709 3.489042 -1.643167
v 0.494221 3.488953 -1.653104
v 0.493712 3.488806 -1.663266
v 0.493188 3.488601 -1.673567
v 0.492653 3.488343 -1.683919
v 0.492110 3.488031 -1.694233
v 0.491566 3.487669 -1.704423
v 0.491024 3.487260 -1.714400
v 0.496282 3.489125 -1.633539
v 0.495822 3.489163 -1.643513
v 0.495358 3.489117 -1.653585
v 0.494884 3.488997 -1.663778
v 0.494397 3.488811 -1.674043
v 0.493896 3.488567 -1.684313
v 0.493383 3.488268 -1.694508
v 0.492863 3.487916 -1.704541
v 0.492337 3.487513 -1.714316
v 0.497381 3.489279 -1.633539
v 0.496932 3.489341 -1.643752
v 0.496491 3.489314 -1.653980
v 0.496048 3.489210 -1.664230
v 0.495595 3.489038 -1.674476
v 0.495127 3.488806 -1.684677
v 0.494644 3.488518 -1.694765
v 0.494145 3.488174 -1.704656
v 0.493634 3.487778 -1.714262
v 0.498461 3.489534 -1.633539
v 0.498030 3.489594 -1.643906
v 0.497613 3.489569 -1.654257
v 0.497198 3.489468 -1.664572
v 0.496776 3.489301 -1.674825
v 0.496337 3.489076 -1.684986
v 0.495879 3.488795 -1.694995
v 0.495401 3.488459 -1.704778
v 0.494902 3.488068 -1.714260
v 0.499513 3.489887 -1.633539
v 0.499102 3.489930 -1.644004
v 0.498711 3.489891 -1.654440
v 0.498323 3.489784 -1.664812
v 0.497927 3.489615 -1.675087
v 0.497513 3.489390 -1.685230
v 0.497077 3.489112 -1.695187
v 0.496616 3.488780 -1.704897
v 0.496128 3.488392 -1.714295
v 0.500528 3.490335 -1.633539
v 0.500139 3.490348 -1.644067
v 0.499773 3.490286 -1.654558
v 0.499409 3.490165 -1.664971
v 0.499036 3.489988 -1.675267
v 0.498643 3.489760 -1.685404
v 0.498226 3.489480 -1.695332
v 0.497779 3.489148 -1.704998
v 0.497298 3.488762 -1.714348
v 0.501498 3.490875 -1.633539
v 0.501132 3.490848 -1.644104
v 0.500788 3.490757 -1.654628
v 0.500444 3.490615 -1.665066
v 0.500088 3.490427 -1.675376
v 0.499713 3.490191 -1.685513
v 0.499310 3.489907 -1.695430
v 0.498875 3.489572 -1.705076
v 0.498400 3.489185 -1.714405
v 0.502414 3.491501 -1.633539
v 0.502071 3.491425 -1.644122
v 0.501743 3.491302 -1.654662
v 0.501413 3.491139 -1.665115
v 0.501070 3.490935 -1.675433
v 0.500707 3.490689 -1.685573
v 0.500317 3.490397 -1.695487
v 0.499890 3.490057 -1.705130
v 0.499420 3.489667 -1.714455
v 0.503269 3.492209 -1.633539
v 0.502945 3.492080 -1.644127
v 0.502626 3.491925 -1.654673
v 0.502302 3.491738 -1.665130
v 0.501966 3.491517 -1.675453
v 0.501612 3.491257 -1.685596
v 0.501230 3.490956 -1.695512
v 0.500810 3.490609 -1.705157
v 0.500344 3.490215 -1.714484
v 0.487914 3.482030 -1.782714
v 0.488853 3.482049 -1.783611
v 0.489793 3.482185 -1.784394
v 0.490727 3.482438 -1.785056
v 0.491646 3.482805 -1.785591
v 0.492544 3.483284 -1.785996
v 0.493412 3.483869 -1.786265
v 0.494244 3.484557 -1.786398
v 0.487311 3.482769 -1.777028
v 0.488358 3.482784 -1.776851
v 0.489381 3.482857 -1.777090
v 0.490388 3.483018 -1.777483
v 0.491375 3.483276 -1.777913
v 0.492337 3.483636 -1.778304
v 0.493268 3.484097 -1.778618
v 0.494157 3.484658 -1.778839
v 0.494996 3.485319 -1.778947
v 0.487677 3.483404 -1.771518
v 0.488809 3.483500 -1.770709
v 0.489909 3.483634 -1.770441
v 0.490979 3.483829 -1.770492
v 0.492018 3.484098 -1.770708
v 0.493023 3.484453 -1.770962
v 0.493985 3.484899 -1.771191
v 0.494896 3.485437 -1.771366
v 0.495746 3.486070 -1.771456
v 0.488078 3.484028 -1.765225
v 0.489275 3.484180 -1.764112
v 0.490439 3.484364 -1.763547
v 0.491566 3.484591 -1.763358
v 0.492653 3.484878 -1.763398
v 0.493698 3.485234 -1.763529
v 0.494692 3.485670 -1.763681
v 0.495626 3.486188 -1.763815
v 0.496489 3.486794 -1.763893
v 0.488511 3.484636 -1.758201
v 0.489758 3.484826 -1.757008
v 0.490971 3.485046 -1.756326
v 0.492147 3.485302 -1.756005
v 0.493278 3.485606 -1.755920
v 0.494360 3.485968 -1.755957
v 0.495384 3.486397 -1.756047
v 0.496340 3.486899 -1.756148
v 0.497218 3.487482 -1.756215
v 0.488973 3.485222 -1.750507
v 0.490256 3.485439 -1.749388
v 0.491508 3.485684 -1.748719
v 0.492721 3.485961 -1.748361
v 0.493890 3.486278 -1.748215
v 0.495004 3.486644 -1.748196
v 0.496055 3.487069 -1.748247
v 0.497032 3.487560 -1.748324
v 0.497924 3.488126 -1.748381
v 0.489459 3.485783 -1.742207
v 0.490767 3.486017 -1.741274
v 0.492045 3.486278 -1.740709
v 0.493288 3.486567 -1.740387
v 0.494484 3.486892 -1.740237
v 0.495625 3.487261 -1.740201
v 0.496698 3.487684 -1.740232
v 0.497693 3.488168 -1.740293
v 0.498598 3.488723 -1.740341
v 0.489966 3.486312 -1.733372
v 0.491286 3.486558 -1.732709
v 0.492581 3.486827 -1.732301
v 0.493843 3.487121 -1.732062
v 0.495058 3.487449 -1.731950
v 0.496217 3.487819 -1.731925
v 0.497307 3.488241 -1.731954
v 0.498316 3.488722 -1.732006
v 0.499233 3.489271 -1.732046
v 0.490489 3.486806 -1.724077
v 0.491810 3.487059 -1.723722
v 0.493112 3.487328 -1.723490
v 0.494382 3.487621 -1.723363
v 0.495607 3.487949 -1.723316
v 0.496776 3.488319 -1.723324
v 0.497876 3.488741 -1.723363
v 0.498894 3.489222 -1.723411
v 0.499817 3.489769 -1.723446
v 0.499777 3.494460 -1.776914
v 0.500524 3.494785 -1.771414
v 0.501257 3.495138 -1.765132
v 0.501972 3.495516 -1.758119
v 0.502662 3.495916 -1.750435
v 0.503322 3.496335 -1.742146
v 0.503944 3.496768 -1.733321
v 0.504525 3.497213 -1.724036
v 0.498791 3.492903 -1.782602
v 0.499459 3.493301 -1.776932
v 0.500168 3.493695 -1.770964
v 0.500888 3.494096 -1.764475
v 0.501601 3.494509 -1.757415
v 0.502294 3.494936 -1.749782
v 0.502957 3.495373 -1.741607
v 0.503581 3.495819 -1.732940
v 0.504158 3.496267 -1.723835
v 0.498474 3.491666 -1.783513
v 0.499108 3.492148 -1.777143
v 0.499794 3.492609 -1.770676
v 0.500504 3.493060 -1.763924
v 0.501217 3.493509 -1.756782
v 0.501912 3.493963 -1.749175
v 0.502578 3.494421 -1.741096
v 0.503205 3.494878 -1.732574
v 0.503781 3.495331 -1.723641
v 0.498077 3.490465 -1.784310
v 0.498706 3.491017 -1.777471
v 0.499386 3.491536 -1.770612
v 0.500094 3.492034 -1.763605
v 0.500808 3.492522 -1.756336
v 0.501507 3.493005 -1.748705
v 0.502177 3.493484 -1.740684
v 0.502807 3.493954 -1.732275
v 0.503386 3.494412 -1.723485
v 0.497603 3.489311 -1.784987
v 0.498244 3.489920 -1.777842
v 0.498932 3.490489 -1.770710
v 0.499646 3.491032 -1.763488
v 0.500364 3.491557 -1.756080
v 0.501067 3.492070 -1.748397
v 0.501742 3.492571 -1.740400
v 0.502376 3.493056 -1.732068
v 0.502957 3.493520 -1.723383
v 0.497056 3.488212 -1.785537
v 0.497719 3.488868 -1.778200
v 0.498424 3.489480 -1.770890
v 0.499148 3.490063 -1.763513
v 0.499872 3.490625 -1.755992
v 0.500580 3.491168 -1.748257
v 0.501259 3.491691 -1.740262
v 0.501897 3.492190 -1.731970
v 0.502482 3.492662 -1.723348
v 0.496442 3.487179 -1.785956
v 0.497131 3.487873 -1.778513
v 0.497855 3.488521 -1.771097
v 0.498590 3.489142 -1.763622
v 0.499321 3.489739 -1.756025
v 0.500034 3.490310 -1.748247
v 0.500717 3.490855 -1.740241
v 0.501359 3.491369 -1.731962
v 0.501946 3.491849 -1.723365
v 0.495765 3.486220 -1.786241
v 0.496483 3.486941 -1.778761
v 0.497223 3.487623 -1.771291
v 0.497967 3.488281 -1.763760
v 0.498702 3.488910 -1.756115
v 0.499418 3.489509 -1.748305
v 0.500102 3.490074 -1.740283
v 0.500745 3.490601 -1.731999
v 0.501334 3.491089 -1.723406
v 0.495030 3.485343 -1.786390
v 0.495773 3.486084 -1.778917
v 0.496522 3.486801 -1.771427
v 0.497270 3.487493 -1.763869
v 0.498005 3.488153 -1.756199
v 0.498719 3.488777 -1.748370
v 0.499401 3.489359 -1.740334
v 0.500042 3.489898 -1.732042
v 0.500630 3.490392 -1.723443
v 0.507138 3.499981 -1.633539
v 0.506983 3.498882 -1.633539
v 0.506729 3.497802 -1.633539
v 0.506376 3.496750 -1.633539
v 0.505928 3.495734 -1.633539
v 0.505388 3.494765 -1.633539
v 0.504762 3.493849 -1.633539
v 0.504054 3.492994 -1.633539
v 0.507155 3.500715 -1.643166
v 0.506927 3.499611 -1.643550
v 0.506691 3.498528 -1.643770
v 0.506400 3.497471 -1.643912
v 0.506037 3.496445 -1.644007
v 0.505591 3.495458 -1.644067
v 0.505060 3.494518 -1.644103
v 0.504442 3.493635 -1.644121
v 0.503738 3.492818 -1.644127
v 0.507050 3.500318 -1.653101
v 0.506716 3.499233 -1.653638
v 0.506405 3.498171 -1.654010
v 0.506075 3.497137 -1.654268
v 0.505698 3.496137 -1.654443
v 0.505252 3.495178 -1.654558
v 0.504727 3.494267 -1.654626
v 0.504117 3.493415 -1.654661
v 0.503419 3.492630 -1.654672
v 0.506877 3.499902 -1.663260
v 0.506484 3.498842 -1.663822
v 0.506122 3.497804 -1.664259
v 0.505760 3.496794 -1.664585
v 0.505366 3.495819 -1.664816
v 0.504915 3.494885 -1.664971
v 0.504392 3.494002 -1.665064
v 0.503788 3.493176 -1.665112
v 0.503094 3.492418 -1.665129
v 0.506637 3.499471 -1.673557
v 0.506216 3.498438 -1.674061
v 0.505828 3.497425 -1.674493
v 0.505443 3.496439 -1.674835
v 0.505034 3.495487 -1.675090
v 0.504576 3.494577 -1.675265
v 0.504052 3.493716 -1.675373
v 0.503451 3.492914 -1.675430
v 0.502760 3.492177 -1.675451
v 0.506333 3.499028 -1.683904
v 0.505905 3.498022 -1.684300
v 0.505507 3.497033 -1.684677
v 0.505111 3.496069 -1.684991
v 0.504691 3.495138 -1.685231
v 0.504227 3.494247 -1.685400
v 0.503702 3.493406 -1.685508
v 0.503101 3.492622 -1.685569
v 0.502410 3.491902 -1.685593
v 0.505966 3.498577 -1.694213
v 0.505546 3.497594 -1.694474
v 0.505150 3.496626 -1.694757
v 0.504750 3.495681 -1.694999
v 0.504326 3.494768 -1.695187
v 0.503858 3.493894 -1.695328
v 0.503331 3.493067 -1.695424
v 0.502728 3.492296 -1.695482
v 0.502033 3.491589 -1.695509
v 0.505540 3.498121 -1.704396
v 0.505138 3.497158 -1.704511
v 0.504749 3.496207 -1.704662
v 0.504351 3.495277 -1.704795
v 0.503924 3.494376 -1.704904
v 0.503454 3.493514 -1.704996
v 0.502924 3.492697 -1.705071
v 0.502318 3.491935 -1.705124
v 0.501619 3.491235 -1.705154
v 0.505059 3.497665 -1.714366
v 0.504678 3.496715 -1.714332
v 0.504297 3.495775 -1.714318
v 0.503900 3.494854 -1.714313
v 0.503473 3.493961 -1.714323
v 0.503001 3.493104 -1.714355
v 0.502468 3.492292 -1.714402
v 0.501858 3.491534 -1.714449
v 0.501156 3.490838 -1.714482
v -0.507191 3.501090 -1.633539
v -0.499025 3.494166 -1.781585
v -0.486985 3.482130 -1.781710
v -0.495173 3.489072 -1.633539
v -0.507155 3.500715 -1.643166
v -0.507050 3.500318 -1.653101
v -0.506877 3.499902 -1.663260
v -0.506637 3.499471 -1.673557
v -0.506333 3.499028 -1.683904
v -0.505966 3.498577 -1.694213
v -0.505540 3.498121 -1.704396
v -0.505059 3.497665 -1.714366
v -0.507138 3.499981 -1.633539
v -0.506917 3.499624 -1.643512
v -0.506722 3.499251 -1.653582
v -0.506507 3.498860 -1.663771
v -0.506252 3.498452 -1.674033
v -0.505945 3.498031 -1.684299
v -0.505583 3.497601 -1.694489
v -0.505165 3.497162 -1.704517
v -0.504691 3.496719 -1.714286
v -0.506983 3.498882 -1.633539
v -0.506658 3.498550 -1.643750
v -0.506387 3.498199 -1.653976
v -0.506130 3.497829 -1.664224
v -0.505858 3.497444 -1.674466
v -0.505548 3.497046 -1.684664
v -0.505190 3.496635 -1.694748
v -0.504779 3.496213 -1.704634
v -0.504311 3.495780 -1.714236
v -0.506729 3.497802 -1.633539
v -0.506348 3.497498 -1.643904
v -0.506031 3.497170 -1.654253
v -0.505742 3.496823 -1.664566
v -0.505453 3.496460 -1.674817
v -0.505136 3.496082 -1.684975
v -0.504779 3.495689 -1.694980
v -0.504373 3.495282 -1.704759
v -0.503912 3.494859 -1.714237
v -0.506376 3.496750 -1.633539
v -0.505974 3.496475 -1.644003
v -0.505635 3.496172 -1.654436
v -0.505326 3.495848 -1.664806
v -0.505022 3.495507 -1.675079
v -0.504698 3.495149 -1.685220
v -0.504340 3.494774 -1.695175
v -0.503937 3.494380 -1.704881
v -0.503480 3.493964 -1.714276
v -0.505928 3.495734 -1.633539
v -0.505527 3.495489 -1.644065
v -0.505183 3.495212 -1.654555
v -0.504866 3.494912 -1.664966
v -0.504552 3.494594 -1.675260
v -0.504222 3.494256 -1.685395
v -0.503862 3.493898 -1.695321
v -0.503460 3.493515 -1.704985
v -0.503004 3.493106 -1.714332
v -0.505388 3.494765 -1.633539
v -0.505003 3.494547 -1.644103
v -0.504665 3.494295 -1.654625
v -0.504346 3.494022 -1.665063
v -0.504027 3.493729 -1.675371
v -0.503692 3.493412 -1.685507
v -0.503329 3.493070 -1.695421
v -0.502926 3.492698 -1.705066
v -0.502469 3.492293 -1.714394
v -0.504762 3.493849 -1.633539
v -0.504401 3.493654 -1.644121
v -0.504073 3.493432 -1.654660
v -0.503754 3.493188 -1.665112
v -0.503431 3.492920 -1.675430
v -0.503092 3.492625 -1.685568
v -0.502725 3.492297 -1.695482
v -0.502318 3.491935 -1.705124
v -0.501859 3.491534 -1.714447
v -0.504054 3.492994 -1.633539
v -0.503719 3.492821 -1.644127
v -0.503397 3.492630 -1.654672
v -0.503077 3.492417 -1.665129
v -0.502750 3.492176 -1.675451
v -0.502405 3.491902 -1.685593
v -0.502032 3.491589 -1.695509
v -0.501619 3.491235 -1.705154
v -0.501156 3.490838 -1.714482
v -0.498791 3.492903 -1.782602
v -0.498474 3.491666 -1.783513
v -0.498077 3.490465 -1.784310
v -0.497603 3.489311 -1.784987
v -0.497056 3.488212 -1.785537
v -0.496442 3.487179 -1.785956
v -0.495765 3.486220 -1.786241
v -0.495030 3.485343 -1.786390
v -0.499777 3.494460 -1.776914
v -0.499476 3.493294 -1.776748
v -0.499142 3.492128 -1.776999
v -0.498751 3.490985 -1.777405
v -0.498294 3.489879 -1.777849
v -0.497769 3.488825 -1.778253
v -0.497175 3.487833 -1.778581
v -0.496514 3.486913 -1.778816
v -0.495788 3.486077 -1.778938
v -0.500524 3.494785 -1.771414
v -0.500179 3.493691 -1.770615
v -0.499823 3.492590 -1.770358
v -0.499430 3.491502 -1.770422
v -0.498986 3.490445 -1.770650
v -0.498479 3.489434 -1.770916
v -0.497903 3.488481 -1.771157
v -0.497257 3.487598 -1.771344
v -0.496540 3.486798 -1.771447
v -0.501257 3.495138 -1.765131
v -0.500888 3.494098 -1.764028
v -0.500516 3.493051 -1.763472
v -0.500121 3.492013 -1.763295
v -0.499684 3.491001 -1.763345
v -0.499189 3.490030 -1.763487
v -0.498627 3.489113 -1.763650
v -0.497993 3.488263 -1.763795
v -0.497284 3.487492 -1.763884
v -0.501972 3.495516 -1.758119
v -0.501591 3.494517 -1.756934
v -0.501213 3.493512 -1.756261
v -0.500816 3.492515 -1.755949
v -0.500382 3.491542 -1.755874
v -0.499894 3.490607 -1.755920
v -0.499342 3.489722 -1.756020
v -0.498718 3.488901 -1.756131
v -0.498014 3.488153 -1.756207
v -0.502662 3.495916 -1.750435
v -0.502278 3.494946 -1.749323
v -0.501899 3.493973 -1.748662
v -0.501502 3.493009 -1.748312
v -0.501070 3.492067 -1.748175
v -0.500588 3.491162 -1.748165
v -0.500043 3.490304 -1.748224
v -0.499425 3.489505 -1.748309
v -0.498723 3.488777 -1.748374
v -0.503322 3.496335 -1.742146
v -0.502939 3.495384 -1.741219
v -0.502563 3.494432 -1.740661
v -0.502168 3.493491 -1.740346
v -0.501739 3.492574 -1.740203
v -0.501260 3.491691 -1.740174
v -0.500720 3.490853 -1.740213
v -0.500105 3.490072 -1.740280
v -0.499403 3.489359 -1.740336
v -0.503944 3.496768 -1.733321
v -0.503568 3.495827 -1.732663
v -0.503194 3.494888 -1.732260
v -0.502800 3.493962 -1.732028
v -0.502372 3.493060 -1.731921
v -0.501896 3.492192 -1.731902
v -0.501359 3.491369 -1.731938
v -0.500745 3.490601 -1.731995
v -0.500042 3.489898 -1.732042
v -0.504525 3.497213 -1.724036
v -0.504156 3.496273 -1.723685
v -0.503781 3.495338 -1.723457
v -0.503386 3.494418 -1.723335
v -0.502958 3.493524 -1.723293
v -0.502483 3.492664 -1.723306
v -0.501946 3.491849 -1.723350
v -0.501334 3.491089 -1.723403
v -0.500630 3.490392 -1.723443
v -0.487311 3.482769 -1.777028
v -0.487677 3.483404 -1.771518
v -0.488078 3.484028 -1.765225
v -0.488511 3.484636 -1.758201
v -0.488973 3.485222 -1.750507
v -0.489459 3.485783 -1.742207
v -0.489966 3.486312 -1.733372
v -0.490489 3.486806 -1.724077
v -0.487914 3.482030 -1.782714
v -0.488346 3.482825 -1.777035
v -0.488788 3.483546 -1.771057
v -0.489251 3.484221 -1.764558
v -0.489735 3.484858 -1.757489
v -0.490236 3.485464 -1.749846
v -0.490750 3.486036 -1.741661
v -0.491274 3.486570 -1.732986
v -0.491803 3.487061 -1.723871
v -0.488853 3.482049 -1.783611
v -0.489367 3.482926 -1.777233
v -0.489885 3.483712 -1.770758
v -0.490410 3.484430 -1.763998
v -0.490944 3.485094 -1.756848
v -0.491484 3.485717 -1.749231
v -0.492026 3.486299 -1.741144
v -0.492568 3.486837 -1.732615
v -0.493103 3.487328 -1.723673
v -0.489793 3.482185 -1.784394
v -0.490373 3.483103 -1.777549
v -0.490956 3.483925 -1.770683
v -0.491540 3.484671 -1.763668
v -0.492123 3.485357 -1.756392
v -0.492702 3.485994 -1.748754
v -0.493273 3.486586 -1.740725
v -0.493832 3.487129 -1.732310
v -0.494374 3.487621 -1.723513
v -0.490727 3.482438 -1.785056
v -0.491359 3.483366 -1.777906
v -0.491998 3.484200 -1.770768
v -0.492633 3.484960 -1.763540
v -0.493261 3.485659 -1.756126
v -0.493876 3.486307 -1.748438
v -0.494475 3.486906 -1.740434
v -0.495052 3.487454 -1.732096
v -0.495603 3.487948 -1.723407
v -0.491646 3.482805 -1.785591
v -0.492322 3.483720 -1.778250
v -0.493005 3.484549 -1.770935
v -0.493683 3.485310 -1.763554
v -0.494349 3.486015 -1.756029
v -0.494996 3.486669 -1.748289
v -0.495620 3.487272 -1.740289
v -0.496214 3.487822 -1.731993
v -0.496774 3.488319 -1.723366
v -0.492544 3.483284 -1.785996
v -0.493254 3.484169 -1.778550
v -0.493972 3.484978 -1.771131
v -0.494683 3.485731 -1.763653
v -0.495378 3.486434 -1.756052
v -0.496051 3.487087 -1.748271
v -0.496696 3.487691 -1.740260
v -0.497306 3.488243 -1.731978
v -0.497876 3.488741 -1.723378
v -0.493412 3.483869 -1.786265
v -0.494148 3.484708 -1.778784
v -0.494890 3.485491 -1.771312
v -0.495622 3.486229 -1.763779
v -0.496338 3.486924 -1.756132
v -0.497030 3.487572 -1.748320
v -0.497692 3.488172 -1.740295
v -0.498316 3.488723 -1.732010
v -0.498894 3.489222 -1.723414
v -0.494244 3.484557 -1.786398
v -0.494997 3.485342 -1.778926
v -0.495750 3.486094 -1.771435
v -0.496493 3.486813 -1.763877
v -0.497220 3.487493 -1.756206
v -0.497925 3.488132 -1.748376
v -0.498599 3.488725 -1.740340
v -0.499233 3.489272 -1.732046
v -0.499817 3.489769 -1.723446
v -0.496282 3.489125 -1.633539
v -0.497381 3.489279 -1.633539
v -0.498461 3.489534 -1.633539
v -0.499513 3.489887 -1.633539
v -0.500528 3.490335 -1.633539
v -0.501498 3.490875 -1.633539
v -0.502414 3.491501 -1.633539
v -0.503269 3.492209 -1.633539
v -0.494709 3.489042 -1.643167
v -0.495826 3.489116 -1.643552
v -0.496946 3.489270 -1.643772
v -0.498051 3.489515 -1.643914
v -0.499130 3.489851 -1.644008
v -0.500169 3.490276 -1.644069
v -0.501160 3.490788 -1.644104
v -0.502090 3.491384 -1.644122
v -0.502948 3.492061 -1.644127
v -0.494221 3.488953 -1.653104
v -0.495362 3.489056 -1.653642
v -0.496505 3.489227 -1.654014
v -0.497637 3.489473 -1.654273
v -0.498741 3.489798 -1.654447
v -0.499805 3.490203 -1.654561
v -0.500815 3.490690 -1.654629
v -0.501760 3.491257 -1.654662
v -0.502626 3.491903 -1.654673
v -0.493712 3.488806 -1.663266
v -0.494884 3.488936 -1.663828
v -0.496056 3.489126 -1.664266
v -0.497215 3.489381 -1.664591
v -0.498345 3.489703 -1.664822
v -0.499432 3.490096 -1.664975
v -0.500463 3.490562 -1.665068
v -0.501424 3.491104 -1.665115
v -0.502300 3.491721 -1.665130
v -0.493188 3.488601 -1.673567
v -0.494394 3.488757 -1.674071
v -0.495597 3.488967 -1.674503
v -0.496783 3.489233 -1.674845
v -0.497938 3.489556 -1.675098
v -0.499048 3.489942 -1.675272
v -0.500099 3.490394 -1.675378
v -0.501076 3.490914 -1.675434
v -0.501965 3.491507 -1.675453
v -0.492653 3.488343 -1.683919
v -0.493892 3.488522 -1.684314
v -0.495124 3.488750 -1.684691
v -0.496337 3.489026 -1.685003
v -0.497517 3.489352 -1.685241
v -0.498648 3.489733 -1.685409
v -0.499717 3.490174 -1.685515
v -0.500710 3.490679 -1.685573
v -0.501611 3.491252 -1.685596
v -0.492110 3.488031 -1.694233
v -0.493380 3.488232 -1.694493
v -0.494639 3.488476 -1.694775
v -0.495876 3.488761 -1.695014
v -0.497077 3.489089 -1.695201
v -0.498227 3.489466 -1.695338
v -0.499312 3.489899 -1.695432
v -0.500317 3.490393 -1.695488
v -0.501230 3.490954 -1.695512
v -0.491566 3.487669 -1.704422
v -0.492859 3.487892 -1.704535
v -0.494140 3.488148 -1.704684
v -0.495396 3.488438 -1.704814
v -0.496614 3.488766 -1.704920
v -0.497778 3.489141 -1.705009
v -0.498875 3.489569 -1.705080
v -0.499890 3.490056 -1.705131
v -0.500810 3.490609 -1.705157
v -0.491024 3.487260 -1.714400
v -0.492333 3.487502 -1.714362
v -0.493629 3.487766 -1.714345
v -0.494897 3.488058 -1.714336
v -0.496125 3.488387 -1.714342
v -0.497297 3.488760 -1.714370
v -0.498399 3.489184 -1.714413
v -0.499420 3.489667 -1.714456
v -0.500344 3.490215 -1.714484
v 0.495173 4.503453 -1.633539
v 0.507191 4.491436 -1.633539
v 0.500850 4.482069 -1.771340
v 0.488855 4.494119 -1.771215
v 0.496282 4.503401 -1.633539
v 0.497381 4.503246 -1.633539
v 0.498461 4.502992 -1.633539
v 0.499513 4.502639 -1.633539
v 0.500528 4.502191 -1.633539
v 0.501498 4.501651 -1.633539
v 0.502414 4.501024 -1.633539
v 0.503269 4.500317 -1.633539
v 0.494836 4.503412 -1.643121
v 0.495947 4.503172 -1.643400
v 0.497058 4.502930 -1.643565
v 0.498155 4.502636 -1.643678
v 0.499224 4.502270 -1.643758
v 0.500255 4.501822 -1.643811
v 0.501237 4.501288 -1.643843
v 0.502160 4.500668 -1.643860
v 0.503012 4.499960 -1.643866
v 0.494478 4.503293 -1.652924
v 0.495603 4.502940 -1.653305
v 0.496730 4.502617 -1.653584
v 0.497843 4.502280 -1.653790
v 0.498930 4.501899 -1.653939
v 0.499976 4.501448 -1.654040
v 0.500971 4.500917 -1.654102
v 0.501901 4.500302 -1.654134
v 0.502754 4.499597 -1.654146
v 0.494103 4.503095 -1.662863
v 0.495248 4.502679 -1.663251
v 0.496393 4.502303 -1.663580
v 0.497524 4.501929 -1.663844
v 0.498628 4.501528 -1.664044
v 0.499689 4.501070 -1.664182
v 0.500696 4.500539 -1.664269
v 0.501635 4.499926 -1.664315
v 0.502493 4.499222 -1.664333
v 0.493712 4.502820 -1.672855
v 0.494880 4.502375 -1.673193
v 0.496045 4.501968 -1.673523
v 0.497194 4.501569 -1.673806
v 0.498314 4.501149 -1.674031
v 0.499389 4.500679 -1.674192
v 0.500408 4.500145 -1.674296
v 0.501356 4.499532 -1.674354
v 0.502221 4.498827 -1.674378
v 0.493311 4.502472 -1.682815
v 0.494500 4.502017 -1.683073
v 0.495684 4.501597 -1.683370
v 0.496850 4.501183 -1.683639
v 0.497984 4.500748 -1.683860
v 0.499072 4.500268 -1.684025
v 0.500102 4.499728 -1.684137
v 0.501059 4.499112 -1.684204
v 0.501930 4.498403 -1.684234
v 0.492901 4.502053 -1.692658
v 0.494109 4.501601 -1.692825
v 0.495308 4.501179 -1.693064
v 0.496488 4.500756 -1.693288
v 0.497633 4.500310 -1.693478
v 0.498732 4.499822 -1.693629
v 0.499770 4.499274 -1.693741
v 0.500734 4.498652 -1.693816
v 0.501612 4.497936 -1.693854
v 0.492487 4.501566 -1.702300
v 0.493707 4.501127 -1.702382
v 0.494917 4.500705 -1.702534
v 0.496105 4.500275 -1.702685
v 0.497258 4.499820 -1.702823
v 0.498362 4.499322 -1.702950
v 0.499405 4.498766 -1.703059
v 0.500374 4.498135 -1.703142
v 0.501255 4.497412 -1.703189
v 0.492071 4.501017 -1.711659
v 0.493296 4.500589 -1.711664
v 0.494510 4.500164 -1.711704
v 0.495699 4.499726 -1.711762
v 0.496853 4.499261 -1.711838
v 0.497957 4.498753 -1.711935
v 0.498999 4.498186 -1.712040
v 0.499968 4.497545 -1.712132
v 0.500850 4.496815 -1.712191
v 0.507163 4.490866 -1.643123
v 0.507081 4.490272 -1.652928
v 0.506947 4.489659 -1.662871
v 0.506761 4.489033 -1.672868
v 0.506524 4.488400 -1.682833
v 0.506240 4.487763 -1.692681
v 0.505909 4.487129 -1.702329
v 0.505535 4.486504 -1.711694
v 0.507138 4.492545 -1.633539
v 0.506939 4.491987 -1.643389
v 0.506773 4.491426 -1.653299
v 0.506598 4.490855 -1.663267
v 0.506394 4.490271 -1.673240
v 0.506151 4.489675 -1.683148
v 0.505865 4.489068 -1.692914
v 0.505534 4.488453 -1.702450
v 0.505158 4.487835 -1.711666
v 0.506983 4.493644 -1.633539
v 0.506690 4.493107 -1.643572
v 0.506455 4.492577 -1.653602
v 0.506240 4.492043 -1.663616
v 0.506018 4.491499 -1.673577
v 0.505768 4.490939 -1.683438
v 0.505480 4.490359 -1.693130
v 0.505148 4.489763 -1.702568
v 0.504770 4.489152 -1.711668
v 0.506729 4.494724 -1.633539
v 0.506387 4.494213 -1.643691
v 0.506110 4.493715 -1.653816
v 0.505866 4.493217 -1.663881
v 0.505628 4.492709 -1.673852
v 0.505369 4.492180 -1.683689
v 0.505076 4.491626 -1.693330
v 0.504744 4.491045 -1.702700
v 0.504363 4.490438 -1.711725
v 0.506376 4.495776 -1.633539
v 0.506018 4.495294 -1.643767
v 0.505724 4.494829 -1.653958
v 0.505463 4.494364 -1.664070
v 0.505210 4.493887 -1.674062
v 0.504942 4.493386 -1.683893
v 0.504645 4.492854 -1.693506
v 0.504310 4.492287 -1.702836
v 0.503927 4.491682 -1.711820
v 0.505928 4.496791 -1.633539
v 0.505574 4.496338 -1.643816
v 0.505279 4.495906 -1.654051
v 0.505012 4.495472 -1.664198
v 0.504751 4.495022 -1.674211
v 0.504476 4.494544 -1.684046
v 0.504175 4.494030 -1.693648
v 0.503837 4.493474 -1.702963
v 0.503449 4.492870 -1.711934
v 0.505388 4.497761 -1.633539
v 0.505054 4.497338 -1.643846
v 0.504768 4.496935 -1.654108
v 0.504501 4.496526 -1.664278
v 0.504236 4.496098 -1.674307
v 0.503958 4.495640 -1.684150
v 0.503653 4.495142 -1.693754
v 0.503310 4.494595 -1.703070
v 0.502917 4.493991 -1.712046
v 0.504762 4.498677 -1.633539
v 0.504456 4.498283 -1.643861
v 0.504182 4.497902 -1.654138
v 0.503919 4.497512 -1.664320
v 0.503653 4.497101 -1.674361
v 0.503371 4.496658 -1.684212
v 0.503062 4.496173 -1.693825
v 0.502714 4.495635 -1.703150
v 0.502316 4.495031 -1.712139
v 0.504054 4.499532 -1.633539
v 0.503778 4.499163 -1.643866
v 0.503515 4.498796 -1.654148
v 0.503254 4.498416 -1.664336
v 0.502986 4.498016 -1.674383
v 0.502701 4.497585 -1.684240
v 0.502387 4.497110 -1.693860
v 0.502035 4.496579 -1.703194
v 0.501633 4.495977 -1.712195
v 0.500426 4.482626 -1.773427
v 0.499939 4.483232 -1.775294
v 0.499394 4.483883 -1.776925
v 0.498795 4.484572 -1.778306
v 0.498147 4.485293 -1.779424
v 0.497457 4.486040 -1.780271
v 0.496729 4.486807 -1.780838
v 0.495970 4.487588 -1.781121
v 0.501434 4.482402 -1.767615
v 0.500979 4.483164 -1.768320
v 0.500499 4.483916 -1.769391
v 0.499978 4.484681 -1.770530
v 0.499411 4.485460 -1.771602
v 0.498796 4.486254 -1.772517
v 0.498135 4.487057 -1.773230
v 0.497432 4.487863 -1.773718
v 0.496690 4.488664 -1.773954
v 0.502014 4.482785 -1.763054
v 0.501546 4.483703 -1.762956
v 0.501068 4.484593 -1.763378
v 0.500566 4.485470 -1.764066
v 0.500026 4.486339 -1.764842
v 0.499441 4.487205 -1.765558
v 0.498809 4.488064 -1.766140
v 0.498129 4.488908 -1.766551
v 0.497402 4.489731 -1.766755
v 0.502584 4.483213 -1.757693
v 0.502116 4.484254 -1.757147
v 0.501647 4.485261 -1.757142
v 0.501161 4.486241 -1.757483
v 0.500644 4.487198 -1.757997
v 0.500084 4.488135 -1.758524
v 0.499475 4.489049 -1.758982
v 0.498816 4.489932 -1.759323
v 0.498102 4.490777 -1.759501
v 0.503139 4.483682 -1.751578
v 0.502681 4.484820 -1.750829
v 0.502225 4.485923 -1.750593
v 0.501755 4.486993 -1.750701
v 0.501257 4.488030 -1.751004
v 0.500718 4.489035 -1.751371
v 0.500130 4.490001 -1.751719
v 0.499487 4.490922 -1.751998
v 0.498783 4.491790 -1.752154
v 0.503675 4.484190 -1.744760
v 0.503232 4.485403 -1.743979
v 0.502793 4.486582 -1.743659
v 0.502340 4.487727 -1.743638
v 0.501859 4.488834 -1.743800
v 0.501337 4.489897 -1.744047
v 0.500766 4.490911 -1.744309
v 0.500136 4.491868 -1.744533
v 0.499439 4.492759 -1.744667
v 0.504186 4.484730 -1.737297
v 0.503762 4.485999 -1.736612
v 0.503341 4.487237 -1.736310
v 0.502904 4.488441 -1.736244
v 0.502439 4.489604 -1.736330
v 0.501932 4.490716 -1.736499
v 0.501374 4.491771 -1.736697
v 0.500754 4.492759 -1.736876
v 0.500062 4.493671 -1.736987
v 0.504670 4.485299 -1.729252
v 0.504265 4.486605 -1.728763
v 0.503860 4.487885 -1.728541
v 0.503437 4.489132 -1.728485
v 0.502985 4.490336 -1.728543
v 0.502491 4.491488 -1.728669
v 0.501943 4.492576 -1.728824
v 0.501331 4.493589 -1.728966
v 0.500642 4.494519 -1.729056
v 0.505121 4.485892 -1.720695
v 0.504734 4.487217 -1.720451
v 0.504340 4.488523 -1.720337
v 0.503928 4.489798 -1.720326
v 0.503485 4.491030 -1.720390
v 0.503001 4.492207 -1.720501
v 0.502462 4.493318 -1.720628
v 0.501856 4.494350 -1.720741
v 0.501169 4.495292 -1.720812
v 0.489129 4.494979 -1.767499
v 0.489429 4.495832 -1.762946
v 0.489755 4.496671 -1.757595
v 0.490104 4.497488 -1.751491
v 0.490471 4.498277 -1.744684
v 0.490855 4.499031 -1.737232
v 0.491252 4.499743 -1.729198
v 0.491659 4.500407 -1.720652
v 0.489589 4.493513 -1.773315
v 0.489988 4.494370 -1.768367
v 0.490381 4.495242 -1.763180
v 0.490781 4.496110 -1.757494
v 0.491189 4.496961 -1.751236
v 0.491606 4.497783 -1.744385
v 0.492029 4.498566 -1.736961
v 0.492454 4.499302 -1.729007
v 0.492877 4.499981 -1.720564
v 0.490352 4.492864 -1.775196
v 0.490846 4.493743 -1.769379
v 0.491325 4.494642 -1.763549
v 0.491797 4.495541 -1.757481
v 0.492265 4.496424 -1.751038
v 0.492730 4.497278 -1.744122
v 0.493191 4.498091 -1.736710
v 0.493643 4.498851 -1.728825
v 0.494084 4.499547 -1.720485
v 0.491139 4.492176 -1.776841
v 0.491706 4.493092 -1.770431
v 0.492257 4.494023 -1.764094
v 0.492795 4.494955 -1.757665
v 0.493319 4.495871 -1.751002
v 0.493832 4.496756 -1.743977
v 0.494329 4.497597 -1.736546
v 0.494809 4.498381 -1.728703
v 0.495267 4.499095 -1.720445
v 0.491943 4.491455 -1.778236
v 0.492566 4.492413 -1.771430
v 0.493176 4.493382 -1.764732
v 0.493769 4.494348 -1.758003
v 0.494345 4.495295 -1.751119
v 0.494900 4.496208 -1.743966
v 0.495433 4.497075 -1.736489
v 0.495938 4.497882 -1.728662
v 0.496413 4.498616 -1.720456
v 0.492757 4.490709 -1.779370
v 0.493423 4.491708 -1.772310
v 0.494078 4.492713 -1.765372
v 0.494717 4.493711 -1.758421
v 0.495334 4.494686 -1.751355
v 0.495927 4.495625 -1.744085
v 0.496489 4.496516 -1.736552
v 0.497018 4.497343 -1.728713
v 0.497509 4.498094 -1.720523
v 0.493573 4.489942 -1.780231
v 0.494270 4.490978 -1.773033
v 0.494959 4.492014 -1.765948
v 0.495631 4.493039 -1.758848
v 0.496281 4.494039 -1.751651
v 0.496902 4.494999 -1.744286
v 0.497490 4.495907 -1.736696
v 0.498039 4.496750 -1.728827
v 0.498545 4.497515 -1.720628
v 0.494385 4.489162 -1.780814
v 0.495102 4.490226 -1.773574
v 0.495812 4.491285 -1.766409
v 0.496505 4.492330 -1.759216
v 0.497176 4.493345 -1.751931
v 0.497818 4.494319 -1.744497
v 0.498425 4.495238 -1.736858
v 0.498991 4.496091 -1.728956
v 0.499508 4.496865 -1.720735
v 0.495187 4.488375 -1.781113
v 0.495911 4.489454 -1.773898
v 0.496629 4.490525 -1.766698
v 0.497332 4.491578 -1.759455
v 0.498013 4.492599 -1.752122
v 0.498667 4.493576 -1.744646
v 0.499286 4.494498 -1.736975
v 0.499862 4.495353 -1.729048
v 0.500387 4.496130 -1.720808
v -0.263794 3.294971 3.080472
v -0.251777 3.282954 3.080472
v -0.263743 3.293862 3.080472
v -0.263590 3.292763 3.080472
v -0.263335 3.291682 3.080472
v -0.262983 3.290630 3.080472
v -0.262534 3.289614 3.080472
v -0.261994 3.288645 3.080472
v -0.261367 3.287729 3.080472
v -0.260658 3.286875 3.080472
v -0.259873 3.286090 3.080472
v -0.259019 3.285381 3.080472
v -0.258103 3.284753 3.080472
v -0.257133 3.284213 3.080472
v -0.256118 3.283765 3.080472
v -0.255065 3.283412 3.080472
v -0.253985 3.283158 3.080472
v -0.252886 3.283005 3.080472
v 0.263794 4.133206 3.080472
v 0.251777 4.145224 3.080472
v 0.263743 4.134315 3.080472
v 0.263590 4.135415 3.080472
v 0.263335 4.136495 3.080472
v 0.262983 4.137547 3.080472
v 0.262534 4.138563 3.080472
v 0.261994 4.139533 3.080472
v 0.261367 4.140449 3.080472
v 0.260658 4.141303 3.080472
v 0.259873 4.142087 3.080472
v 0.259019 4.142797 3.080472
v 0.258103 4.143424 3.080472
v 0.257133 4.143964 3.080472
v 0.256118 4.144413 3.080472
v 0.255065 4.144765 3.080472
v 0.253985 4.145019 3.080472
v 0.252886 4.145173 3.080472
v -0.263794 4.133206 3.080472
v -0.251777 4.145224 3.080472
v -0.263743 4.134315 3.080472
v -0.263590 4.135415 3.080472
v -0.263335 4.136495 3.080472
v -0.262983 4.137547 3.080472
v -0.262534 4.138563 3.080472
v -0.261994 4.139533 3.080472
v -0.261367 4.140449 3.080472
v -0.260658 4.141302 3.080472
v -0.259873 4.142087 3.080472
v -0.259019 4.142797 3.080472
v -0.258103 4.143424 3.080472
v -0.257133 4.143964 3.080472
v -0.256118 4.144412 3.080472
v -0.255065 4.144765 3.080472
v -0.253985 4.145019 3.080472
v -0.252886 4.145173 3.080472
v 0.263794 3.294971 3.080472
v 0.251777 3.282954 3.080472
v 0.263743 3.293862 3.080472
v 0.263590 3.292763 3.080472
v 0.263335 3.291682 3.080472
v 0.262983 3.290630 3.080472
v 0.262534 3.289614 3.080472
v 0.261994 3.288645 3.080472
v 0.261367 3.287729 3.080472
v 0.260658 3.286875 3.080472
v 0.259873 3.286090 3.080472
v 0.259019 3.285381 3.080472
v 0.258103 3.284753 3.080472
v 0.257133 3.284213 3.080472
v 0.256118 3.283765 3.080472
v 0.255065 3.283412 3.080472
v 0.253985 3.283158 3.080472
v 0.252886 3.283005 3.080472
v -0.262981 4.130621 -3.106018
v -0.250963 4.142639 -3.106018
v -0.262930 4.131731 -3.106018
v -0.262776 4.132830 -3.106018
v -0.262522 4.133910 -3.106018
v -0.262169 4.134963 -3.106018
v -0.261721 4.135978 -3.106018
v -0.261181 4.136948 -3.106018
v -0.260553 4.137864 -3.106018
v -0.259844 4.138718 -3.106018
v -0.259059 4.139503 -3.106018
v -0.258205 4.140212 -3.106018
v -0.257290 4.140839 -3.106018
v -0.256320 4.141379 -3.106018
v -0.255304 4.141828 -3.106018
v -0.254252 4.142180 -3.106018
v -0.253172 4.142435 -3.106018
v -0.252072 4.142588 -3.106018
v 0.262981 3.294036 -3.106018
v 0.250963 3.282018 -3.106018
v 0.262929 3.292927 -3.106018
v 0.262776 3.291827 -3.106018
v 0.262522 3.290747 -3.106018
v 0.262169 3.289694 -3.106018
v 0.261721 3.288679 -3.106018
v 0.261181 3.287709 -3.106018
v 0.260553 3.286793 -3.106018
v 0.259844 3.285939 -3.106018
v 0.259059 3.285155 -3.106018
v 0.258205 3.284445 -3.106018
v 0.257290 3.283818 -3.106018
v 0.256320 3.283278 -3.106018
v 0.255304 3.282830 -3.106018
v 0.254252 3.282477 -3.106018
v 0.253172 3.282223 -3.106018
v 0.252072 3.282069 -3.106018
v -0.262981 3.294036 -3.106018
v -0.250963 3.282018 -3.106018
v -0.262930 3.292927 -3.106018
v -0.262776 3.291827 -3.106018
v -0.262522 3.290747 -3.106018
v -0.262169 3.289694 -3.106018
v -0.261721 3.288679 -3.106018
v -0.261181 3.287709 -3.106018
v -0.260553 3.286793 -3.106018
v -0.259844 3.285939 -3.106018
v -0.259059 3.285155 -3.106018
v -0.258205 3.284445 -3.106018
v -0.257290 3.283818 -3.106018
v -0.256320 3.283278 -3.106018
v -0.255305 3.282830 -3.106018
v -0.254252 3.282477 -3.106018
v -0.253171 3.282223 -3.106018
v -0.252072 3.282069 -3.106018
v 0.262981 4.130621 -3.106018
v 0.250963 4.142639 -3.106018
v 0.262930 4.131731 -3.106018
v 0.262776 4.132830 -3.106018
v 0.262522 4.133910 -3.106018
v 0.262169 4.134963 -3.106018
v 0.261721 4.135978 -3.106018
v 0.261181 4.136948 -3.106018
v 0.260553 4.137864 -3.106018
v 0.259844 4.138718 -3.106018
v 0.259059 4.139503 -3.106018
v 0.258205 4.140212 -3.106018
v 0.257290 4.140839 -3.106018
v 0.256320 4.141379 -3.106018
v 0.255305 4.141828 -3.106018
v 0.254252 4.142180 -3.106018
v 0.253172 4.142435 -3.106018
v 0.252072 4.142588 -3.106018
vn -0.0000 0.7547 -0.6561
vn -0.0000 -0.9681 0.2505
vn 0.9845 -0.0000 -0.1755
vn -0.0000 -0.9689 -0.2476
vn -0.0000 0.7590 0.6511
vn -0.0000 -0.0000 -1.0000
vn 1.0000 -0.0000 -0.0000
vn -0.0000 -1.0000 -0.0000
vn -0.9848 -0.0000 0.1734
vn -0.0000 -0.9891 -0.1475
vn -0.0000 1.0000 -0.0000
vn -0.0000 -0.9888 0.1494
vn -0.9845 -0.0000 -0.1755
vn -1.0000 -0.0000 -0.0000
vn -0.0000 -0.0000 1.0000
vn 0.9848 -0.0000 0.1734
vn -0.0000 0.9680 0.2509
vn -0.0000 0.9670 -0.2546
vn -0.1562 -0.9657 -0.2073
vn -0.2957 -0.9371 -0.1856
vn -0.3870 -0.9094 -0.1523
vn -0.4446 -0.8884 -0.1141
vn -0.4800 -0.8743 -0.0718
vn -0.5019 -0.8645 -0.0255
vn -0.5180 -0.8550 0.0265
vn -0.5403 -0.8368 0.0885
vn -0.5905 -0.7893 0.1685
vn -0.2424 -0.9568 -0.1607
vn -0.3251 -0.9326 -0.1566
vn -0.3995 -0.9065 -0.1366
vn -0.4517 -0.8856 -0.1078
vn -0.4862 -0.8710 -0.0711
vn -0.5093 -0.8602 -0.0280
vn -0.5271 -0.8495 0.0226
vn -0.5487 -0.8316 0.0860
vn -0.5854 -0.7924 0.1714
vn -0.3135 -0.9406 -0.1299
vn -0.3601 -0.9235 -0.1324
vn -0.4105 -0.9037 -0.1220
vn -0.4540 -0.8853 -0.1010
vn -0.4891 -0.8695 -0.0690
vn -0.5152 -0.8566 -0.0290
vn -0.5358 -0.8441 0.0197
vn -0.5582 -0.8256 0.0826
vn -0.5914 -0.7886 0.1686
vn -0.3783 -0.9194 -0.1076
vn -0.4026 -0.9083 -0.1132
vn -0.4348 -0.8941 -0.1077
vn -0.4702 -0.8779 -0.0910
vn -0.5041 -0.8613 -0.0628
vn -0.5324 -0.8461 -0.0259
vn -0.5562 -0.8308 0.0206
vn -0.5821 -0.8090 0.0820
vn -0.6169 -0.7692 0.1667
vn -0.4413 -0.8930 -0.0888
vn -0.4542 -0.8857 -0.0960
vn -0.4755 -0.8749 -0.0920
vn -0.5035 -0.8605 -0.0774
vn -0.5339 -0.8439 -0.0520
vn -0.5628 -0.8264 -0.0175
vn -0.5906 -0.8065 0.0270
vn -0.6219 -0.7783 0.0863
vn -0.6598 -0.7326 0.1672
vn -0.5046 -0.8604 -0.0709
vn -0.5125 -0.8551 -0.0780
vn -0.5293 -0.8452 -0.0735
vn -0.5534 -0.8308 -0.0592
vn -0.5809 -0.8132 -0.0352
vn -0.6091 -0.7931 -0.0025
vn -0.6378 -0.7692 0.0397
vn -0.6698 -0.7364 0.0952
vn -0.7075 -0.6861 0.1691
vn -0.5672 -0.8219 -0.0524
vn -0.5755 -0.8158 -0.0569
vn -0.5937 -0.8031 -0.0500
vn -0.6178 -0.7856 -0.0345
vn -0.6443 -0.7647 -0.0107
vn -0.6707 -0.7414 0.0203
vn -0.6962 -0.7154 0.0589
vn -0.7237 -0.6815 0.1086
vn -0.7559 -0.6317 0.1721
vn -0.6303 -0.7757 -0.0312
vn -0.6437 -0.7646 -0.0301
vn -0.6667 -0.7451 -0.0194
vn -0.6920 -0.7219 -0.0020
vn -0.7177 -0.6960 0.0221
vn -0.7412 -0.6693 0.0512
vn -0.7616 -0.6424 0.0854
vn -0.7789 -0.6143 0.1260
vn -0.7993 -0.5749 0.1751
vn -0.3747 -0.1150 0.9200
vn -0.4832 -0.3381 0.8076
vn -0.5636 -0.3856 0.7306
vn -0.6341 -0.3712 0.6783
vn -0.6980 -0.3369 0.6319
vn -0.7523 -0.3052 0.5838
vn -0.7961 -0.2861 0.5332
vn -0.8305 -0.2829 0.4798
vn -0.8559 -0.2987 0.4221
vn -0.6224 -0.0424 0.7815
vn -0.6074 -0.2614 0.7501
vn -0.6212 -0.3530 0.6997
vn -0.6586 -0.3658 0.6576
vn -0.7119 -0.3408 0.6141
vn -0.7642 -0.3099 0.5656
vn -0.8087 -0.2881 0.5129
vn -0.8449 -0.2784 0.4567
vn -0.8736 -0.2810 0.3972
vn -0.7377 -0.0737 0.6711
vn -0.6927 -0.2478 0.6773
vn -0.6709 -0.3428 0.6576
vn -0.6839 -0.3701 0.6287
vn -0.7271 -0.3527 0.5890
vn -0.7762 -0.3234 0.5412
vn -0.8201 -0.2983 0.4883
vn -0.8566 -0.2828 0.4316
vn -0.8855 -0.2779 0.3723
vn -0.7957 -0.1572 0.5849
vn -0.7387 -0.2951 0.6060
vn -0.7040 -0.3730 0.6044
vn -0.7057 -0.3987 0.5857
vn -0.7408 -0.3837 0.5513
vn -0.7862 -0.3532 0.5072
vn -0.8285 -0.3242 0.4567
vn -0.8645 -0.3024 0.4016
vn -0.8927 -0.2904 0.3446
vn -0.8163 -0.2736 0.5086
vn -0.7512 -0.3885 0.5337
vn -0.7159 -0.4436 0.5392
vn -0.7169 -0.4561 0.5273
vn -0.7486 -0.4354 0.5000
vn -0.7912 -0.4009 0.4618
vn -0.8322 -0.3666 0.4159
vn -0.8672 -0.3389 0.3650
vn -0.8940 -0.3206 0.3129
vn -0.8025 -0.4114 0.4322
vn -0.7329 -0.5059 0.4549
vn -0.7051 -0.5384 0.4614
vn -0.7122 -0.5356 0.4538
vn -0.7454 -0.5065 0.4335
vn -0.7877 -0.4656 0.4035
vn -0.8285 -0.4237 0.3662
vn -0.8631 -0.3877 0.3237
vn -0.8892 -0.3623 0.2794
vn -0.7520 -0.5585 0.3501
vn -0.6896 -0.6245 0.3667
vn -0.6747 -0.6382 0.3706
vn -0.6908 -0.6238 0.3655
vn -0.7284 -0.5876 0.3524
vn -0.7721 -0.5413 0.3329
vn -0.8140 -0.4923 0.3084
vn -0.8504 -0.4465 0.2784
vn -0.8771 -0.4139 0.2439
vn -0.6719 -0.6932 0.2608
vn -0.6360 -0.7227 0.2707
vn -0.6337 -0.7248 0.2705
vn -0.6570 -0.7049 0.2673
vn -0.6988 -0.6659 0.2613
vn -0.7445 -0.6178 0.2531
vn -0.7887 -0.5651 0.2423
vn -0.8274 -0.5131 0.2284
vn -0.8565 -0.4724 0.2078
vn -0.9324 -0.3137 0.1792
vn -0.8986 -0.3992 0.1824
vn -0.8807 -0.4427 0.1688
vn -0.8661 -0.4776 0.1476
vn -0.8489 -0.5143 0.1217
vn -0.8254 -0.5570 0.0924
vn -0.7939 -0.6050 0.0608
vn -0.7516 -0.6590 0.0280
vn -0.6948 -0.7192 -0.0042
vn -0.8902 -0.4215 0.1728
vn -0.8927 -0.4127 0.1811
vn -0.8893 -0.4223 0.1755
vn -0.8830 -0.4411 0.1602
vn -0.8705 -0.4727 0.1372
vn -0.8505 -0.5146 0.1091
vn -0.8211 -0.5655 0.0776
vn -0.7783 -0.6264 0.0427
vn -0.7160 -0.6981 0.0047
vn -0.8709 -0.4561 0.1831
vn -0.8890 -0.4178 0.1872
vn -0.8968 -0.4027 0.1835
vn -0.8969 -0.4075 0.1716
vn -0.8884 -0.4334 0.1515
vn -0.8720 -0.4731 0.1255
vn -0.8458 -0.5249 0.0949
vn -0.8052 -0.5901 0.0594
vn -0.7427 -0.6693 0.0191
vn -0.8653 -0.4578 0.2042
vn -0.8898 -0.4089 0.2024
vn -0.9028 -0.3827 0.1963
vn -0.9066 -0.3795 0.1848
vn -0.9013 -0.3999 0.1665
vn -0.8884 -0.4363 0.1426
vn -0.8662 -0.4866 0.1138
vn -0.8290 -0.5536 0.0791
vn -0.7688 -0.6383 0.0383
vn -0.8663 -0.4414 0.2338
vn -0.8931 -0.3886 0.2265
vn -0.9075 -0.3602 0.2160
vn -0.9128 -0.3547 0.2023
vn -0.9099 -0.3718 0.1840
vn -0.8998 -0.4054 0.1613
vn -0.8810 -0.4537 0.1343
vn -0.8480 -0.5201 0.1016
vn -0.7917 -0.6078 0.0621
vn -0.8698 -0.4125 0.2705
vn -0.8965 -0.3601 0.2583
vn -0.9106 -0.3345 0.2428
vn -0.9163 -0.3310 0.2255
vn -0.9147 -0.3480 0.2054
vn -0.9066 -0.3804 0.1826
vn -0.8904 -0.4274 0.1565
vn -0.8611 -0.4926 0.1257
vn -0.8104 -0.5791 0.0888
vn -0.8722 -0.3748 0.3144
vn -0.8971 -0.3274 0.2967
vn -0.9101 -0.3085 0.2767
vn -0.9161 -0.3090 0.2557
vn -0.9152 -0.3291 0.2325
vn -0.9085 -0.3625 0.2079
vn -0.8942 -0.4092 0.1815
vn -0.8680 -0.4729 0.1519
vn -0.8235 -0.5548 0.1184
vn -0.8694 -0.3329 0.3651
vn -0.8910 -0.2980 0.3424
vn -0.9032 -0.2870 0.3191
vn -0.9095 -0.2933 0.2945
vn -0.9098 -0.3175 0.2675
vn -0.9041 -0.3539 0.2395
vn -0.8909 -0.4026 0.2103
vn -0.8679 -0.4631 0.1800
vn -0.8307 -0.5362 0.1499
vn -0.8299 -0.5290 0.1774
vn -0.9312 -0.3167 -0.1804
vn -0.8952 -0.4102 -0.1739
vn -0.8814 -0.4333 -0.1881
vn -0.8789 -0.4266 -0.2135
vn -0.8803 -0.4053 -0.2467
vn -0.8811 -0.3765 -0.2862
vn -0.8787 -0.3446 -0.3305
vn -0.8696 -0.3162 -0.3793
vn -0.8501 -0.3028 -0.4309
vn -0.8913 -0.4153 -0.1820
vn -0.8903 -0.4204 -0.1749
vn -0.8886 -0.4213 -0.1813
vn -0.8905 -0.4088 -0.1995
vn -0.8934 -0.3874 -0.2274
vn -0.8950 -0.3604 -0.2628
vn -0.8931 -0.3311 -0.3046
vn -0.8845 -0.3046 -0.3533
vn -0.8647 -0.2891 -0.4107
vn -0.8694 -0.4638 -0.1704
vn -0.8846 -0.4345 -0.1692
vn -0.8933 -0.4142 -0.1744
vn -0.8996 -0.3941 -0.1881
vn -0.9034 -0.3731 -0.2113
vn -0.9054 -0.3488 -0.2421
vn -0.9042 -0.3223 -0.2802
vn -0.8967 -0.2989 -0.3265
vn -0.8784 -0.2853 -0.3835
vn -0.8533 -0.4988 -0.1521
vn -0.8780 -0.4524 -0.1562
vn -0.8935 -0.4183 -0.1632
vn -0.9030 -0.3921 -0.1755
vn -0.9082 -0.3702 -0.1955
vn -0.9110 -0.3475 -0.2223
vn -0.9106 -0.3245 -0.2560
vn -0.9045 -0.3047 -0.2984
vn -0.8881 -0.2956 -0.3521
vn -0.8369 -0.5321 -0.1287
vn -0.8678 -0.4778 -0.1365
vn -0.8880 -0.4359 -0.1464
vn -0.9003 -0.4049 -0.1596
vn -0.9073 -0.3808 -0.1782
vn -0.9111 -0.3591 -0.2021
vn -0.9116 -0.3393 -0.2319
vn -0.9065 -0.3252 -0.2694
vn -0.8914 -0.3235 -0.3173
vn -0.8168 -0.5680 -0.1012
vn -0.8522 -0.5111 -0.1116
vn -0.8758 -0.4664 -0.1243
vn -0.8911 -0.4319 -0.1392
vn -0.9002 -0.4057 -0.1580
vn -0.9055 -0.3840 -0.1805
vn -0.9068 -0.3669 -0.2076
vn -0.9026 -0.3569 -0.2407
vn -0.8884 -0.3622 -0.2820
vn -0.7909 -0.6080 -0.0701
vn -0.8286 -0.5537 -0.0824
vn -0.8542 -0.5108 -0.0969
vn -0.8720 -0.4761 -0.1135
vn -0.8840 -0.4482 -0.1333
vn -0.8913 -0.4258 -0.1559
vn -0.8942 -0.4092 -0.1817
vn -0.8907 -0.4024 -0.2114
vn -0.8773 -0.4123 -0.2456
vn -0.7552 -0.6545 -0.0355
vn -0.7919 -0.6086 -0.0491
vn -0.8179 -0.5717 -0.0640
vn -0.8379 -0.5397 -0.0815
vn -0.8529 -0.5119 -0.1026
vn -0.8637 -0.4880 -0.1263
vn -0.8693 -0.4702 -0.1527
vn -0.8688 -0.4609 -0.1811
vn -0.8575 -0.4701 -0.2091
vn -0.3583 -0.1086 -0.9273
vn -0.5837 -0.0447 -0.8107
vn -0.6871 -0.1156 -0.7173
vn -0.7348 -0.2405 -0.6343
vn -0.7411 -0.3909 -0.5458
vn -0.7133 -0.5391 -0.4479
vn -0.6649 -0.6622 -0.3455
vn -0.6162 -0.7478 -0.2473
vn -0.5900 -0.7916 -0.1587
vn -0.4908 -0.3146 -0.8125
vn -0.6159 -0.1891 -0.7648
vn -0.6963 -0.1859 -0.6932
vn -0.7377 -0.2605 -0.6228
vn -0.7465 -0.3843 -0.5431
vn -0.7252 -0.5202 -0.4512
vn -0.6812 -0.6426 -0.3509
vn -0.6277 -0.7378 -0.2483
vn -0.5779 -0.8023 -0.1493
vn -0.5745 -0.3857 -0.7219
vn -0.6448 -0.2824 -0.7102
vn -0.6995 -0.2552 -0.6675
vn -0.7348 -0.2951 -0.6107
vn -0.7471 -0.3909 -0.5376
vn -0.7328 -0.5093 -0.4512
vn -0.6947 -0.6260 -0.3544
vn -0.6413 -0.7250 -0.2513
vn -0.5850 -0.7971 -0.1493
vn -0.6401 -0.3960 -0.6584
vn -0.6791 -0.3196 -0.6608
vn -0.7145 -0.2934 -0.6351
vn -0.7426 -0.3191 -0.5888
vn -0.7558 -0.3937 -0.5232
vn -0.7479 -0.4932 -0.4442
vn -0.7174 -0.6001 -0.3539
vn -0.6694 -0.6979 -0.2546
vn -0.6132 -0.7748 -0.1538
vn -0.6966 -0.3798 -0.6088
vn -0.7199 -0.3205 -0.6156
vn -0.7429 -0.3038 -0.5965
vn -0.7635 -0.3266 -0.5571
vn -0.7746 -0.3875 -0.4998
vn -0.7700 -0.4725 -0.4289
vn -0.7480 -0.5661 -0.3465
vn -0.7093 -0.6571 -0.2552
vn -0.6590 -0.7348 -0.1604
vn -0.7452 -0.3545 -0.5648
vn -0.7618 -0.3070 -0.5704
vn -0.7785 -0.2980 -0.5524
vn -0.7939 -0.3203 -0.5168
vn -0.8026 -0.3723 -0.4660
vn -0.7997 -0.4444 -0.4036
vn -0.7826 -0.5268 -0.3317
vn -0.7511 -0.6105 -0.2513
vn -0.7084 -0.6858 -0.1667
vn -0.7863 -0.3291 -0.5229
vn -0.8005 -0.2930 -0.5229
vn -0.8153 -0.2885 -0.5020
vn -0.8283 -0.3085 -0.4678
vn -0.8351 -0.3528 -0.4221
vn -0.8328 -0.4124 -0.3693
vn -0.8186 -0.4837 -0.3096
vn -0.7923 -0.5598 -0.2427
vn -0.7577 -0.6296 -0.1720
vn -0.8212 -0.3094 -0.4795
vn -0.8350 -0.2862 -0.4699
vn -0.8494 -0.2834 -0.4451
vn -0.8608 -0.2991 -0.4118
vn -0.8659 -0.3354 -0.3711
vn -0.8638 -0.3830 -0.3273
vn -0.8520 -0.4421 -0.2804
vn -0.8293 -0.5094 -0.2297
vn -0.8011 -0.5720 -0.1761
vn -0.1582 -0.9649 0.2097
vn -0.2340 -0.9582 0.1644
vn -0.3004 -0.9436 0.1390
vn -0.3651 -0.9230 0.1212
vn -0.4327 -0.8955 0.1046
vn -0.5023 -0.8604 0.0856
vn -0.5723 -0.8176 0.0628
vn -0.6401 -0.7675 0.0352
vn -0.7039 -0.7102 0.0013
vn -0.3162 -0.9308 0.1833
vn -0.3151 -0.9368 0.1524
vn -0.3420 -0.9306 0.1308
vn -0.3853 -0.9156 0.1150
vn -0.4455 -0.8898 0.0988
vn -0.5151 -0.8534 0.0791
vn -0.5881 -0.8070 0.0548
vn -0.6619 -0.7492 0.0249
vn -0.7344 -0.6786 -0.0115
vn -0.4360 -0.8879 0.1467
vn -0.3938 -0.9098 0.1312
vn -0.3869 -0.9145 0.1184
vn -0.4099 -0.9059 0.1061
vn -0.4625 -0.8820 0.0904
vn -0.5306 -0.8447 0.0701
vn -0.6054 -0.7947 0.0446
vn -0.6828 -0.7305 0.0128
vn -0.7587 -0.6510 -0.0254
vn -0.5198 -0.8478 0.1052
vn -0.4543 -0.8848 0.1034
vn -0.4284 -0.8981 0.0991
vn -0.4390 -0.8939 0.0907
vn -0.4846 -0.8714 0.0761
vn -0.5497 -0.8335 0.0557
vn -0.6242 -0.7807 0.0296
vn -0.7032 -0.7110 -0.0033
vn -0.7800 -0.6244 -0.0426
vn -0.5730 -0.8173 0.0612
vn -0.4947 -0.8662 0.0700
vn -0.4621 -0.8838 0.0724
vn -0.4687 -0.8808 0.0674
vn -0.5102 -0.8584 0.0545
vn -0.5722 -0.8194 0.0347
vn -0.6457 -0.7636 0.0082
vn -0.7238 -0.6895 -0.0253
vn -0.7983 -0.5987 -0.0647
vn -0.6006 -0.7994 0.0155
vn -0.5169 -0.8555 0.0322
vn -0.4878 -0.8721 0.0385
vn -0.4971 -0.8670 0.0355
vn -0.5380 -0.8426 0.0237
vn -0.5983 -0.8013 0.0049
vn -0.6693 -0.7427 -0.0205
vn -0.7440 -0.6661 -0.0526
vn -0.8139 -0.5739 -0.0902
vn -0.6048 -0.7957 -0.0327
vn -0.5292 -0.8484 -0.0119
vn -0.5106 -0.8598 -0.0053
vn -0.5266 -0.8501 -0.0082
vn -0.5704 -0.8212 -0.0192
vn -0.6284 -0.7770 -0.0361
vn -0.6945 -0.7171 -0.0581
vn -0.7630 -0.6407 -0.0861
vn -0.8257 -0.5513 -0.1195
vn -0.5936 -0.8000 -0.0874
vn -0.5448 -0.8358 -0.0688
vn -0.5399 -0.8392 -0.0648
vn -0.5635 -0.8233 -0.0686
vn -0.6097 -0.7887 -0.0785
vn -0.6648 -0.7414 -0.0919
vn -0.7233 -0.6821 -0.1079
vn -0.7805 -0.6123 -0.1266
vn -0.8324 -0.5331 -0.1510
vn -0.8318 -0.5255 -0.1788
vn 0.9327 -0.3129 0.1792
vn 0.8968 -0.4072 0.1729
vn 0.8829 -0.4308 0.1869
vn 0.8802 -0.4247 0.2119
vn 0.8815 -0.4037 0.2448
vn 0.8824 -0.3754 0.2837
vn 0.8800 -0.3439 0.3278
vn 0.8711 -0.3158 0.3760
vn 0.8519 -0.3029 0.4273
vn 0.8930 -0.4119 0.1813
vn 0.8915 -0.4183 0.1740
vn 0.8898 -0.4194 0.1802
vn 0.8916 -0.4071 0.1981
vn 0.8944 -0.3860 0.2258
vn 0.8959 -0.3595 0.2609
vn 0.8941 -0.3305 0.3023
vn 0.8856 -0.3049 0.3505
vn 0.8661 -0.2897 0.4073
vn 0.8708 -0.4614 0.1700
vn 0.8857 -0.4326 0.1685
vn 0.8942 -0.4129 0.1733
vn 0.9002 -0.3934 0.1868
vn 0.9041 -0.3722 0.2097
vn 0.9061 -0.3481 0.2404
vn 0.9049 -0.3222 0.2781
vn 0.8975 -0.2989 0.3242
vn 0.8794 -0.2861 0.3806
vn 0.8542 -0.4973 0.1517
vn 0.8788 -0.4511 0.1555
vn 0.8941 -0.4174 0.1623
vn 0.9035 -0.3914 0.1744
vn 0.9086 -0.3699 0.1940
vn 0.9113 -0.3476 0.2207
vn 0.9110 -0.3247 0.2542
vn 0.9049 -0.3056 0.2963
vn 0.8886 -0.2970 0.3496
vn 0.8376 -0.5310 0.1285
vn 0.8683 -0.4771 0.1360
vn 0.8883 -0.4356 0.1456
vn 0.9006 -0.4047 0.1585
vn 0.9077 -0.3806 0.1769
vn 0.9114 -0.3594 0.2007
vn 0.9118 -0.3401 0.2303
vn 0.9067 -0.3261 0.2675
vn 0.8915 -0.3252 0.3153
vn 0.8172 -0.5675 0.1011
vn 0.8524 -0.5109 0.1112
vn 0.8759 -0.4664 0.1235
vn 0.8911 -0.4323 0.1383
vn 0.9002 -0.4063 0.1568
vn 0.9053 -0.3850 0.1793
vn 0.9067 -0.3681 0.2061
vn 0.9024 -0.3586 0.2390
vn 0.8882 -0.3642 0.2801
vn 0.7910 -0.6078 0.0701
vn 0.8286 -0.5537 0.0822
vn 0.8542 -0.5109 0.0964
vn 0.8718 -0.4766 0.1127
vn 0.8835 -0.4493 0.1323
vn 0.8909 -0.4270 0.1548
vn 0.8937 -0.4108 0.1803
vn 0.8903 -0.4042 0.2099
vn 0.8766 -0.4148 0.2440
vn 0.7551 -0.6547 0.0358
vn 0.7917 -0.6089 0.0492
vn 0.8175 -0.5724 0.0638
vn 0.8374 -0.5406 0.0810
vn 0.8523 -0.5131 0.1019
vn 0.8628 -0.4897 0.1255
vn 0.8685 -0.4719 0.1515
vn 0.8677 -0.4635 0.1798
vn 0.8562 -0.4730 0.2078
vn 0.3622 -0.1119 0.9254
vn 0.5884 -0.0500 0.8070
vn 0.6910 -0.1212 0.7126
vn 0.7368 -0.2473 0.6293
vn 0.7409 -0.3982 0.5407
vn 0.7112 -0.5457 0.4431
vn 0.6608 -0.6683 0.3416
vn 0.6110 -0.7530 0.2442
vn 0.5844 -0.7962 0.1567
vn 0.4947 -0.3188 0.8085
vn 0.6201 -0.1944 0.7601
vn 0.6992 -0.1914 0.6888
vn 0.7393 -0.2674 0.6180
vn 0.7465 -0.3907 0.5386
vn 0.7230 -0.5267 0.4470
vn 0.6775 -0.6484 0.3472
vn 0.6231 -0.7426 0.2456
vn 0.5731 -0.8061 0.1477
vn 0.5775 -0.3904 0.7170
vn 0.6478 -0.2877 0.7054
vn 0.7020 -0.2596 0.6632
vn 0.7360 -0.3014 0.6062
vn 0.7468 -0.3969 0.5337
vn 0.7310 -0.5151 0.4476
vn 0.6913 -0.6316 0.3509
vn 0.6368 -0.7298 0.2487
vn 0.5804 -0.8008 0.1479
vn 0.6428 -0.3998 0.6534
vn 0.6815 -0.3240 0.6562
vn 0.7163 -0.2980 0.6309
vn 0.7437 -0.3242 0.5847
vn 0.7559 -0.3983 0.5196
vn 0.7464 -0.4985 0.4408
vn 0.7146 -0.6053 0.3508
vn 0.6656 -0.7024 0.2523
vn 0.6088 -0.7786 0.1525
vn 0.6991 -0.3827 0.6039
vn 0.7223 -0.3244 0.6108
vn 0.7448 -0.3074 0.5923
vn 0.7645 -0.3306 0.5534
vn 0.7743 -0.3926 0.4963
vn 0.7688 -0.4771 0.4258
vn 0.7455 -0.5710 0.3439
vn 0.7059 -0.6615 0.2533
vn 0.6554 -0.7383 0.1592
vn 0.7475 -0.3569 0.5603
vn 0.7637 -0.3100 0.5662
vn 0.7799 -0.3012 0.5486
vn 0.7948 -0.3235 0.5134
vn 0.8026 -0.3763 0.4629
vn 0.7988 -0.4484 0.4010
vn 0.7807 -0.5311 0.3294
vn 0.7485 -0.6145 0.2494
vn 0.7052 -0.6894 0.1656
vn 0.7885 -0.3308 0.5185
vn 0.8023 -0.2946 0.5191
vn 0.8166 -0.2911 0.4984
vn 0.8291 -0.3111 0.4645
vn 0.8353 -0.3557 0.4194
vn 0.8322 -0.4158 0.3668
vn 0.8175 -0.4870 0.3076
vn 0.7905 -0.5631 0.2410
vn 0.7549 -0.6331 0.1709
vn 0.8229 -0.3107 0.4757
vn 0.8366 -0.2873 0.4664
vn 0.8506 -0.2850 0.4419
vn 0.8614 -0.3013 0.4089
vn 0.8661 -0.3375 0.3688
vn 0.8634 -0.3858 0.3252
vn 0.8510 -0.4451 0.2786
vn 0.8278 -0.5124 0.2282
vn 0.7992 -0.5750 0.1750
vn 0.1584 -0.9655 -0.2067
vn 0.2335 -0.9588 -0.1619
vn 0.2999 -0.9441 -0.1367
vn 0.3645 -0.9236 -0.1191
vn 0.4318 -0.8961 -0.1027
vn 0.5020 -0.8608 -0.0839
vn 0.5719 -0.8180 -0.0615
vn 0.6397 -0.7679 -0.0341
vn 0.7036 -0.7106 -0.0007
vn 0.3163 -0.9314 -0.1803
vn 0.3144 -0.9374 -0.1499
vn 0.3414 -0.9311 -0.1285
vn 0.3843 -0.9163 -0.1129
vn 0.4446 -0.8905 -0.0970
vn 0.5143 -0.8541 -0.0776
vn 0.5871 -0.8077 -0.0537
vn 0.6613 -0.7497 -0.0240
vn 0.7339 -0.6792 0.0119
vn 0.4353 -0.8887 -0.1439
vn 0.3926 -0.9106 -0.1288
vn 0.3857 -0.9153 -0.1162
vn 0.4085 -0.9068 -0.1042
vn 0.4611 -0.8829 -0.0887
vn 0.5293 -0.8456 -0.0687
vn 0.6041 -0.7957 -0.0436
vn 0.6819 -0.7313 -0.0122
vn 0.7580 -0.6518 0.0255
vn 0.5178 -0.8493 -0.1030
vn 0.4523 -0.8861 -0.1014
vn 0.4264 -0.8993 -0.0974
vn 0.4371 -0.8950 -0.0891
vn 0.4827 -0.8726 -0.0747
vn 0.5479 -0.8348 -0.0547
vn 0.6228 -0.7818 -0.0289
vn 0.7020 -0.7122 0.0036
vn 0.7791 -0.6254 0.0425
vn 0.5700 -0.8195 -0.0597
vn 0.4916 -0.8681 -0.0687
vn 0.4596 -0.8853 -0.0711
vn 0.4661 -0.8823 -0.0662
vn 0.5077 -0.8599 -0.0534
vn 0.5700 -0.8210 -0.0339
vn 0.6437 -0.7652 -0.0078
vn 0.7221 -0.6913 0.0254
vn 0.7971 -0.6004 0.0643
vn 0.5959 -0.8029 -0.0148
vn 0.5132 -0.8577 -0.0314
vn 0.4844 -0.8740 -0.0376
vn 0.4936 -0.8690 -0.0346
vn 0.5353 -0.8443 -0.0231
vn 0.5959 -0.8030 -0.0044
vn 0.6669 -0.7449 0.0207
vn 0.7421 -0.6682 0.0524
vn 0.8126 -0.5759 0.0896
vn 0.5998 -0.7995 0.0326
vn 0.5250 -0.8510 0.0121
vn 0.5065 -0.8622 0.0056
vn 0.5230 -0.8523 0.0084
vn 0.5668 -0.8237 0.0193
vn 0.6256 -0.7793 0.0361
vn 0.6917 -0.7199 0.0578
vn 0.7612 -0.6429 0.0856
vn 0.8242 -0.5537 0.1187
vn 0.5879 -0.8043 0.0864
vn 0.5398 -0.8390 0.0681
vn 0.5355 -0.8421 0.0644
vn 0.5590 -0.8263 0.0682
vn 0.6061 -0.7916 0.0780
vn 0.6617 -0.7442 0.0913
vn 0.7203 -0.6853 0.1071
vn 0.7785 -0.6150 0.1257
vn 0.8308 -0.5361 0.1498
vn 0.8303 -0.5283 0.1775
vn 0.1558 -0.9651 0.2104
vn 0.2952 -0.9366 0.1886
vn 0.3876 -0.9087 0.1552
vn 0.4461 -0.8874 0.1163
vn 0.4827 -0.8727 0.0734
vn 0.5059 -0.8622 0.0264
vn 0.5229 -0.8520 -0.0266
vn 0.5453 -0.8334 -0.0895
vn 0.5960 -0.7846 -0.1706
vn 0.2428 -0.9562 0.1633
vn 0.3254 -0.9321 0.1592
vn 0.4002 -0.9058 0.1391
vn 0.4536 -0.8844 0.1099
vn 0.4890 -0.8693 0.0725
vn 0.5131 -0.8579 0.0289
vn 0.5317 -0.8466 -0.0226
vn 0.5542 -0.8279 -0.0870
vn 0.5907 -0.7881 -0.1734
vn 0.3141 -0.9401 0.1323
vn 0.3607 -0.9229 0.1347
vn 0.4115 -0.9029 0.1242
vn 0.4558 -0.8841 0.1028
vn 0.4918 -0.8679 0.0703
vn 0.5190 -0.8543 0.0298
vn 0.5401 -0.8414 -0.0196
vn 0.5628 -0.8224 -0.0833
vn 0.5961 -0.7846 -0.1703
vn 0.3790 -0.9189 0.1097
vn 0.4035 -0.9077 0.1153
vn 0.4361 -0.8932 0.1096
vn 0.4722 -0.8766 0.0927
vn 0.5070 -0.8596 0.0640
vn 0.5357 -0.8440 0.0265
vn 0.5604 -0.8280 -0.0206
vn 0.5868 -0.8055 -0.0827
vn 0.6212 -0.7654 -0.1681
vn 0.4423 -0.8923 0.0907
vn 0.4552 -0.8850 0.0978
vn 0.4769 -0.8739 0.0937
vn 0.5056 -0.8591 0.0788
vn 0.5364 -0.8423 0.0530
vn 0.5656 -0.8245 0.0181
vn 0.5941 -0.8039 -0.0270
vn 0.6252 -0.7756 -0.0868
vn 0.6632 -0.7292 -0.1684
vn 0.5051 -0.8600 0.0725
vn 0.5132 -0.8546 0.0795
vn 0.5304 -0.8444 0.0749
vn 0.5550 -0.8297 0.0603
vn 0.5832 -0.8116 0.0360
vn 0.6117 -0.7911 0.0029
vn 0.6408 -0.7666 -0.0397
vn 0.6732 -0.7333 -0.0959
vn 0.7108 -0.6825 -0.1704
vn 0.5679 -0.8214 0.0537
vn 0.5765 -0.8150 0.0582
vn 0.5950 -0.8021 0.0510
vn 0.6194 -0.7843 0.0353
vn 0.6463 -0.7630 0.0111
vn 0.6732 -0.7392 -0.0202
vn 0.6987 -0.7129 -0.0591
vn 0.7263 -0.6786 -0.1093
vn 0.7584 -0.6284 -0.1733
vn 0.6308 -0.7753 0.0323
vn 0.6443 -0.7642 0.0310
vn 0.6675 -0.7443 0.0201
vn 0.6935 -0.7205 0.0024
vn 0.7195 -0.6942 -0.0221
vn 0.7429 -0.6674 -0.0514
vn 0.7635 -0.6401 -0.0859
vn 0.7811 -0.6114 -0.1269
vn 0.8013 -0.5717 -0.1764
vn 0.3707 -0.1114 -0.9221
vn 0.4797 -0.3334 -0.8116
vn 0.5602 -0.3820 -0.7350
vn 0.6312 -0.3672 -0.6832
vn 0.6952 -0.3335 -0.6367
vn 0.7497 -0.3028 -0.5884
vn 0.7938 -0.2844 -0.5375
vn 0.8285 -0.2821 -0.4838
vn 0.8542 -0.2985 -0.4258
vn 0.6178 -0.0372 -0.7855
vn 0.6040 -0.2559 -0.7548
vn 0.6186 -0.3479 -0.7045
vn 0.6561 -0.3621 -0.6622
vn 0.7095 -0.3377 -0.6186
vn 0.7622 -0.3072 -0.5699
vn 0.8069 -0.2860 -0.5169
vn 0.8433 -0.2774 -0.4603
vn 0.8723 -0.2806 -0.4005
vn 0.7345 -0.0677 -0.6753
vn 0.6902 -0.2424 -0.6818
vn 0.6690 -0.3373 -0.6624
vn 0.6822 -0.3656 -0.6332
vn 0.7252 -0.3491 -0.5934
vn 0.7747 -0.3204 -0.5452
vn 0.8188 -0.2959 -0.4919
vn 0.8555 -0.2813 -0.4348
vn 0.8846 -0.2769 -0.3752
vn 0.7936 -0.1499 -0.5896
vn 0.7374 -0.2883 -0.6109
vn 0.7030 -0.3673 -0.6090
vn 0.7048 -0.3936 -0.5902
vn 0.7400 -0.3792 -0.5555
vn 0.7854 -0.3494 -0.5109
vn 0.8279 -0.3213 -0.4597
vn 0.8638 -0.3006 -0.4044
vn 0.8921 -0.2892 -0.3471
vn 0.8162 -0.2654 -0.5132
vn 0.7515 -0.3815 -0.5383
vn 0.7164 -0.4374 -0.5435
vn 0.7169 -0.4513 -0.5314
vn 0.7489 -0.4309 -0.5036
vn 0.7913 -0.3974 -0.4647
vn 0.8322 -0.3637 -0.4185
vn 0.8668 -0.3371 -0.3674
vn 0.8938 -0.3193 -0.3150
vn 0.8043 -0.4033 -0.4365
vn 0.7349 -0.4991 -0.4592
vn 0.7068 -0.5329 -0.4653
vn 0.7135 -0.5308 -0.4574
vn 0.7466 -0.5019 -0.4366
vn 0.7886 -0.4617 -0.4061
vn 0.8292 -0.4202 -0.3686
vn 0.8635 -0.3850 -0.3259
vn 0.8896 -0.3599 -0.2812
vn 0.7557 -0.5509 -0.3540
vn 0.6933 -0.6180 -0.3707
vn 0.6780 -0.6327 -0.3743
vn 0.6937 -0.6188 -0.3687
vn 0.7310 -0.5828 -0.3551
vn 0.7742 -0.5368 -0.3354
vn 0.8155 -0.4884 -0.3106
vn 0.8516 -0.4429 -0.2802
vn 0.8778 -0.4114 -0.2455
vn 0.6767 -0.6873 -0.2640
vn 0.6408 -0.7172 -0.2738
vn 0.6379 -0.7200 -0.2732
vn 0.6606 -0.7007 -0.2695
vn 0.7019 -0.6618 -0.2634
vn 0.7472 -0.6137 -0.2548
vn 0.7905 -0.5618 -0.2439
vn 0.8291 -0.5097 -0.2298
vn 0.8577 -0.4696 -0.2092
vn 0.9309 -0.3176 -0.1804
vn 0.8969 -0.4025 -0.1832
vn 0.8793 -0.4452 -0.1693
vn 0.8652 -0.4791 -0.1482
vn 0.8483 -0.5153 -0.1220
vn 0.8251 -0.5574 -0.0925
vn 0.7938 -0.6052 -0.0607
vn 0.7517 -0.6589 -0.0276
vn 0.6952 -0.7188 0.0049
vn 0.8886 -0.4245 -0.1738
vn 0.8911 -0.4156 -0.1820
vn 0.8883 -0.4242 -0.1763
vn 0.8823 -0.4424 -0.1609
vn 0.8700 -0.4734 -0.1378
vn 0.8502 -0.5148 -0.1096
vn 0.8212 -0.5653 -0.0778
vn 0.7786 -0.6260 -0.0426
vn 0.7167 -0.6973 -0.0042
vn 0.8692 -0.4589 -0.1843
vn 0.8878 -0.4199 -0.1883
vn 0.8958 -0.4043 -0.1845
vn 0.8963 -0.4085 -0.1726
vn 0.8881 -0.4337 -0.1523
vn 0.8718 -0.4733 -0.1263
vn 0.8460 -0.5245 -0.0954
vn 0.8057 -0.5892 -0.0596
vn 0.7435 -0.6685 -0.0189
vn 0.8638 -0.4601 -0.2056
vn 0.8888 -0.4104 -0.2038
vn 0.9020 -0.3839 -0.1976
vn 0.9060 -0.3802 -0.1860
vn 0.9011 -0.3999 -0.1675
vn 0.8884 -0.4361 -0.1436
vn 0.8664 -0.4860 -0.1145
vn 0.8297 -0.5525 -0.0796
vn 0.7698 -0.6371 -0.0384
vn 0.8650 -0.4431 -0.2355
vn 0.8921 -0.3900 -0.2281
vn 0.9069 -0.3610 -0.2176
vn 0.9124 -0.3549 -0.2038
vn 0.9097 -0.3717 -0.1852
vn 0.8998 -0.4049 -0.1625
vn 0.8813 -0.4528 -0.1352
vn 0.8487 -0.5189 -0.1023
vn 0.7930 -0.6060 -0.0625
vn 0.8686 -0.4138 -0.2727
vn 0.8956 -0.3609 -0.2602
vn 0.9099 -0.3350 -0.2446
vn 0.9159 -0.3309 -0.2272
vn 0.9145 -0.3478 -0.2068
vn 0.9066 -0.3797 -0.1839
vn 0.8908 -0.4261 -0.1576
vn 0.8621 -0.4907 -0.1266
vn 0.8117 -0.5771 -0.0895
vn 0.8709 -0.3755 -0.3170
vn 0.8961 -0.3281 -0.2990
vn 0.9095 -0.3084 -0.2788
vn 0.9156 -0.3089 -0.2576
vn 0.9151 -0.3282 -0.2341
vn 0.9087 -0.3612 -0.2094
vn 0.8946 -0.4077 -0.1828
vn 0.8690 -0.4706 -0.1530
vn 0.8251 -0.5523 -0.1193
vn 0.8681 -0.3329 -0.3683
vn 0.8899 -0.2985 -0.3451
vn 0.9025 -0.2866 -0.3215
vn 0.9091 -0.2924 -0.2967
vn 0.9096 -0.3164 -0.2693
vn 0.9041 -0.3527 -0.2412
vn 0.8915 -0.4004 -0.2119
vn 0.8688 -0.4609 -0.1813
vn 0.8326 -0.5329 -0.1511
vn 0.8318 -0.5255 -0.1787
vn -0.0777 -0.9970 0.0041
vn -0.1264 -0.9920 -0.0007
vn -0.1546 -0.9880 -0.0055
vn -0.1705 -0.9853 -0.0102
vn -0.1799 -0.9836 -0.0149
vn -0.1859 -0.9824 -0.0196
vn -0.1892 -0.9816 -0.0245
vn -0.1890 -0.9815 -0.0300
vn -0.1831 -0.9824 -0.0363
vn -0.1472 -0.9890 0.0115
vn -0.1636 -0.9865 0.0037
vn -0.1770 -0.9842 -0.0028
vn -0.1863 -0.9825 -0.0085
vn -0.1926 -0.9812 -0.0136
vn -0.1969 -0.9802 -0.0186
vn -0.1994 -0.9796 -0.0238
vn -0.1998 -0.9794 -0.0295
vn -0.1978 -0.9796 -0.0361
vn -0.2265 -0.9739 0.0154
vn -0.2226 -0.9749 0.0068
vn -0.2210 -0.9753 -0.0005
vn -0.2208 -0.9753 -0.0066
vn -0.2215 -0.9751 -0.0120
vn -0.2224 -0.9748 -0.0171
vn -0.2232 -0.9745 -0.0224
vn -0.2233 -0.9743 -0.0282
vn -0.2226 -0.9743 -0.0347
vn -0.3075 -0.9514 0.0171
vn -0.2892 -0.9572 0.0083
vn -0.2759 -0.9612 0.0011
vn -0.2676 -0.9635 -0.0051
vn -0.2627 -0.9648 -0.0103
vn -0.2600 -0.9655 -0.0153
vn -0.2583 -0.9658 -0.0205
vn -0.2576 -0.9659 -0.0261
vn -0.2572 -0.9658 -0.0324
vn -0.3885 -0.9213 0.0172
vn -0.3607 -0.9326 0.0086
vn -0.3395 -0.9406 0.0019
vn -0.3256 -0.9455 -0.0037
vn -0.3164 -0.9486 -0.0085
vn -0.3101 -0.9506 -0.0133
vn -0.3060 -0.9519 -0.0182
vn -0.3034 -0.9526 -0.0234
vn -0.3026 -0.9527 -0.0292
vn -0.4677 -0.8837 0.0161
vn -0.4347 -0.9006 0.0081
vn -0.4097 -0.9122 0.0024
vn -0.3925 -0.9198 -0.0024
vn -0.3804 -0.9248 -0.0067
vn -0.3712 -0.9285 -0.0110
vn -0.3647 -0.9310 -0.0154
vn -0.3608 -0.9324 -0.0200
vn -0.3593 -0.9329 -0.0250
vn -0.5444 -0.8387 0.0142
vn -0.5099 -0.8602 0.0075
vn -0.4856 -0.8742 0.0030
vn -0.4679 -0.8838 -0.0009
vn -0.4542 -0.8909 -0.0046
vn -0.4434 -0.8963 -0.0082
vn -0.4353 -0.9002 -0.0119
vn -0.4302 -0.9026 -0.0157
vn -0.4283 -0.9034 -0.0196
vn -0.6191 -0.7853 0.0119
vn -0.5882 -0.8087 0.0073
vn -0.5681 -0.8230 0.0040
vn -0.5520 -0.8338 0.0010
vn -0.5386 -0.8426 -0.0019
vn -0.5273 -0.8497 -0.0048
vn -0.5186 -0.8550 -0.0076
vn -0.5130 -0.8583 -0.0102
vn -0.5109 -0.8595 -0.0126
vn -0.0133 -0.9916 -0.1286
vn -0.1138 -0.9869 -0.1143
vn -0.2103 -0.9725 -0.1001
vn -0.3021 -0.9495 -0.0853
vn -0.3893 -0.9185 -0.0694
vn -0.4728 -0.8796 -0.0525
vn -0.5530 -0.8324 -0.0349
vn -0.6298 -0.7765 -0.0174
vn -0.7042 -0.7100 -0.0009
vn -0.0006 -0.9935 -0.1140
vn -0.0961 -0.9896 -0.1072
vn -0.1892 -0.9771 -0.0973
vn -0.2775 -0.9570 -0.0851
vn -0.3616 -0.9296 -0.0710
vn -0.4445 -0.8941 -0.0553
vn -0.5270 -0.8490 -0.0382
vn -0.6097 -0.7924 -0.0201
vn -0.6936 -0.7203 -0.0011
vn -0.0269 -0.9948 -0.0978
vn -0.1047 -0.9900 -0.0948
vn -0.1836 -0.9790 -0.0887
vn -0.2615 -0.9619 -0.0798
vn -0.3396 -0.9381 -0.0685
vn -0.4192 -0.9062 -0.0548
vn -0.5016 -0.8642 -0.0390
vn -0.5873 -0.8091 -0.0214
vn -0.6766 -0.7364 -0.0022
vn -0.0618 -0.9946 -0.0835
vn -0.1254 -0.9887 -0.0820
vn -0.1894 -0.9788 -0.0784
vn -0.2554 -0.9641 -0.0721
vn -0.3246 -0.9437 -0.0633
vn -0.3987 -0.9156 -0.0519
vn -0.4789 -0.8771 -0.0380
vn -0.5652 -0.8247 -0.0218
vn -0.6584 -0.7527 -0.0033
vn -0.0956 -0.9929 -0.0712
vn -0.1481 -0.9865 -0.0703
vn -0.1996 -0.9775 -0.0680
vn -0.2547 -0.9649 -0.0634
vn -0.3152 -0.9473 -0.0565
vn -0.3831 -0.9225 -0.0471
vn -0.4598 -0.8873 -0.0353
vn -0.5456 -0.8378 -0.0209
vn -0.6414 -0.7672 -0.0038
vn -0.1249 -0.9903 -0.0606
vn -0.1682 -0.9839 -0.0601
vn -0.2094 -0.9761 -0.0583
vn -0.2556 -0.9652 -0.0547
vn -0.3092 -0.9497 -0.0492
vn -0.3719 -0.9273 -0.0416
vn -0.4454 -0.8948 -0.0316
vn -0.5302 -0.8477 -0.0193
vn -0.6274 -0.7787 -0.0041
vn -0.1496 -0.9874 -0.0515
vn -0.1832 -0.9817 -0.0512
vn -0.2166 -0.9750 -0.0497
vn -0.2565 -0.9654 -0.0467
vn -0.3054 -0.9513 -0.0421
vn -0.3646 -0.9305 -0.0359
vn -0.4356 -0.8997 -0.0277
vn -0.5193 -0.8544 -0.0172
vn -0.6171 -0.7869 -0.0041
vn -0.1695 -0.9846 -0.0436
vn -0.1928 -0.9803 -0.0434
vn -0.2207 -0.9744 -0.0419
vn -0.2570 -0.9656 -0.0393
vn -0.3032 -0.9523 -0.0355
vn -0.3605 -0.9323 -0.0303
vn -0.4300 -0.9025 -0.0236
vn -0.5129 -0.8583 -0.0150
vn -0.6108 -0.7918 -0.0039
vn -0.9780 -0.1695 0.1218
vn -0.9480 -0.3019 0.1004
vn -0.9297 -0.3585 0.0839
vn -0.9222 -0.3799 0.0717
vn -0.9212 -0.3842 0.0620
vn -0.9230 -0.3809 0.0540
vn -0.9259 -0.3748 0.0469
vn -0.9284 -0.3694 0.0403
vn -0.9285 -0.3698 0.0335
vn -0.9696 -0.2286 0.0874
vn -0.9475 -0.3086 0.0843
vn -0.9294 -0.3611 0.0765
vn -0.9200 -0.3859 0.0684
vn -0.9174 -0.3934 0.0604
vn -0.9182 -0.3924 0.0531
vn -0.9207 -0.3875 0.0464
vn -0.9235 -0.3816 0.0398
vn -0.9257 -0.3769 0.0329
vn -0.9536 -0.2933 0.0676
vn -0.9392 -0.3360 0.0709
vn -0.9254 -0.3726 0.0690
vn -0.9159 -0.3962 0.0644
vn -0.9114 -0.4075 0.0579
vn -0.9105 -0.4102 0.0513
vn -0.9120 -0.4077 0.0450
vn -0.9145 -0.4027 0.0387
vn -0.9172 -0.3972 0.0319
vn -0.9310 -0.3609 0.0540
vn -0.9229 -0.3802 0.0602
vn -0.9136 -0.4019 0.0613
vn -0.9051 -0.4210 0.0588
vn -0.8994 -0.4339 0.0537
vn -0.8968 -0.4397 0.0481
vn -0.8969 -0.4401 0.0423
vn -0.8987 -0.4371 0.0364
vn -0.9011 -0.4325 0.0299
vn -0.9016 -0.4303 0.0431
vn -0.8982 -0.4366 0.0505
vn -0.8924 -0.4482 0.0528
vn -0.8852 -0.4624 0.0514
vn -0.8790 -0.4745 0.0476
vn -0.8750 -0.4821 0.0429
vn -0.8735 -0.4853 0.0379
vn -0.8738 -0.4852 0.0324
vn -0.8753 -0.4829 0.0264
vn -0.8653 -0.5001 0.0331
vn -0.8650 -0.5001 0.0408
vn -0.8606 -0.5074 0.0430
vn -0.8536 -0.5192 0.0420
vn -0.8465 -0.5309 0.0391
vn -0.8409 -0.5400 0.0353
vn -0.8373 -0.5458 0.0311
vn -0.8357 -0.5485 0.0264
vn -0.8360 -0.5482 0.0213
vn -0.8218 -0.5694 0.0233
vn -0.8223 -0.5682 0.0298
vn -0.8164 -0.5766 0.0311
vn -0.8075 -0.5891 0.0301
vn -0.7980 -0.6020 0.0277
vn -0.7900 -0.6126 0.0249
vn -0.7841 -0.6203 0.0217
vn -0.7805 -0.6249 0.0182
vn -0.7797 -0.6260 0.0144
vn -0.7694 -0.6386 0.0127
vn -0.7671 -0.6413 0.0163
vn -0.7564 -0.6539 0.0162
vn -0.7434 -0.6687 0.0150
vn -0.7305 -0.6828 0.0134
vn -0.7195 -0.6944 0.0116
vn -0.7112 -0.7030 0.0098
vn -0.7059 -0.7083 0.0079
vn -0.7043 -0.7099 0.0060
vn -0.9922 -0.1245 0.0078
vn -0.9845 -0.1743 0.0183
vn -0.9691 -0.2458 0.0210
vn -0.9455 -0.3248 0.0203
vn -0.9132 -0.4071 0.0181
vn -0.8721 -0.4891 0.0154
vn -0.8226 -0.5685 0.0129
vn -0.7640 -0.6451 0.0111
vn -0.6944 -0.7196 0.0106
vn -0.9692 -0.2461 0.0058
vn -0.9699 -0.2431 0.0149
vn -0.9596 -0.2808 0.0190
vn -0.9400 -0.3405 0.0195
vn -0.9096 -0.4151 0.0178
vn -0.8684 -0.4956 0.0152
vn -0.8167 -0.5769 0.0126
vn -0.7525 -0.6585 0.0103
vn -0.6731 -0.7395 0.0083
vn -0.9481 -0.3178 0.0063
vn -0.9538 -0.3001 0.0129
vn -0.9485 -0.3164 0.0166
vn -0.9329 -0.3598 0.0177
vn -0.9045 -0.4261 0.0166
vn -0.8638 -0.5037 0.0144
vn -0.8105 -0.5856 0.0116
vn -0.7427 -0.6695 0.0088
vn -0.6582 -0.7528 0.0061
vn -0.9335 -0.3584 0.0085
vn -0.9411 -0.3379 0.0129
vn -0.9381 -0.3459 0.0155
vn -0.9246 -0.3806 0.0165
vn -0.8980 -0.4398 0.0156
vn -0.8582 -0.5132 0.0135
vn -0.8042 -0.5943 0.0106
vn -0.7340 -0.6791 0.0073
vn -0.6455 -0.7637 0.0039
vn -0.9252 -0.3794 0.0118
vn -0.9330 -0.3596 0.0146
vn -0.9301 -0.3670 0.0161
vn -0.9169 -0.3989 0.0163
vn -0.8913 -0.4532 0.0152
vn -0.8521 -0.5232 0.0128
vn -0.7977 -0.6030 0.0096
vn -0.7256 -0.6881 0.0058
vn -0.6343 -0.7731 0.0017
vn -0.9219 -0.3871 0.0160
vn -0.9289 -0.3699 0.0176
vn -0.9248 -0.3801 0.0180
vn -0.9109 -0.4123 0.0174
vn -0.8855 -0.4644 0.0158
vn -0.8465 -0.5322 0.0130
vn -0.7913 -0.6113 0.0092
vn -0.7176 -0.6964 0.0047
vn -0.6243 -0.7812 -0.0003
vn -0.9226 -0.3852 0.0210
vn -0.9274 -0.3734 0.0215
vn -0.9216 -0.3877 0.0212
vn -0.9067 -0.4213 0.0200
vn -0.8810 -0.4728 0.0177
vn -0.8417 -0.5397 0.0143
vn -0.7857 -0.6185 0.0098
vn -0.7109 -0.7033 0.0043
vn -0.6161 -0.7877 -0.0019
vn -0.9258 -0.3771 0.0268
vn -0.9268 -0.3746 0.0265
vn -0.9194 -0.3926 0.0257
vn -0.9037 -0.4276 0.0240
vn -0.8777 -0.4788 0.0212
vn -0.8381 -0.5452 0.0170
vn -0.7816 -0.6236 0.0114
vn -0.7061 -0.7081 0.0046
vn -0.6106 -0.7919 -0.0031
vn -0.6086 -0.7934 -0.0037
vn 0.9933 0.1144 0.0174
vn 0.9856 0.1660 0.0308
vn 0.9708 0.2368 0.0379
vn 0.9484 0.3145 0.0415
vn 0.9175 0.3954 0.0428
vn 0.8782 0.4764 0.0429
vn 0.8303 0.5557 0.0424
vn 0.7729 0.6332 0.0421
vn 0.7036 0.7093 0.0429
vn 0.9767 0.2131 0.0253
vn 0.9760 0.2154 0.0325
vn 0.9667 0.2531 0.0381
vn 0.9498 0.3100 0.0413
vn 0.9236 0.3810 0.0429
vn 0.8875 0.4588 0.0433
vn 0.8407 0.5397 0.0431
vn 0.7807 0.6234 0.0429
vn 0.7030 0.7099 0.0429
vn 0.9642 0.2634 0.0314
vn 0.9671 0.2519 0.0347
vn 0.9623 0.2692 0.0382
vn 0.9500 0.3096 0.0409
vn 0.9277 0.3709 0.0427
vn 0.8949 0.4442 0.0437
vn 0.8500 0.5249 0.0440
vn 0.7895 0.6122 0.0440
vn 0.7084 0.7044 0.0441
vn 0.9577 0.2856 0.0365
vn 0.9618 0.2712 0.0375
vn 0.9590 0.2806 0.0394
vn 0.9492 0.3120 0.0416
vn 0.9299 0.3651 0.0436
vn 0.9002 0.4330 0.0450
vn 0.8577 0.5122 0.0458
vn 0.7978 0.6012 0.0463
vn 0.7147 0.6978 0.0467
vn 0.9554 0.2925 0.0413
vn 0.9596 0.2784 0.0410
vn 0.9572 0.2865 0.0420
vn 0.9483 0.3143 0.0437
vn 0.9311 0.3618 0.0456
vn 0.9039 0.4252 0.0473
vn 0.8633 0.5023 0.0488
vn 0.8043 0.5921 0.0500
vn 0.7203 0.6918 0.0509
vn 0.9555 0.2914 0.0461
vn 0.9592 0.2792 0.0452
vn 0.9564 0.2886 0.0458
vn 0.9477 0.3156 0.0473
vn 0.9317 0.3598 0.0494
vn 0.9060 0.4202 0.0515
vn 0.8668 0.4958 0.0536
vn 0.8086 0.5858 0.0556
vn 0.7243 0.6871 0.0572
vn 0.9567 0.2865 0.0510
vn 0.9592 0.2782 0.0502
vn 0.9557 0.2900 0.0510
vn 0.9469 0.3172 0.0528
vn 0.9314 0.3598 0.0553
vn 0.9065 0.4183 0.0580
vn 0.8681 0.4927 0.0609
vn 0.8106 0.5821 0.0637
vn 0.7267 0.6838 0.0660
vn 0.9579 0.2815 0.0565
vn 0.9584 0.2799 0.0565
vn 0.9541 0.2939 0.0581
vn 0.9450 0.3213 0.0606
vn 0.9297 0.3627 0.0637
vn 0.9052 0.4196 0.0672
vn 0.8673 0.4927 0.0710
vn 0.8106 0.5809 0.0746
vn 0.7276 0.6816 0.0776
vn 0.1317 0.9911 0.0186
vn 0.2480 0.9684 0.0252
vn 0.2950 0.9550 0.0318
vn 0.3104 0.9498 0.0385
vn 0.3120 0.9490 0.0456
vn 0.3097 0.9493 0.0531
vn 0.3088 0.9492 0.0610
vn 0.3136 0.9470 0.0699
vn 0.3305 0.9404 0.0804
vn 0.1844 0.9822 0.0349
vn 0.2590 0.9653 0.0333
vn 0.3015 0.9528 0.0355
vn 0.3185 0.9471 0.0398
vn 0.3217 0.9457 0.0459
vn 0.3206 0.9457 0.0533
vn 0.3200 0.9454 0.0616
vn 0.3235 0.9435 0.0714
vn 0.3342 0.9388 0.0835
vn 0.2511 0.9670 0.0442
vn 0.2900 0.9562 0.0396
vn 0.3171 0.9476 0.0389
vn 0.3315 0.9426 0.0413
vn 0.3368 0.9404 0.0466
vn 0.3375 0.9398 0.0537
vn 0.3377 0.9392 0.0623
vn 0.3403 0.9375 0.0727
vn 0.3482 0.9335 0.0859
vn 0.3242 0.9447 0.0489
vn 0.3374 0.9404 0.0432
vn 0.3494 0.9361 0.0414
vn 0.3586 0.9325 0.0430
vn 0.3639 0.9302 0.0477
vn 0.3657 0.9292 0.0545
vn 0.3665 0.9283 0.0632
vn 0.3689 0.9265 0.0742
vn 0.3751 0.9228 0.0882
vn 0.4009 0.9147 0.0505
vn 0.3979 0.9163 0.0448
vn 0.3985 0.9162 0.0430
vn 0.4019 0.9146 0.0445
vn 0.4050 0.9130 0.0488
vn 0.4066 0.9119 0.0555
vn 0.4079 0.9108 0.0643
vn 0.4105 0.9087 0.0757
vn 0.4160 0.9049 0.0904
vn 0.4779 0.8770 0.0499
vn 0.4661 0.8836 0.0448
vn 0.4609 0.8864 0.0437
vn 0.4607 0.8864 0.0455
vn 0.4623 0.8853 0.0499
vn 0.4637 0.8842 0.0565
vn 0.4653 0.8827 0.0655
vn 0.4682 0.8802 0.0773
vn 0.4727 0.8763 0.0925
vn 0.5536 0.8314 0.0479
vn 0.5392 0.8410 0.0441
vn 0.5343 0.8441 0.0440
vn 0.5343 0.8440 0.0462
vn 0.5360 0.8427 0.0507
vn 0.5379 0.8411 0.0574
vn 0.5400 0.8390 0.0665
vn 0.5425 0.8364 0.0785
vn 0.5457 0.8327 0.0941
vn 0.6281 0.7768 0.0452
vn 0.6177 0.7852 0.0433
vn 0.6175 0.7854 0.0440
vn 0.6202 0.7830 0.0466
vn 0.6236 0.7801 0.0511
vn 0.6264 0.7773 0.0578
vn 0.6287 0.7747 0.0669
vn 0.6306 0.7721 0.0788
vn 0.6320 0.7692 0.0944
vn 0.3339 0.9206 0.2025
vn 0.3869 0.9057 0.1733
vn 0.4313 0.8868 0.1662
vn 0.4731 0.8651 0.1665
vn 0.5164 0.8394 0.1694
vn 0.5612 0.8095 0.1725
vn 0.6067 0.7755 0.1747
vn 0.6535 0.7364 0.1750
vn 0.7023 0.6907 0.1723
vn 0.4938 0.8507 0.1804
vn 0.4476 0.8782 0.1686
vn 0.4456 0.8801 0.1637
vn 0.4654 0.8698 0.1640
vn 0.5017 0.8488 0.1668
vn 0.5467 0.8199 0.1699
vn 0.5960 0.7843 0.1722
vn 0.6502 0.7399 0.1726
vn 0.7095 0.6838 0.1703
vn 0.5327 0.8311 0.1599
vn 0.4754 0.8653 0.1590
vn 0.4525 0.8776 0.1585
vn 0.4580 0.8745 0.1598
vn 0.4889 0.8571 0.1625
vn 0.5335 0.8295 0.1655
vn 0.5860 0.7928 0.1678
vn 0.6460 0.7446 0.1683
vn 0.7129 0.6814 0.1661
vn 0.5234 0.8400 0.1431
vn 0.4720 0.8692 0.1473
vn 0.4472 0.8817 0.1502
vn 0.4493 0.8802 0.1528
vn 0.4773 0.8648 0.1557
vn 0.5215 0.8383 0.1587
vn 0.5767 0.8009 0.1610
vn 0.6419 0.7496 0.1616
vn 0.7154 0.6803 0.1593
vn 0.4922 0.8609 0.1286
vn 0.4489 0.8834 0.1347
vn 0.4311 0.8915 0.1394
vn 0.4367 0.8882 0.1431
vn 0.4650 0.8731 0.1465
vn 0.5101 0.8470 0.1496
vn 0.5685 0.8086 0.1519
vn 0.6385 0.7544 0.1524
vn 0.7179 0.6797 0.1500
vn 0.4510 0.8850 0.1156
vn 0.4164 0.9010 0.1220
vn 0.4081 0.9040 0.1272
vn 0.4203 0.8978 0.1313
vn 0.4514 0.8821 0.1350
vn 0.4989 0.8556 0.1381
vn 0.5612 0.8157 0.1403
vn 0.6361 0.7587 0.1408
vn 0.7207 0.6793 0.1384
vn 0.4061 0.9080 0.1034
vn 0.3826 0.9174 0.1094
vn 0.3839 0.9163 0.1141
vn 0.4026 0.9077 0.1180
vn 0.4375 0.8910 0.1215
vn 0.4885 0.8636 0.1245
vn 0.5550 0.8221 0.1266
vn 0.6344 0.7625 0.1270
vn 0.7233 0.6791 0.1247
vn 0.3632 0.9272 0.0918
vn 0.3540 0.9302 0.0967
vn 0.3630 0.9264 0.1003
vn 0.3867 0.9164 0.1036
vn 0.4251 0.8988 0.1066
vn 0.4796 0.8707 0.1093
vn 0.5498 0.8279 0.1111
vn 0.6332 0.7660 0.1115
vn 0.7256 0.6794 0.1095
vn 0.9434 0.2955 0.1506
vn 0.9000 0.4116 0.1434
vn 0.8951 0.4268 0.1294
vn 0.9061 0.4070 0.1156
vn 0.9210 0.3758 0.1028
vn 0.9346 0.3437 0.0912
vn 0.9455 0.3153 0.0809
vn 0.9532 0.2936 0.0717
vn 0.9573 0.2821 0.0634
vn 0.9186 0.3721 0.1332
vn 0.8995 0.4148 0.1372
vn 0.8949 0.4266 0.1312
vn 0.9034 0.4114 0.1210
vn 0.9171 0.3836 0.1089
vn 0.9305 0.3532 0.0969
vn 0.9417 0.3253 0.0857
vn 0.9501 0.3028 0.0752
vn 0.9556 0.2875 0.0651
vn 0.8954 0.4256 0.1310
vn 0.8929 0.4295 0.1352
vn 0.8938 0.4283 0.1329
vn 0.9012 0.4149 0.1255
vn 0.9126 0.3925 0.1145
vn 0.9249 0.3662 0.1026
vn 0.9358 0.3405 0.0908
vn 0.9446 0.3186 0.0793
vn 0.9506 0.3029 0.0679
vn 0.8715 0.4714 0.1350
vn 0.8799 0.4548 0.1378
vn 0.8866 0.4421 0.1360
vn 0.8945 0.4279 0.1298
vn 0.9045 0.4093 0.1199
vn 0.9156 0.3871 0.1084
vn 0.9262 0.3645 0.0962
vn 0.9350 0.3446 0.0839
vn 0.9413 0.3300 0.0714
vn 0.8455 0.5148 0.1418
vn 0.8604 0.4889 0.1435
vn 0.8715 0.4696 0.1411
vn 0.8811 0.4532 0.1349
vn 0.8911 0.4361 0.1256
vn 0.9016 0.4171 0.1143
vn 0.9116 0.3983 0.1019
vn 0.9199 0.3819 0.0889
vn 0.9260 0.3698 0.0754
vn 0.8168 0.5572 0.1498
vn 0.8352 0.5289 0.1507
vn 0.8487 0.5078 0.1475
vn 0.8596 0.4912 0.1410
vn 0.8697 0.4757 0.1318
vn 0.8795 0.4603 0.1205
vn 0.8886 0.4458 0.1079
vn 0.8962 0.4334 0.0943
vn 0.9018 0.4246 0.0799
vn 0.7845 0.5996 0.1582
vn 0.8037 0.5737 0.1583
vn 0.8169 0.5557 0.1544
vn 0.8273 0.5421 0.1477
vn 0.8365 0.5301 0.1384
vn 0.8453 0.5190 0.1271
vn 0.8531 0.5091 0.1141
vn 0.8597 0.5010 0.0998
vn 0.8645 0.4955 0.0846
vn 0.7473 0.6434 0.1662
vn 0.7632 0.6248 0.1651
vn 0.7730 0.6137 0.1609
vn 0.7809 0.6054 0.1541
vn 0.7879 0.5986 0.1448
vn 0.7944 0.5926 0.1333
vn 0.8002 0.5876 0.1200
vn 0.8051 0.5838 0.1051
vn 0.8086 0.5815 0.0891
vn 0.7272 0.6801 0.0928
vn -0.1284 0.9916 0.0181
vn -0.1741 0.9842 0.0326
vn -0.2424 0.9694 0.0398
vn -0.3190 0.9468 0.0429
vn -0.3998 0.9156 0.0438
vn -0.4809 0.8757 0.0435
vn -0.5604 0.8271 0.0427
vn -0.6377 0.7691 0.0422
vn -0.7135 0.6993 0.0428
vn -0.2486 0.9683 0.0261
vn -0.2379 0.9707 0.0345
vn -0.2690 0.9623 0.0404
vn -0.3229 0.9454 0.0434
vn -0.3937 0.9182 0.0445
vn -0.4721 0.8804 0.0445
vn -0.5534 0.8317 0.0439
vn -0.6370 0.7696 0.0432
vn -0.7224 0.6901 0.0427
vn -0.3096 0.9503 0.0332
vn -0.2845 0.9579 0.0374
vn -0.2934 0.9551 0.0412
vn -0.3300 0.9430 0.0438
vn -0.3911 0.9193 0.0452
vn -0.4654 0.8839 0.0457
vn -0.5472 0.8358 0.0454
vn -0.6344 0.7717 0.0447
vn -0.7250 0.6874 0.0439
vn -0.3371 0.9406 0.0400
vn -0.3096 0.9500 0.0415
vn -0.3108 0.9495 0.0436
vn -0.3386 0.9398 0.0456
vn -0.3918 0.9189 0.0472
vn -0.4614 0.8859 0.0480
vn -0.5421 0.8389 0.0481
vn -0.6314 0.7740 0.0475
vn -0.7258 0.6864 0.0465
vn -0.3459 0.9371 0.0468
vn -0.3196 0.9464 0.0468
vn -0.3207 0.9460 0.0477
vn -0.3459 0.9370 0.0492
vn -0.3940 0.9177 0.0507
vn -0.4596 0.8866 0.0517
vn -0.5389 0.8407 0.0521
vn -0.6292 0.7755 0.0518
vn -0.7262 0.6856 0.0508
vn -0.3446 0.9372 0.0538
vn -0.3213 0.9455 0.0530
vn -0.3256 0.9440 0.0535
vn -0.3511 0.9347 0.0547
vn -0.3966 0.9163 0.0562
vn -0.4596 0.8863 0.0574
vn -0.5379 0.8410 0.0581
vn -0.6286 0.7755 0.0582
vn -0.7268 0.6844 0.0572
vn -0.3379 0.9392 0.0611
vn -0.3209 0.9452 0.0602
vn -0.3293 0.9422 0.0609
vn -0.3561 0.9323 0.0624
vn -0.4004 0.9141 0.0642
vn -0.4617 0.8846 0.0657
vn -0.5389 0.8397 0.0668
vn -0.6292 0.7743 0.0671
vn -0.7275 0.6830 0.0660
vn -0.3306 0.9412 0.0692
vn -0.3238 0.9436 0.0691
vn -0.3360 0.9392 0.0706
vn -0.3635 0.9288 0.0727
vn -0.4065 0.9106 0.0750
vn -0.4661 0.8814 0.0770
vn -0.5417 0.8369 0.0785
vn -0.6306 0.7721 0.0789
vn -0.7277 0.6815 0.0776
vn -0.9925 0.1208 0.0185
vn -0.9750 0.2207 0.0251
vn -0.9651 0.2600 0.0304
vn -0.9617 0.2719 0.0351
vn -0.9614 0.2721 0.0399
vn -0.9620 0.2693 0.0449
vn -0.9622 0.2676 0.0504
vn -0.9611 0.2703 0.0567
vn -0.9572 0.2822 0.0644
vn -0.9838 0.1762 0.0340
vn -0.9712 0.2362 0.0324
vn -0.9625 0.2692 0.0336
vn -0.9590 0.2811 0.0363
vn -0.9586 0.2820 0.0403
vn -0.9591 0.2796 0.0452
vn -0.9592 0.2780 0.0510
vn -0.9583 0.2798 0.0580
vn -0.9554 0.2876 0.0670
vn -0.9687 0.2446 0.0431
vn -0.9617 0.2716 0.0382
vn -0.9565 0.2894 0.0366
vn -0.9540 0.2974 0.0376
vn -0.9534 0.2988 0.0410
vn -0.9537 0.2972 0.0459
vn -0.9539 0.2957 0.0520
vn -0.9531 0.2968 0.0596
vn -0.9505 0.3028 0.0696
vn -0.9466 0.3188 0.0479
vn -0.9459 0.3216 0.0417
vn -0.9450 0.3247 0.0390
vn -0.9442 0.3270 0.0393
vn -0.9440 0.3271 0.0423
vn -0.9443 0.3256 0.0471
vn -0.9445 0.3241 0.0534
vn -0.9437 0.3249 0.0617
vn -0.9413 0.3297 0.0726
vn -0.9170 0.3958 0.0497
vn -0.9226 0.3832 0.0434
vn -0.9260 0.3753 0.0407
vn -0.9275 0.3716 0.0409
vn -0.9284 0.3690 0.0438
vn -0.9292 0.3665 0.0487
vn -0.9294 0.3648 0.0554
vn -0.9286 0.3654 0.0642
vn -0.9261 0.3695 0.0761
vn -0.8797 0.4730 0.0494
vn -0.8910 0.4519 0.0436
vn -0.8979 0.4382 0.0417
vn -0.9016 0.4305 0.0424
vn -0.9037 0.4258 0.0455
vn -0.9050 0.4225 0.0506
vn -0.9054 0.4206 0.0578
vn -0.9045 0.4210 0.0674
vn -0.9019 0.4245 0.0802
vn -0.8346 0.5488 0.0475
vn -0.8500 0.5250 0.0431
vn -0.8583 0.5114 0.0423
vn -0.8628 0.5036 0.0438
vn -0.8655 0.4986 0.0473
vn -0.8672 0.4951 0.0528
vn -0.8678 0.4932 0.0606
vn -0.8670 0.4933 0.0710
vn -0.8645 0.4954 0.0847
vn -0.7805 0.6235 0.0449
vn -0.7960 0.6038 0.0426
vn -0.8027 0.5949 0.0430
vn -0.8064 0.5896 0.0451
vn -0.8088 0.5861 0.0491
vn -0.8103 0.5833 0.0551
vn -0.8110 0.5816 0.0635
vn -0.8106 0.5809 0.0746
vn -0.8087 0.5815 0.0891
vn -0.9408 0.3041 0.1498
vn -0.9219 0.3640 0.1325
vn -0.9003 0.4145 0.1326
vn -0.8765 0.4610 0.1384
vn -0.8491 0.5075 0.1465
vn -0.8178 0.5543 0.1550
vn -0.7825 0.6010 0.1627
vn -0.7425 0.6482 0.1690
vn -0.6962 0.6968 0.1726
vn -0.8897 0.4340 0.1418
vn -0.9053 0.4035 0.1324
vn -0.9011 0.4134 0.1310
vn -0.8872 0.4411 0.1352
vn -0.8644 0.4822 0.1425
vn -0.8345 0.5300 0.1508
vn -0.7981 0.5811 0.1589
vn -0.7535 0.6362 0.1659
vn -0.6976 0.6958 0.1709
vn -0.8786 0.4597 0.1290
vn -0.8994 0.4183 0.1271
vn -0.9037 0.4087 0.1276
vn -0.8962 0.4237 0.1313
vn -0.8772 0.4600 0.1377
vn -0.8491 0.5078 0.1455
vn -0.8125 0.5624 0.1536
vn -0.7650 0.6236 0.1609
vn -0.7029 0.6915 0.1666
vn -0.8881 0.4448 0.1163
vn -0.9049 0.4087 0.1186
vn -0.9099 0.3966 0.1213
vn -0.9045 0.4077 0.1253
vn -0.8879 0.4410 0.1313
vn -0.8617 0.4882 0.1386
vn -0.8254 0.5452 0.1463
vn -0.7760 0.6117 0.1537
vn -0.7090 0.6869 0.1596
vn -0.9045 0.4135 0.1043
vn -0.9167 0.3846 0.1083
vn -0.9190 0.3778 0.1125
vn -0.9130 0.3908 0.1172
vn -0.8976 0.4233 0.1231
vn -0.8727 0.4706 0.1300
vn -0.8367 0.5302 0.1373
vn -0.7857 0.6015 0.1444
vn -0.7146 0.6832 0.1502
vn -0.9216 0.3767 0.0931
vn -0.9297 0.3551 0.0977
vn -0.9291 0.3553 0.1024
vn -0.9218 0.3725 0.1074
vn -0.9067 0.4063 0.1131
vn -0.8824 0.4550 0.1196
vn -0.8463 0.5176 0.1265
vn -0.7938 0.5935 0.1331
vn -0.7193 0.6807 0.1384
vn -0.9369 0.3397 0.0829
vn -0.9411 0.3265 0.0874
vn -0.9384 0.3332 0.0918
vn -0.9300 0.3548 0.0965
vn -0.9148 0.3908 0.1017
vn -0.8907 0.4418 0.1076
vn -0.8541 0.5076 0.1138
vn -0.8002 0.5876 0.1198
vn -0.7229 0.6796 0.1247
vn -0.9491 0.3064 0.0734
vn -0.9498 0.3032 0.0772
vn -0.9456 0.3151 0.0808
vn -0.9366 0.3399 0.0848
vn -0.9215 0.3781 0.0893
vn -0.8972 0.4314 0.0944
vn -0.8602 0.5001 0.0998
vn -0.8052 0.5836 0.1051
vn -0.7255 0.6794 0.1095
vn -0.3159 0.9263 0.2053
vn -0.4585 0.8693 0.1846
vn -0.4856 0.8588 0.1631
vn -0.4706 0.8703 0.1449
vn -0.4394 0.8890 0.1290
vn -0.4038 0.9076 0.1148
vn -0.3704 0.9232 0.1019
vn -0.3441 0.9346 0.0901
vn -0.3304 0.9405 0.0789
vn -0.3903 0.9037 0.1760
vn -0.4555 0.8730 0.1744
vn -0.4810 0.8614 0.1635
vn -0.4721 0.8687 0.1498
vn -0.4455 0.8850 0.1352
vn -0.4128 0.9028 0.1208
vn -0.3807 0.9185 0.1071
vn -0.3535 0.9307 0.0938
vn -0.3341 0.9391 0.0806
vn -0.4403 0.8824 0.1658
vn -0.4623 0.8706 0.1683
vn -0.4742 0.8651 0.1633
vn -0.4687 0.8699 0.1535
vn -0.4495 0.8822 0.1404
vn -0.4228 0.8974 0.1263
vn -0.3942 0.9122 0.1121
vn -0.3683 0.9246 0.0978
vn -0.3484 0.9336 0.0834
vn -0.4831 0.8602 0.1635
vn -0.4813 0.8606 0.1666
vn -0.4806 0.8615 0.1639
vn -0.4747 0.8662 0.1562
vn -0.4609 0.8756 0.1446
vn -0.4400 0.8884 0.1311
vn -0.4162 0.9017 0.1168
vn -0.3935 0.9136 0.1020
vn -0.3755 0.9228 0.0865
vn -0.5239 0.8357 0.1648
vn -0.5106 0.8433 0.1677
vn -0.5020 0.8489 0.1654
vn -0.4939 0.8549 0.1585
vn -0.4823 0.8634 0.1480
vn -0.4662 0.8743 0.1352
vn -0.4480 0.8858 0.1210
vn -0.4305 0.8964 0.1058
vn -0.4163 0.9048 0.0895
vn -0.5644 0.8083 0.1675
vn -0.5470 0.8197 0.1700
vn -0.5357 0.8277 0.1674
vn -0.5271 0.8345 0.1608
vn -0.5178 0.8421 0.1509
vn -0.5065 0.8510 0.1386
vn -0.4942 0.8604 0.1245
vn -0.4825 0.8691 0.1089
vn -0.4730 0.8762 0.0921
vn -0.6056 0.7773 0.1705
vn -0.5894 0.7892 0.1722
vn -0.5805 0.7965 0.1691
vn -0.5748 0.8020 0.1625
vn -0.5695 0.8076 0.1529
vn -0.5635 0.8140 0.1408
vn -0.5571 0.8207 0.1267
vn -0.5510 0.8271 0.1110
vn -0.5457 0.8327 0.0940
vn -0.6488 0.7411 0.1727
vn -0.6391 0.7494 0.1729
vn -0.6365 0.7525 0.1692
vn -0.6360 0.7544 0.1624
vn -0.6360 0.7564 0.1530
vn -0.6355 0.7591 0.1410
vn -0.6347 0.7623 0.1271
vn -0.6334 0.7658 0.1115
vn -0.6321 0.7691 0.0944
vn -0.7271 0.6802 0.0928
vn 0.9915 -0.1296 0.0082
vn 0.9678 -0.2515 0.0048
vn 0.9503 -0.3112 0.0058
vn 0.9404 -0.3399 0.0088
vn 0.9357 -0.3526 0.0129
vn 0.9336 -0.3577 0.0178
vn 0.9328 -0.3597 0.0230
vn 0.9317 -0.3620 0.0285
vn 0.9284 -0.3699 0.0344
vn 0.9826 -0.1847 0.0203
vn 0.9640 -0.2655 0.0126
vn 0.9475 -0.3196 0.0100
vn 0.9369 -0.3493 0.0106
vn 0.9314 -0.3637 0.0135
vn 0.9287 -0.3703 0.0176
vn 0.9276 -0.3730 0.0224
vn 0.9268 -0.3745 0.0280
vn 0.9255 -0.3771 0.0347
vn 0.9669 -0.2539 0.0253
vn 0.9534 -0.3014 0.0173
vn 0.9404 -0.3399 0.0131
vn 0.9304 -0.3664 0.0121
vn 0.9238 -0.3826 0.0138
vn 0.9201 -0.3913 0.0171
vn 0.9183 -0.3952 0.0214
vn 0.9177 -0.3965 0.0268
vn 0.9171 -0.3973 0.0335
vn 0.9438 -0.3294 0.0262
vn 0.9352 -0.3535 0.0188
vn 0.9260 -0.3774 0.0145
vn 0.9170 -0.3987 0.0128
vn 0.9098 -0.4148 0.0136
vn 0.9051 -0.4250 0.0161
vn 0.9025 -0.4303 0.0197
vn 0.9014 -0.4322 0.0245
vn 0.9011 -0.4325 0.0309
vn 0.9128 -0.4078 0.0248
vn 0.9084 -0.4178 0.0180
vn 0.9021 -0.4314 0.0142
vn 0.8943 -0.4474 0.0125
vn 0.8869 -0.4618 0.0127
vn 0.8813 -0.4723 0.0144
vn 0.8778 -0.4788 0.0172
vn 0.8759 -0.4820 0.0213
vn 0.8753 -0.4828 0.0270
vn 0.8739 -0.4857 0.0219
vn 0.8726 -0.4883 0.0160
vn 0.8676 -0.4972 0.0128
vn 0.8599 -0.5103 0.0113
vn 0.8518 -0.5238 0.0110
vn 0.8450 -0.5347 0.0119
vn 0.8401 -0.5423 0.0138
vn 0.8371 -0.5467 0.0169
vn 0.8361 -0.5481 0.0216
vn 0.8273 -0.5615 0.0182
vn 0.8272 -0.5618 0.0135
vn 0.8206 -0.5714 0.0109
vn 0.8109 -0.5850 0.0093
vn 0.8008 -0.5988 0.0085
vn 0.7921 -0.6103 0.0085
vn 0.7855 -0.6188 0.0094
vn 0.7813 -0.6241 0.0113
vn 0.7797 -0.6260 0.0145
vn 0.7720 -0.6355 0.0143
vn 0.7694 -0.6386 0.0112
vn 0.7583 -0.6519 0.0089
vn 0.7448 -0.6673 0.0070
vn 0.7314 -0.6819 0.0055
vn 0.7201 -0.6938 0.0045
vn 0.7115 -0.7026 0.0042
vn 0.7061 -0.7081 0.0046
vn 0.7042 -0.7100 0.0060
vn 0.9777 -0.1713 0.1212
vn 0.9717 -0.2182 0.0905
vn 0.9564 -0.2824 0.0744
vn 0.9338 -0.3523 0.0629
vn 0.9033 -0.4258 0.0526
vn 0.8648 -0.5003 0.0417
vn 0.8181 -0.5743 0.0294
vn 0.7621 -0.6473 0.0150
vn 0.6943 -0.7196 -0.0029
vn 0.9456 -0.3102 0.0976
vn 0.9535 -0.2897 0.0830
vn 0.9459 -0.3165 0.0710
vn 0.9283 -0.3667 0.0612
vn 0.9001 -0.4327 0.0513
vn 0.8616 -0.5060 0.0405
vn 0.8126 -0.5822 0.0279
vn 0.7509 -0.6603 0.0129
vn 0.6732 -0.7394 -0.0050
vn 0.9220 -0.3787 0.0803
vn 0.9358 -0.3445 0.0746
vn 0.9346 -0.3492 0.0676
vn 0.9216 -0.3835 0.0598
vn 0.8956 -0.4420 0.0506
vn 0.8575 -0.5130 0.0398
vn 0.8069 -0.5901 0.0272
vn 0.7414 -0.6709 0.0122
vn 0.6583 -0.7528 -0.0055
vn 0.9097 -0.4097 0.0678
vn 0.9239 -0.3767 0.0667
vn 0.9250 -0.3747 0.0631
vn 0.9142 -0.4011 0.0572
vn 0.8899 -0.4535 0.0489
vn 0.8526 -0.5211 0.0387
vn 0.8011 -0.5980 0.0265
vn 0.7329 -0.6802 0.0118
vn 0.6455 -0.7637 -0.0054
vn 0.9059 -0.4195 0.0584
vn 0.9186 -0.3908 0.0596
vn 0.9187 -0.3906 0.0578
vn 0.9079 -0.4158 0.0534
vn 0.8844 -0.4644 0.0464
vn 0.8475 -0.5294 0.0371
vn 0.7951 -0.6059 0.0256
vn 0.7248 -0.6889 0.0115
vn 0.6342 -0.7731 -0.0049
vn 0.9079 -0.4160 0.0511
vn 0.9180 -0.3930 0.0533
vn 0.9159 -0.3980 0.0524
vn 0.9038 -0.4252 0.0489
vn 0.8801 -0.4729 0.0429
vn 0.8429 -0.5369 0.0346
vn 0.7894 -0.6134 0.0239
vn 0.7171 -0.6969 0.0108
vn 0.6242 -0.7813 -0.0045
vn 0.9138 -0.4035 0.0452
vn 0.9202 -0.3885 0.0475
vn 0.9155 -0.3996 0.0468
vn 0.9017 -0.4301 0.0437
vn 0.8772 -0.4786 0.0385
vn 0.8393 -0.5429 0.0311
vn 0.7844 -0.6199 0.0214
vn 0.7105 -0.7036 0.0095
vn 0.6160 -0.7877 -0.0042
vn 0.9217 -0.3858 0.0400
vn 0.9232 -0.3821 0.0416
vn 0.9162 -0.3987 0.0406
vn 0.9011 -0.4321 0.0378
vn 0.8757 -0.4817 0.0332
vn 0.8369 -0.5468 0.0267
vn 0.7809 -0.6243 0.0182
vn 0.7059 -0.7083 0.0079
vn 0.6106 -0.7919 -0.0039
vn 0.0477 -0.9901 -0.1320
vn 0.0692 -0.9914 -0.1109
vn 0.1005 -0.9906 -0.0928
vn 0.1273 -0.9888 -0.0784
vn 0.1481 -0.9867 -0.0668
vn 0.1642 -0.9848 -0.0572
vn 0.1758 -0.9832 -0.0490
vn 0.1827 -0.9823 -0.0418
vn 0.1832 -0.9824 -0.0354
vn 0.1315 -0.9834 -0.1247
vn 0.1207 -0.9867 -0.1090
vn 0.1297 -0.9872 -0.0931
vn 0.1458 -0.9861 -0.0791
vn 0.1618 -0.9845 -0.0676
vn 0.1756 -0.9828 -0.0578
vn 0.1863 -0.9813 -0.0492
vn 0.1936 -0.9802 -0.0416
vn 0.1980 -0.9796 -0.0344
vn 0.2202 -0.9690 -0.1122
vn 0.1956 -0.9755 -0.1004
vn 0.1868 -0.9784 -0.0881
vn 0.1886 -0.9791 -0.0763
vn 0.1954 -0.9785 -0.0659
vn 0.2036 -0.9774 -0.0566
vn 0.2114 -0.9762 -0.0482
vn 0.2177 -0.9752 -0.0405
vn 0.2227 -0.9743 -0.0332
vn 0.3065 -0.9469 -0.0973
vn 0.2740 -0.9576 -0.0885
vn 0.2538 -0.9640 -0.0795
vn 0.2449 -0.9670 -0.0703
vn 0.2430 -0.9681 -0.0617
vn 0.2451 -0.9680 -0.0535
vn 0.2489 -0.9674 -0.0457
vn 0.2531 -0.9667 -0.0384
vn 0.2572 -0.9659 -0.0314
vn 0.3901 -0.9172 -0.0807
vn 0.3530 -0.9327 -0.0743
vn 0.3267 -0.9427 -0.0682
vn 0.3112 -0.9483 -0.0616
vn 0.3033 -0.9513 -0.0549
vn 0.2999 -0.9528 -0.0482
vn 0.2991 -0.9533 -0.0415
vn 0.3001 -0.9533 -0.0350
vn 0.3025 -0.9527 -0.0287
vn 0.4701 -0.8804 -0.0626
vn 0.4315 -0.9002 -0.0584
vn 0.4033 -0.9134 -0.0549
vn 0.3848 -0.9216 -0.0506
vn 0.3729 -0.9267 -0.0459
vn 0.3653 -0.9300 -0.0408
vn 0.3607 -0.9320 -0.0355
vn 0.3588 -0.9329 -0.0301
vn 0.3593 -0.9329 -0.0248
vn 0.5465 -0.8363 -0.0433
vn 0.5093 -0.8596 -0.0415
vn 0.4833 -0.8745 -0.0400
vn 0.4648 -0.8846 -0.0376
vn 0.4510 -0.8918 -0.0346
vn 0.4406 -0.8972 -0.0311
vn 0.4333 -0.9008 -0.0274
vn 0.4291 -0.9029 -0.0235
vn 0.4284 -0.9034 -0.0195
vn 0.6204 -0.7839 -0.0231
vn 0.5887 -0.8080 -0.0239
vn 0.5678 -0.8228 -0.0236
vn 0.5514 -0.8339 -0.0226
vn 0.5377 -0.8429 -0.0210
vn 0.5266 -0.8499 -0.0192
vn 0.5180 -0.8552 -0.0171
vn 0.5126 -0.8585 -0.0149
vn 0.5109 -0.8596 -0.0126
vn 0.0569 -0.9984 0.0007
vn 0.1374 -0.9905 0.0052
vn 0.2224 -0.9749 0.0078
vn 0.3073 -0.9516 0.0092
vn 0.3909 -0.9204 0.0097
vn 0.4726 -0.8812 0.0095
vn 0.5520 -0.8338 0.0092
vn 0.6289 -0.7774 0.0094
vn 0.7045 -0.7097 0.0110
vn 0.0801 -0.9968 -0.0036
vn 0.1419 -0.9899 0.0013
vn 0.2136 -0.9769 0.0048
vn 0.2891 -0.9573 0.0068
vn 0.3669 -0.9302 0.0076
vn 0.4463 -0.8948 0.0078
vn 0.5269 -0.8499 0.0078
vn 0.6092 -0.7930 0.0081
vn 0.6939 -0.7200 0.0093
vn 0.1049 -0.9945 -0.0079
vn 0.1555 -0.9878 -0.0036
vn 0.2137 -0.9769 -0.0000
vn 0.2777 -0.9607 0.0023
vn 0.3478 -0.9375 0.0038
vn 0.4230 -0.9061 0.0045
vn 0.5028 -0.8644 0.0050
vn 0.5872 -0.8094 0.0056
vn 0.6767 -0.7362 0.0070
vn 0.1252 -0.9921 -0.0122
vn 0.1697 -0.9855 -0.0083
vn 0.2180 -0.9759 -0.0051
vn 0.2725 -0.9621 -0.0026
vn 0.3344 -0.9424 -0.0008
vn 0.4037 -0.9149 0.0004
vn 0.4807 -0.8769 0.0014
vn 0.5655 -0.8247 0.0026
vn 0.6585 -0.7526 0.0046
vn 0.1419 -0.9897 -0.0165
vn 0.1819 -0.9832 -0.0130
vn 0.2230 -0.9748 -0.0102
vn 0.2700 -0.9628 -0.0079
vn 0.3247 -0.9458 -0.0060
vn 0.3884 -0.9215 -0.0045
vn 0.4621 -0.8868 -0.0028
vn 0.5462 -0.8377 -0.0008
vn 0.6415 -0.7671 0.0021
vn 0.1556 -0.9876 -0.0208
vn 0.1912 -0.9814 -0.0177
vn 0.2265 -0.9739 -0.0154
vn 0.2676 -0.9634 -0.0133
vn 0.3172 -0.9483 -0.0115
vn 0.3767 -0.9263 -0.0095
vn 0.4476 -0.8942 -0.0072
vn 0.5309 -0.8474 -0.0042
vn 0.6274 -0.7787 -0.0001
vn 0.1673 -0.9856 -0.0253
vn 0.1973 -0.9801 -0.0226
vn 0.2276 -0.9735 -0.0207
vn 0.2646 -0.9642 -0.0190
vn 0.3110 -0.9503 -0.0170
vn 0.3681 -0.9297 -0.0145
vn 0.4373 -0.8992 -0.0114
vn 0.5200 -0.8542 -0.0073
vn 0.6170 -0.7869 -0.0019
vn 0.1772 -0.9837 -0.0299
vn 0.1994 -0.9795 -0.0280
vn 0.2261 -0.9737 -0.0266
vn 0.2611 -0.9650 -0.0249
vn 0.3061 -0.9517 -0.0226
vn 0.3624 -0.9318 -0.0196
vn 0.4310 -0.9022 -0.0155
vn 0.5133 -0.8582 -0.0101
vn 0.6108 -0.7918 -0.0031
vn 0.6086 -0.7934 -0.0037
vn -0.9933 0.1143 -0.0174
vn -0.9856 0.1660 -0.0308
vn -0.9708 0.2368 -0.0380
vn -0.9484 0.3145 -0.0415
vn -0.9175 0.3953 -0.0429
vn -0.8782 0.4764 -0.0430
vn -0.8303 0.5557 -0.0426
vn -0.7729 0.6331 -0.0422
vn -0.7037 0.7092 -0.0430
vn -0.9767 0.2130 -0.0254
vn -0.9760 0.2154 -0.0326
vn -0.9667 0.2530 -0.0382
vn -0.9498 0.3100 -0.0414
vn -0.9236 0.3809 -0.0430
vn -0.8875 0.4587 -0.0434
vn -0.8408 0.5396 -0.0433
vn -0.7808 0.6233 -0.0430
vn -0.7031 0.7097 -0.0431
vn -0.9642 0.2633 -0.0314
vn -0.9671 0.2518 -0.0348
vn -0.9624 0.2691 -0.0383
vn -0.9500 0.3095 -0.0410
vn -0.9278 0.3707 -0.0428
vn -0.8950 0.4440 -0.0438
vn -0.8501 0.5247 -0.0441
vn -0.7896 0.6120 -0.0442
vn -0.7086 0.7043 -0.0442
vn -0.9577 0.2855 -0.0366
vn -0.9618 0.2711 -0.0376
vn -0.9591 0.2804 -0.0395
vn -0.9492 0.3119 -0.0417
vn -0.9300 0.3649 -0.0437
vn -0.9004 0.4328 -0.0451
vn -0.8578 0.5119 -0.0460
vn -0.7980 0.6009 -0.0465
vn -0.7149 0.6977 -0.0468
vn -0.9554 0.2924 -0.0415
vn -0.9596 0.2783 -0.0412
vn -0.9572 0.2863 -0.0421
vn -0.9484 0.3141 -0.0438
vn -0.9312 0.3616 -0.0457
vn -0.9040 0.4248 -0.0475
vn -0.8635 0.5020 -0.0489
vn -0.8045 0.5918 -0.0502
vn -0.7206 0.6915 -0.0511
vn -0.9555 0.2913 -0.0462
vn -0.9592 0.2790 -0.0453
vn -0.9564 0.2884 -0.0459
vn -0.9478 0.3154 -0.0475
vn -0.9318 0.3596 -0.0495
vn -0.9061 0.4199 -0.0517
vn -0.8669 0.4955 -0.0538
vn -0.8088 0.5855 -0.0558
vn -0.7246 0.6868 -0.0574
vn -0.9567 0.2864 -0.0512
vn -0.9592 0.2781 -0.0503
vn -0.9557 0.2898 -0.0512
vn -0.9469 0.3170 -0.0530
vn -0.9315 0.3595 -0.0554
vn -0.9066 0.4179 -0.0582
vn -0.8682 0.4924 -0.0612
vn -0.8108 0.5818 -0.0640
vn -0.7270 0.6835 -0.0663
vn -0.9579 0.2814 -0.0567
vn -0.9584 0.2798 -0.0567
vn -0.9541 0.2938 -0.0583
vn -0.9451 0.3211 -0.0608
vn -0.9298 0.3625 -0.0640
vn -0.9053 0.4193 -0.0675
vn -0.8675 0.4924 -0.0713
vn -0.8108 0.5805 -0.0750
vn -0.7279 0.6813 -0.0779
vn -0.1318 0.9911 -0.0187
vn -0.2483 0.9683 -0.0252
vn -0.2953 0.9549 -0.0319
vn -0.3107 0.9497 -0.0387
vn -0.3124 0.9488 -0.0458
vn -0.3102 0.9492 -0.0533
vn -0.3093 0.9490 -0.0613
vn -0.3141 0.9468 -0.0703
vn -0.3312 0.9401 -0.0808
vn -0.1846 0.9822 -0.0350
vn -0.2592 0.9653 -0.0334
vn -0.3018 0.9527 -0.0356
vn -0.3188 0.9470 -0.0400
vn -0.3222 0.9456 -0.0461
vn -0.3210 0.9456 -0.0535
vn -0.3205 0.9452 -0.0619
vn -0.3241 0.9433 -0.0718
vn -0.3348 0.9385 -0.0840
vn -0.2511 0.9669 -0.0443
vn -0.2901 0.9562 -0.0397
vn -0.3175 0.9475 -0.0390
vn -0.3318 0.9424 -0.0414
vn -0.3372 0.9403 -0.0468
vn -0.3379 0.9396 -0.0540
vn -0.3381 0.9390 -0.0626
vn -0.3408 0.9373 -0.0731
vn -0.3488 0.9332 -0.0864
vn -0.3243 0.9447 -0.0490
vn -0.3376 0.9403 -0.0433
vn -0.3496 0.9360 -0.0416
vn -0.3589 0.9324 -0.0431
vn -0.3642 0.9301 -0.0479
vn -0.3662 0.9289 -0.0548
vn -0.3669 0.9281 -0.0635
vn -0.3693 0.9263 -0.0746
vn -0.3757 0.9225 -0.0887
vn -0.4009 0.9147 -0.0506
vn -0.3980 0.9163 -0.0449
vn -0.3987 0.9161 -0.0431
vn -0.4020 0.9145 -0.0446
vn -0.4053 0.9129 -0.0490
vn -0.4069 0.9118 -0.0557
vn -0.4083 0.9106 -0.0646
vn -0.4109 0.9085 -0.0761
vn -0.4164 0.9046 -0.0910
vn -0.4779 0.8770 -0.0500
vn -0.4662 0.8836 -0.0449
vn -0.4611 0.8863 -0.0439
vn -0.4610 0.8862 -0.0457
vn -0.4625 0.8852 -0.0501
vn -0.4640 0.8840 -0.0568
vn -0.4657 0.8825 -0.0658
vn -0.4685 0.8800 -0.0777
vn -0.4732 0.8760 -0.0931
vn -0.5536 0.8314 -0.0480
vn -0.5392 0.8410 -0.0442
vn -0.5344 0.8441 -0.0441
vn -0.5345 0.8439 -0.0464
vn -0.5362 0.8425 -0.0509
vn -0.5382 0.8409 -0.0576
vn -0.5403 0.8388 -0.0668
vn -0.5429 0.8361 -0.0789
vn -0.5462 0.8323 -0.0946
vn -0.6281 0.7768 -0.0453
vn -0.6177 0.7852 -0.0434
vn -0.6176 0.7852 -0.0442
vn -0.6205 0.7828 -0.0468
vn -0.6237 0.7799 -0.0513
vn -0.6266 0.7771 -0.0580
vn -0.6291 0.7744 -0.0672
vn -0.6310 0.7717 -0.0792
vn -0.6324 0.7688 -0.0950
vn -0.3368 0.9190 -0.2050
vn -0.3891 0.9044 -0.1752
vn -0.4331 0.8856 -0.1680
vn -0.4745 0.8640 -0.1683
vn -0.5175 0.8384 -0.1711
vn -0.5618 0.8087 -0.1742
vn -0.6071 0.7748 -0.1764
vn -0.6536 0.7359 -0.1767
vn -0.7021 0.6905 -0.1739
vn -0.4973 0.8482 -0.1822
vn -0.4502 0.8765 -0.1704
vn -0.4476 0.8788 -0.1654
vn -0.4668 0.8687 -0.1657
vn -0.5028 0.8478 -0.1685
vn -0.5473 0.8191 -0.1716
vn -0.5964 0.7836 -0.1739
vn -0.6502 0.7395 -0.1743
vn -0.7093 0.6836 -0.1719
vn -0.5358 0.8288 -0.1613
vn -0.4779 0.8636 -0.1606
vn -0.4544 0.8763 -0.1601
vn -0.4594 0.8735 -0.1614
vn -0.4899 0.8562 -0.1641
vn -0.5341 0.8287 -0.1671
vn -0.5864 0.7921 -0.1694
vn -0.6461 0.7441 -0.1699
vn -0.7128 0.6810 -0.1676
vn -0.5261 0.8381 -0.1443
vn -0.4742 0.8678 -0.1487
vn -0.4490 0.8806 -0.1516
vn -0.4505 0.8793 -0.1542
vn -0.4783 0.8640 -0.1572
vn -0.5222 0.8376 -0.1602
vn -0.5772 0.8003 -0.1624
vn -0.6421 0.7491 -0.1630
vn -0.7154 0.6800 -0.1607
vn -0.4943 0.8595 -0.1296
vn -0.4508 0.8822 -0.1359
vn -0.4326 0.8906 -0.1406
vn -0.4379 0.8874 -0.1443
vn -0.4659 0.8724 -0.1478
vn -0.5107 0.8464 -0.1509
vn -0.5689 0.8080 -0.1532
vn -0.6388 0.7539 -0.1537
vn -0.7180 0.6794 -0.1512
vn -0.4527 0.8840 -0.1164
vn -0.4179 0.9001 -0.1229
vn -0.4094 0.9033 -0.1282
vn -0.4213 0.8972 -0.1324
vn -0.4522 0.8815 -0.1361
vn -0.4996 0.8550 -0.1393
vn -0.5617 0.8152 -0.1415
vn -0.6365 0.7582 -0.1419
vn -0.7208 0.6790 -0.1395
vn -0.4074 0.9073 -0.1041
vn -0.3838 0.9168 -0.1102
vn -0.3849 0.9158 -0.1149
vn -0.4034 0.9072 -0.1189
vn -0.4382 0.8905 -0.1225
vn -0.4892 0.8631 -0.1255
vn -0.5555 0.8217 -0.1275
vn -0.6348 0.7620 -0.1279
vn -0.7235 0.6788 -0.1256
vn -0.3642 0.9267 -0.0924
vn -0.3549 0.9298 -0.0974
vn -0.3638 0.9260 -0.1010
vn -0.3874 0.9160 -0.1043
vn -0.4257 0.8985 -0.1074
vn -0.4801 0.8703 -0.1100
vn -0.5502 0.8275 -0.1119
vn -0.6336 0.7655 -0.1122
vn -0.7258 0.6790 -0.1101
vn -0.9425 0.2976 -0.1521
vn -0.8988 0.4138 -0.1447
vn -0.8941 0.4284 -0.1305
vn -0.9054 0.4082 -0.1164
vn -0.9206 0.3766 -0.1034
vn -0.9344 0.3442 -0.0917
vn -0.9454 0.3155 -0.0813
vn -0.9532 0.2937 -0.0720
vn -0.9573 0.2821 -0.0637
vn -0.9177 0.3739 -0.1346
vn -0.8985 0.4166 -0.1385
vn -0.8939 0.4282 -0.1323
vn -0.9027 0.4127 -0.1219
vn -0.9166 0.3844 -0.1096
vn -0.9303 0.3537 -0.0975
vn -0.9416 0.3255 -0.0862
vn -0.9500 0.3029 -0.0755
vn -0.9556 0.2875 -0.0653
vn -0.8945 0.4271 -0.1323
vn -0.8920 0.4309 -0.1365
vn -0.8931 0.4295 -0.1340
vn -0.9006 0.4158 -0.1264
vn -0.9122 0.3932 -0.1153
vn -0.9246 0.3666 -0.1033
vn -0.9357 0.3408 -0.0913
vn -0.9445 0.3187 -0.0796
vn -0.9506 0.3029 -0.0681
vn -0.8707 0.4726 -0.1363
vn -0.8791 0.4559 -0.1391
vn -0.8859 0.4432 -0.1372
vn -0.8939 0.4288 -0.1309
vn -0.9041 0.4099 -0.1208
vn -0.9154 0.3874 -0.1091
vn -0.9261 0.3646 -0.0968
vn -0.9349 0.3446 -0.0843
vn -0.9413 0.3299 -0.0717
vn -0.8448 0.5156 -0.1432
vn -0.8598 0.4897 -0.1448
vn -0.8709 0.4703 -0.1423
vn -0.8807 0.4538 -0.1360
vn -0.8908 0.4365 -0.1265
vn -0.9014 0.4174 -0.1150
vn -0.9115 0.3983 -0.1025
vn -0.9199 0.3818 -0.0894
vn -0.9261 0.3696 -0.0758
vn -0.8161 0.5578 -0.1513
vn -0.8346 0.5294 -0.1521
vn -0.8483 0.5082 -0.1488
vn -0.8592 0.4914 -0.1422
vn -0.8694 0.4759 -0.1328
vn -0.8794 0.4603 -0.1214
vn -0.8886 0.4457 -0.1086
vn -0.8963 0.4333 -0.0948
vn -0.9019 0.4243 -0.0803
vn -0.7840 0.5999 -0.1598
vn -0.8032 0.5739 -0.1597
vn -0.8165 0.5559 -0.1558
vn -0.8270 0.5421 -0.1489
vn -0.8364 0.5301 -0.1395
vn -0.8452 0.5189 -0.1280
vn -0.8531 0.5089 -0.1148
vn -0.8597 0.5008 -0.1004
vn -0.8646 0.4952 -0.0850
vn -0.7469 0.6434 -0.1678
vn -0.7628 0.6247 -0.1667
vn -0.7727 0.6136 -0.1624
vn -0.7807 0.6053 -0.1554
vn -0.7878 0.5984 -0.1460
vn -0.7944 0.5923 -0.1343
vn -0.8004 0.5872 -0.1207
vn -0.8053 0.5834 -0.1058
vn -0.8088 0.5812 -0.0895
vn -0.7274 0.6798 -0.0933
vn 0.0777 -0.9970 -0.0041
vn 0.1262 -0.9920 0.0007
vn 0.1543 -0.9880 0.0055
vn 0.1701 -0.9854 0.0103
vn 0.1795 -0.9836 0.0150
vn 0.1856 -0.9824 0.0197
vn 0.1889 -0.9817 0.0247
vn 0.1887 -0.9816 0.0302
vn 0.1825 -0.9825 0.0366
vn 0.1472 -0.9890 -0.0115
vn 0.1635 -0.9865 -0.0037
vn 0.1768 -0.9842 0.0029
vn 0.1860 -0.9825 0.0086
vn 0.1922 -0.9813 0.0137
vn 0.1966 -0.9803 0.0187
vn 0.1990 -0.9797 0.0240
vn 0.1994 -0.9795 0.0297
vn 0.1973 -0.9797 0.0364
vn 0.2264 -0.9739 -0.0154
vn 0.2224 -0.9749 -0.0068
vn 0.2208 -0.9753 0.0005
vn 0.2205 -0.9754 0.0067
vn 0.2212 -0.9752 0.0121
vn 0.2221 -0.9749 0.0172
vn 0.2228 -0.9746 0.0226
vn 0.2228 -0.9744 0.0284
vn 0.2221 -0.9744 0.0350
vn 0.3075 -0.9514 -0.0172
vn 0.2891 -0.9573 -0.0083
vn 0.2757 -0.9612 -0.0010
vn 0.2675 -0.9636 0.0051
vn 0.2625 -0.9649 0.0104
vn 0.2597 -0.9656 0.0154
vn 0.2581 -0.9659 0.0207
vn 0.2572 -0.9660 0.0264
vn 0.2568 -0.9659 0.0327
vn 0.3884 -0.9213 -0.0173
vn 0.3606 -0.9327 -0.0086
vn 0.3394 -0.9406 -0.0019
vn 0.3253 -0.9456 0.0037
vn 0.3161 -0.9487 0.0086
vn 0.3097 -0.9507 0.0134
vn 0.3056 -0.9520 0.0183
vn 0.3031 -0.9527 0.0236
vn 0.3023 -0.9528 0.0294
vn 0.4677 -0.8837 -0.0162
vn 0.4346 -0.9006 -0.0081
vn 0.4096 -0.9123 -0.0024
vn 0.3923 -0.9198 0.0024
vn 0.3801 -0.9249 0.0068
vn 0.3709 -0.9286 0.0110
vn 0.3644 -0.9311 0.0155
vn 0.3604 -0.9326 0.0202
vn 0.3589 -0.9330 0.0252
vn 0.5443 -0.8388 -0.0142
vn 0.5098 -0.8603 -0.0075
vn 0.4854 -0.8743 -0.0029
vn 0.4676 -0.8839 0.0010
vn 0.4539 -0.8910 0.0047
vn 0.4431 -0.8964 0.0083
vn 0.4350 -0.9003 0.0121
vn 0.4299 -0.9027 0.0158
vn 0.4279 -0.9036 0.0198
vn 0.6190 -0.7853 -0.0119
vn 0.5882 -0.8087 -0.0073
vn 0.5679 -0.8231 -0.0040
vn 0.5518 -0.8340 -0.0010
vn 0.5384 -0.8427 0.0020
vn 0.5270 -0.8498 0.0049
vn 0.5184 -0.8551 0.0077
vn 0.5127 -0.8585 0.0103
vn 0.5105 -0.8598 0.0128
vn 0.0120 -0.9914 0.1301
vn 0.1128 -0.9869 0.1155
vn 0.2099 -0.9725 0.1012
vn 0.3017 -0.9495 0.0862
vn 0.3891 -0.9185 0.0702
vn 0.4727 -0.8796 0.0530
vn 0.5529 -0.8325 0.0353
vn 0.6298 -0.7766 0.0176
vn 0.7042 -0.7100 0.0009
vn -0.0015 -0.9933 0.1153
vn 0.0947 -0.9896 0.1083
vn 0.1884 -0.9772 0.0983
vn 0.2769 -0.9570 0.0859
vn 0.3614 -0.9297 0.0717
vn 0.4442 -0.8942 0.0558
vn 0.5269 -0.8491 0.0386
vn 0.6095 -0.7925 0.0204
vn 0.6936 -0.7204 0.0012
vn 0.0247 -0.9948 0.0989
vn 0.1034 -0.9900 0.0958
vn 0.1827 -0.9791 0.0896
vn 0.2610 -0.9620 0.0806
vn 0.3391 -0.9382 0.0692
vn 0.4189 -0.9064 0.0554
vn 0.5015 -0.8642 0.0394
vn 0.5872 -0.8092 0.0217
vn 0.6764 -0.7365 0.0023
vn 0.0600 -0.9946 0.0844
vn 0.1241 -0.9888 0.0829
vn 0.1885 -0.9789 0.0792
vn 0.2548 -0.9643 0.0729
vn 0.3242 -0.9438 0.0640
vn 0.3983 -0.9158 0.0525
vn 0.4786 -0.8772 0.0385
vn 0.5649 -0.8249 0.0221
vn 0.6582 -0.7529 0.0034
vn 0.0941 -0.9930 0.0719
vn 0.1471 -0.9866 0.0710
vn 0.1988 -0.9776 0.0686
vn 0.2540 -0.9651 0.0640
vn 0.3147 -0.9475 0.0571
vn 0.3828 -0.9226 0.0476
vn 0.4594 -0.8875 0.0357
vn 0.5454 -0.8379 0.0212
vn 0.6411 -0.7675 0.0040
vn 0.1237 -0.9904 0.0612
vn 0.1674 -0.9840 0.0607
vn 0.2087 -0.9762 0.0589
vn 0.2551 -0.9653 0.0553
vn 0.3087 -0.9499 0.0497
vn 0.3715 -0.9275 0.0420
vn 0.4451 -0.8949 0.0320
vn 0.5299 -0.8479 0.0195
vn 0.6270 -0.7790 0.0042
vn 0.1486 -0.9875 0.0520
vn 0.1826 -0.9818 0.0517
vn 0.2160 -0.9751 0.0502
vn 0.2561 -0.9655 0.0471
vn 0.3049 -0.9514 0.0426
vn 0.3642 -0.9306 0.0362
vn 0.4352 -0.8999 0.0280
vn 0.5190 -0.8546 0.0174
vn 0.6167 -0.7872 0.0042
vn 0.1689 -0.9847 0.0439
vn 0.1923 -0.9804 0.0438
vn 0.2202 -0.9745 0.0423
vn 0.2565 -0.9657 0.0397
vn 0.3029 -0.9524 0.0358
vn 0.3600 -0.9325 0.0306
vn 0.4296 -0.9027 0.0239
vn 0.5125 -0.8585 0.0152
vn 0.6103 -0.7921 0.0040
vn 0.9777 -0.1703 -0.1230
vn 0.9476 -0.3030 -0.1013
vn 0.9293 -0.3596 -0.0845
vn 0.9218 -0.3810 -0.0721
vn 0.9207 -0.3852 -0.0624
vn 0.9227 -0.3818 -0.0542
vn 0.9256 -0.3756 -0.0471
vn 0.9281 -0.3701 -0.0405
vn 0.9283 -0.3704 -0.0336
vn 0.9693 -0.2294 -0.0882
vn 0.9471 -0.3095 -0.0850
vn 0.9290 -0.3620 -0.0770
vn 0.9195 -0.3869 -0.0688
vn 0.9170 -0.3943 -0.0608
vn 0.9179 -0.3932 -0.0534
vn 0.9204 -0.3882 -0.0466
vn 0.9232 -0.3823 -0.0400
vn 0.9254 -0.3775 -0.0330
vn 0.9534 -0.2940 -0.0682
vn 0.9388 -0.3369 -0.0715
vn 0.9250 -0.3735 -0.0696
vn 0.9155 -0.3970 -0.0648
vn 0.9110 -0.4083 -0.0583
vn 0.9101 -0.4111 -0.0516
vn 0.9116 -0.4085 -0.0453
vn 0.9142 -0.4033 -0.0388
vn 0.9169 -0.3978 -0.0320
vn 0.9308 -0.3615 -0.0545
vn 0.9227 -0.3808 -0.0607
vn 0.9133 -0.4025 -0.0618
vn 0.9048 -0.4217 -0.0592
vn 0.8990 -0.4346 -0.0541
vn 0.8965 -0.4403 -0.0483
vn 0.8966 -0.4407 -0.0425
vn 0.8984 -0.4377 -0.0365
vn 0.9008 -0.4331 -0.0300
vn 0.9014 -0.4308 -0.0435
vn 0.8980 -0.4370 -0.0510
vn 0.8921 -0.4487 -0.0532
vn 0.8849 -0.4629 -0.0518
vn 0.8786 -0.4751 -0.0479
vn 0.8747 -0.4827 -0.0431
vn 0.8732 -0.4858 -0.0380
vn 0.8735 -0.4858 -0.0326
vn 0.8750 -0.4833 -0.0265
vn 0.8652 -0.5004 -0.0334
vn 0.8648 -0.5005 -0.0411
vn 0.8604 -0.5078 -0.0433
vn 0.8534 -0.5196 -0.0423
vn 0.8462 -0.5314 -0.0394
vn 0.8406 -0.5405 -0.0355
vn 0.8370 -0.5463 -0.0312
vn 0.8354 -0.5490 -0.0265
vn 0.8357 -0.5487 -0.0214
vn 0.8216 -0.5695 -0.0235
vn 0.8222 -0.5684 -0.0300
vn 0.8162 -0.5769 -0.0313
vn 0.8072 -0.5895 -0.0302
vn 0.7978 -0.6023 -0.0279
vn 0.7897 -0.6129 -0.0250
vn 0.7838 -0.6207 -0.0217
vn 0.7802 -0.6253 -0.0182
vn 0.7794 -0.6264 -0.0145
vn 0.7694 -0.6387 -0.0128
vn 0.7671 -0.6414 -0.0164
vn 0.7563 -0.6541 -0.0163
vn 0.7431 -0.6690 -0.0150
vn 0.7302 -0.6831 -0.0134
vn 0.7191 -0.6948 -0.0116
vn 0.7108 -0.7034 -0.0097
vn 0.7055 -0.7086 -0.0079
vn 0.7038 -0.7103 -0.0059
vn 0.9922 -0.1245 -0.0078
vn 0.9845 -0.1744 -0.0183
vn 0.9691 -0.2458 -0.0211
vn 0.9455 -0.3249 -0.0204
vn 0.9132 -0.4072 -0.0181
vn 0.8721 -0.4891 -0.0154
vn 0.8225 -0.5686 -0.0129
vn 0.7640 -0.6452 -0.0111
vn 0.6943 -0.7196 -0.0106
vn 0.9692 -0.2464 -0.0058
vn 0.9698 -0.2433 -0.0149
vn 0.9595 -0.2810 -0.0190
vn 0.9400 -0.3406 -0.0195
vn 0.9096 -0.4152 -0.0178
vn 0.8684 -0.4956 -0.0152
vn 0.8166 -0.5771 -0.0126
vn 0.7525 -0.6585 -0.0103
vn 0.6730 -0.7396 -0.0083
vn 0.9480 -0.3181 -0.0063
vn 0.9537 -0.3004 -0.0129
vn 0.9484 -0.3166 -0.0167
vn 0.9328 -0.3600 -0.0177
vn 0.9044 -0.4263 -0.0166
vn 0.8637 -0.5038 -0.0144
vn 0.8104 -0.5858 -0.0116
vn 0.7426 -0.6697 -0.0088
vn 0.6581 -0.7529 -0.0061
vn 0.9334 -0.3588 -0.0085
vn 0.9409 -0.3383 -0.0129
vn 0.9380 -0.3462 -0.0156
vn 0.9245 -0.3808 -0.0165
vn 0.8979 -0.4400 -0.0156
vn 0.8580 -0.5134 -0.0135
vn 0.8040 -0.5945 -0.0106
vn 0.7338 -0.6794 -0.0073
vn 0.6453 -0.7639 -0.0038
vn 0.9250 -0.3798 -0.0118
vn 0.9328 -0.3600 -0.0146
vn 0.9299 -0.3673 -0.0161
vn 0.9167 -0.3992 -0.0163
vn 0.8911 -0.4535 -0.0152
vn 0.8519 -0.5235 -0.0128
vn 0.7975 -0.6033 -0.0096
vn 0.7254 -0.6883 -0.0058
vn 0.6340 -0.7733 -0.0016
vn 0.9217 -0.3877 -0.0160
vn 0.9287 -0.3704 -0.0176
vn 0.9246 -0.3805 -0.0180
vn 0.9107 -0.4126 -0.0175
vn 0.8853 -0.4648 -0.0158
vn 0.8463 -0.5326 -0.0130
vn 0.7911 -0.6116 -0.0092
vn 0.7173 -0.6967 -0.0047
vn 0.6239 -0.7815 0.0004
vn 0.9224 -0.3858 -0.0210
vn 0.9272 -0.3740 -0.0216
vn 0.9214 -0.3881 -0.0212
vn 0.9065 -0.4217 -0.0200
vn 0.8808 -0.4732 -0.0178
vn 0.8414 -0.5402 -0.0143
vn 0.7854 -0.6189 -0.0098
vn 0.7105 -0.7037 -0.0042
vn 0.6157 -0.7880 0.0020
vn 0.9255 -0.3777 -0.0269
vn 0.9266 -0.3752 -0.0266
vn 0.9191 -0.3931 -0.0258
vn 0.9034 -0.4281 -0.0241
vn 0.8774 -0.4792 -0.0212
vn 0.8379 -0.5456 -0.0170
vn 0.7813 -0.6240 -0.0114
vn 0.7057 -0.7085 -0.0046
vn 0.6102 -0.7922 0.0032
vn 0.6083 -0.7937 0.0038
vn -0.9915 -0.1297 -0.0081
vn -0.9678 -0.2517 -0.0048
vn -0.9502 -0.3115 -0.0058
vn -0.9403 -0.3403 -0.0087
vn -0.9355 -0.3530 -0.0129
vn -0.9335 -0.3582 -0.0178
vn -0.9326 -0.3602 -0.0230
vn -0.9315 -0.3625 -0.0286
vn -0.9282 -0.3705 -0.0345
vn -0.9826 -0.1848 -0.0203
vn -0.9640 -0.2657 -0.0126
vn -0.9474 -0.3199 -0.0100
vn -0.9368 -0.3497 -0.0106
vn -0.9313 -0.3641 -0.0135
vn -0.9286 -0.3707 -0.0176
vn -0.9274 -0.3735 -0.0225
vn -0.9266 -0.3750 -0.0281
vn -0.9253 -0.3777 -0.0348
vn -0.9669 -0.2540 -0.0253
vn -0.9533 -0.3014 -0.0173
vn -0.9403 -0.3401 -0.0131
vn -0.9302 -0.3667 -0.0121
vn -0.9237 -0.3829 -0.0138
vn -0.9199 -0.3917 -0.0171
vn -0.9181 -0.3957 -0.0214
vn -0.9174 -0.3971 -0.0268
vn -0.9168 -0.3979 -0.0336
vn -0.9438 -0.3295 -0.0263
vn -0.9352 -0.3537 -0.0188
vn -0.9259 -0.3776 -0.0145
vn -0.9169 -0.3990 -0.0128
vn -0.9096 -0.4152 -0.0136
vn -0.9048 -0.4254 -0.0161
vn -0.9023 -0.4307 -0.0197
vn -0.9012 -0.4328 -0.0246
vn -0.9008 -0.4331 -0.0310
vn -0.9128 -0.4078 -0.0248
vn -0.9083 -0.4179 -0.0181
vn -0.9020 -0.4316 -0.0142
vn -0.8942 -0.4476 -0.0125
vn -0.8867 -0.4621 -0.0128
vn -0.8811 -0.4727 -0.0144
vn -0.8775 -0.4792 -0.0172
vn -0.8757 -0.4825 -0.0214
vn -0.8750 -0.4833 -0.0271
vn -0.8738 -0.4857 -0.0219
vn -0.8725 -0.4884 -0.0160
vn -0.8674 -0.4974 -0.0128
vn -0.8598 -0.5106 -0.0113
vn -0.8516 -0.5241 -0.0110
vn -0.8448 -0.5350 -0.0119
vn -0.8398 -0.5427 -0.0138
vn -0.8368 -0.5472 -0.0170
vn -0.8357 -0.5487 -0.0216
vn -0.8272 -0.5616 -0.0182
vn -0.8271 -0.5619 -0.0135
vn -0.8205 -0.5715 -0.0109
vn -0.8108 -0.5853 -0.0093
vn -0.8006 -0.5991 -0.0085
vn -0.7918 -0.6107 -0.0085
vn -0.7851 -0.6192 -0.0094
vn -0.7809 -0.6245 -0.0113
vn -0.7794 -0.6264 -0.0145
vn -0.7720 -0.6355 -0.0143
vn -0.7694 -0.6387 -0.0112
vn -0.7581 -0.6521 -0.0089
vn -0.7445 -0.6676 -0.0070
vn -0.7312 -0.6821 -0.0055
vn -0.7198 -0.6942 -0.0045
vn -0.7112 -0.7030 -0.0041
vn -0.7057 -0.7085 -0.0045
vn -0.7039 -0.7103 -0.0060
vn -0.9774 -0.1723 -0.1224
vn -0.9714 -0.2190 -0.0913
vn -0.9562 -0.2831 -0.0750
vn -0.9335 -0.3528 -0.0635
vn -0.9031 -0.4262 -0.0530
vn -0.8647 -0.5005 -0.0420
vn -0.8180 -0.5744 -0.0296
vn -0.7620 -0.6474 -0.0151
vn -0.6943 -0.7196 0.0029
vn -0.9451 -0.3116 -0.0984
vn -0.9531 -0.2907 -0.0837
vn -0.9456 -0.3172 -0.0715
vn -0.9281 -0.3673 -0.0617
vn -0.8998 -0.4332 -0.0518
vn -0.8614 -0.5063 -0.0408
vn -0.8124 -0.5824 -0.0281
vn -0.7508 -0.6604 -0.0130
vn -0.6732 -0.7395 0.0051
vn -0.9214 -0.3800 -0.0808
vn -0.9353 -0.3457 -0.0751
vn -0.9343 -0.3500 -0.0681
vn -0.9213 -0.3840 -0.0603
vn -0.8953 -0.4425 -0.0510
vn -0.8573 -0.5133 -0.0401
vn -0.8067 -0.5903 -0.0274
vn -0.7413 -0.6711 -0.0123
vn -0.6581 -0.7529 0.0056
vn -0.9091 -0.4109 -0.0682
vn -0.9235 -0.3778 -0.0671
vn -0.9247 -0.3755 -0.0635
vn -0.9140 -0.4017 -0.0576
vn -0.8897 -0.4539 -0.0492
vn -0.8523 -0.5216 -0.0389
vn -0.8009 -0.5983 -0.0266
vn -0.7327 -0.6804 -0.0119
vn -0.6453 -0.7639 0.0055
vn -0.9054 -0.4206 -0.0587
vn -0.9181 -0.3918 -0.0599
vn -0.9184 -0.3914 -0.0582
vn -0.9076 -0.4164 -0.0538
vn -0.8841 -0.4649 -0.0466
vn -0.8472 -0.5299 -0.0373
vn -0.7949 -0.6061 -0.0257
vn -0.7246 -0.6891 -0.0115
vn -0.6340 -0.7734 0.0051
vn -0.9074 -0.4170 -0.0513
vn -0.9176 -0.3939 -0.0536
vn -0.9156 -0.3987 -0.0527
vn -0.9035 -0.4258 -0.0492
vn -0.8798 -0.4734 -0.0432
vn -0.8426 -0.5374 -0.0348
vn -0.7892 -0.6137 -0.0240
vn -0.7168 -0.6972 -0.0107
vn -0.6239 -0.7815 0.0046
vn -0.9135 -0.4044 -0.0454
vn -0.9199 -0.3893 -0.0478
vn -0.9152 -0.4003 -0.0470
vn -0.9014 -0.4307 -0.0439
vn -0.8769 -0.4791 -0.0387
vn -0.8389 -0.5434 -0.0312
vn -0.7842 -0.6202 -0.0214
vn -0.7102 -0.7039 -0.0095
vn -0.6156 -0.7880 0.0043
vn -0.9214 -0.3865 -0.0401
vn -0.9229 -0.3828 -0.0417
vn -0.9159 -0.3993 -0.0408
vn -0.9008 -0.4326 -0.0379
vn -0.8754 -0.4823 -0.0333
vn -0.8366 -0.5472 -0.0268
vn -0.7806 -0.6248 -0.0182
vn -0.7056 -0.7086 -0.0078
vn -0.6101 -0.7923 0.0041
vn -0.0468 -0.9899 0.1336
vn -0.0675 -0.9914 0.1122
vn -0.0990 -0.9907 0.0939
vn -0.1260 -0.9889 0.0792
vn -0.1470 -0.9868 0.0675
vn -0.1633 -0.9849 0.0577
vn -0.1753 -0.9833 0.0494
vn -0.1823 -0.9823 0.0422
vn -0.1827 -0.9825 0.0357
vn -0.1308 -0.9834 0.1261
vn -0.1195 -0.9867 0.1102
vn -0.1283 -0.9873 0.0941
vn -0.1446 -0.9863 0.0800
vn -0.1608 -0.9846 0.0683
vn -0.1749 -0.9829 0.0584
vn -0.1857 -0.9813 0.0497
vn -0.1931 -0.9803 0.0419
vn -0.1976 -0.9797 0.0346
vn -0.2197 -0.9690 0.1133
vn -0.1948 -0.9756 0.1015
vn -0.1859 -0.9785 0.0890
vn -0.1876 -0.9792 0.0771
vn -0.1945 -0.9786 0.0666
vn -0.2029 -0.9775 0.0572
vn -0.2107 -0.9763 0.0486
vn -0.2173 -0.9753 0.0408
vn -0.2222 -0.9744 0.0335
vn -0.3062 -0.9469 0.0983
vn -0.2733 -0.9578 0.0895
vn -0.2531 -0.9641 0.0803
vn -0.2441 -0.9672 0.0710
vn -0.2424 -0.9682 0.0623
vn -0.2445 -0.9681 0.0541
vn -0.2484 -0.9676 0.0462
vn -0.2526 -0.9668 0.0387
vn -0.2567 -0.9660 0.0317
vn -0.3898 -0.9173 0.0814
vn -0.3526 -0.9328 0.0751
vn -0.3262 -0.9428 0.0689
vn -0.3107 -0.9485 0.0622
vn -0.3027 -0.9515 0.0555
vn -0.2993 -0.9529 0.0487
vn -0.2987 -0.9534 0.0419
vn -0.2997 -0.9534 0.0353
vn -0.3022 -0.9528 0.0289
vn -0.4701 -0.8804 0.0631
vn -0.4313 -0.9003 0.0590
vn -0.4030 -0.9135 0.0555
vn -0.3845 -0.9217 0.0512
vn -0.3725 -0.9269 0.0463
vn -0.3649 -0.9301 0.0412
vn -0.3602 -0.9322 0.0358
vn -0.3583 -0.9331 0.0304
vn -0.3589 -0.9330 0.0250
vn -0.5465 -0.8363 0.0437
vn -0.5091 -0.8597 0.0420
vn -0.4831 -0.8746 0.0405
vn -0.4645 -0.8848 0.0381
vn -0.4506 -0.8920 0.0350
vn -0.4402 -0.8974 0.0315
vn -0.4329 -0.9010 0.0277
vn -0.4287 -0.9031 0.0238
vn -0.4279 -0.9036 0.0197
vn -0.6203 -0.7840 0.0234
vn -0.5886 -0.8081 0.0242
vn -0.5676 -0.8230 0.0239
vn -0.5510 -0.8342 0.0229
vn -0.5374 -0.8431 0.0213
vn -0.5261 -0.8502 0.0195
vn -0.5176 -0.8555 0.0174
vn -0.5122 -0.8588 0.0151
vn -0.5105 -0.8598 0.0128
vn -0.0568 -0.9984 -0.0007
vn -0.1373 -0.9905 -0.0052
vn -0.2223 -0.9749 -0.0078
vn -0.3073 -0.9516 -0.0092
vn -0.3909 -0.9204 -0.0097
vn -0.4726 -0.8812 -0.0095
vn -0.5520 -0.8338 -0.0093
vn -0.6289 -0.7775 -0.0094
vn -0.7044 -0.7097 -0.0111
vn -0.0799 -0.9968 0.0036
vn -0.1417 -0.9899 -0.0013
vn -0.2135 -0.9769 -0.0048
vn -0.2890 -0.9573 -0.0068
vn -0.3668 -0.9303 -0.0076
vn -0.4463 -0.8948 -0.0078
vn -0.5268 -0.8499 -0.0078
vn -0.6090 -0.7931 -0.0081
vn -0.6939 -0.7201 -0.0093
vn -0.1044 -0.9945 0.0080
vn -0.1554 -0.9879 0.0036
vn -0.2134 -0.9770 0.0001
vn -0.2777 -0.9607 -0.0023
vn -0.3477 -0.9376 -0.0037
vn -0.4228 -0.9062 -0.0045
vn -0.5026 -0.8645 -0.0049
vn -0.5870 -0.8095 -0.0056
vn -0.6767 -0.7362 -0.0070
vn -0.1247 -0.9921 0.0123
vn -0.1695 -0.9855 0.0084
vn -0.2179 -0.9760 0.0052
vn -0.2723 -0.9622 0.0027
vn -0.3343 -0.9425 0.0009
vn -0.4035 -0.9150 -0.0004
vn -0.4805 -0.8770 -0.0014
vn -0.5652 -0.8249 -0.0026
vn -0.6583 -0.7528 -0.0046
vn -0.1414 -0.9898 0.0166
vn -0.1816 -0.9833 0.0131
vn -0.2228 -0.9748 0.0103
vn -0.2698 -0.9629 0.0080
vn -0.3245 -0.9459 0.0061
vn -0.3882 -0.9216 0.0045
vn -0.4618 -0.8870 0.0029
vn -0.5460 -0.8378 0.0009
vn -0.6411 -0.7674 -0.0021
vn -0.1552 -0.9877 0.0210
vn -0.1910 -0.9814 0.0179
vn -0.2262 -0.9740 0.0155
vn -0.2674 -0.9635 0.0134
vn -0.3169 -0.9484 0.0116
vn -0.3764 -0.9264 0.0096
vn -0.4473 -0.8944 0.0073
vn -0.5306 -0.8476 0.0043
vn -0.6271 -0.7790 0.0001
vn -0.1669 -0.9856 0.0254
vn -0.1969 -0.9802 0.0228
vn -0.2273 -0.9736 0.0209
vn -0.2643 -0.9643 0.0191
vn -0.3107 -0.9504 0.0171
vn -0.3678 -0.9298 0.0147
vn -0.4370 -0.8994 0.0115
vn -0.5195 -0.8544 0.0074
vn -0.6167 -0.7872 0.0019
vn -0.1768 -0.9838 0.0301
vn -0.1990 -0.9796 0.0282
vn -0.2257 -0.9738 0.0268
vn -0.2608 -0.9651 0.0251
vn -0.3058 -0.9518 0.0228
vn -0.3621 -0.9319 0.0197
vn -0.4306 -0.9024 0.0156
vn -0.5130 -0.8583 0.0102
vn -0.6104 -0.7921 0.0032
vn -0.6082 -0.7938 0.0038
vn 0.1286 0.9915 -0.0182
vn 0.1742 0.9842 -0.0327
vn 0.2425 0.9693 -0.0399
vn 0.3190 0.9468 -0.0430
vn 0.3998 0.9156 -0.0439
vn 0.4809 0.8757 -0.0436
vn 0.5604 0.8271 -0.0428
vn 0.6377 0.7691 -0.0423
vn 0.7135 0.6993 -0.0429
vn 0.2489 0.9682 -0.0262
vn 0.2382 0.9706 -0.0346
vn 0.2691 0.9623 -0.0405
vn 0.3231 0.9454 -0.0435
vn 0.3937 0.9182 -0.0446
vn 0.4722 0.8804 -0.0446
vn 0.5535 0.8317 -0.0440
vn 0.6371 0.7696 -0.0433
vn 0.7226 0.6900 -0.0428
vn 0.3101 0.9501 -0.0333
vn 0.2848 0.9578 -0.0375
vn 0.2936 0.9550 -0.0413
vn 0.3301 0.9429 -0.0439
vn 0.3911 0.9192 -0.0454
vn 0.4656 0.8838 -0.0458
vn 0.5473 0.8357 -0.0455
vn 0.6346 0.7716 -0.0449
vn 0.7251 0.6872 -0.0440
vn 0.3376 0.9404 -0.0401
vn 0.3100 0.9498 -0.0417
vn 0.3110 0.9494 -0.0437
vn 0.3388 0.9397 -0.0458
vn 0.3919 0.9188 -0.0474
vn 0.4616 0.8858 -0.0482
vn 0.5422 0.8388 -0.0482
vn 0.6316 0.7738 -0.0477
vn 0.7259 0.6862 -0.0467
vn 0.3465 0.9369 -0.0470
vn 0.3200 0.9463 -0.0470
vn 0.3211 0.9458 -0.0479
vn 0.3461 0.9369 -0.0494
vn 0.3942 0.9176 -0.0509
vn 0.4599 0.8865 -0.0519
vn 0.5391 0.8406 -0.0523
vn 0.6295 0.7752 -0.0520
vn 0.7264 0.6853 -0.0510
vn 0.3452 0.9370 -0.0540
vn 0.3217 0.9453 -0.0532
vn 0.3260 0.9439 -0.0537
vn 0.3514 0.9346 -0.0549
vn 0.3969 0.9161 -0.0564
vn 0.4599 0.8861 -0.0576
vn 0.5381 0.8408 -0.0584
vn 0.6289 0.7753 -0.0584
vn 0.7271 0.6841 -0.0574
vn 0.3386 0.9389 -0.0614
vn 0.3213 0.9451 -0.0605
vn 0.3297 0.9421 -0.0612
vn 0.3565 0.9322 -0.0627
vn 0.4007 0.9139 -0.0645
vn 0.4620 0.8844 -0.0660
vn 0.5393 0.8395 -0.0671
vn 0.6295 0.7741 -0.0674
vn 0.7278 0.6826 -0.0662
vn 0.3313 0.9410 -0.0696
vn 0.3242 0.9434 -0.0695
vn 0.3364 0.9390 -0.0710
vn 0.3640 0.9285 -0.0731
vn 0.4070 0.9103 -0.0754
vn 0.4664 0.8812 -0.0775
vn 0.5421 0.8366 -0.0789
vn 0.6309 0.7718 -0.0793
vn 0.7280 0.6811 -0.0779
vn 0.9925 0.1208 -0.0186
vn 0.9750 0.2207 -0.0252
vn 0.9651 0.2599 -0.0305
vn 0.9617 0.2718 -0.0352
vn 0.9615 0.2720 -0.0400
vn 0.9620 0.2692 -0.0451
vn 0.9622 0.2675 -0.0506
vn 0.9611 0.2702 -0.0569
vn 0.9572 0.2822 -0.0646
vn 0.9838 0.1762 -0.0341
vn 0.9712 0.2361 -0.0325
vn 0.9625 0.2692 -0.0337
vn 0.9590 0.2810 -0.0363
vn 0.9586 0.2819 -0.0404
vn 0.9591 0.2795 -0.0454
vn 0.9593 0.2778 -0.0512
vn 0.9583 0.2797 -0.0583
vn 0.9554 0.2875 -0.0673
vn 0.9687 0.2446 -0.0432
vn 0.9617 0.2716 -0.0383
vn 0.9565 0.2893 -0.0367
vn 0.9541 0.2972 -0.0377
vn 0.9535 0.2986 -0.0412
vn 0.9538 0.2970 -0.0461
vn 0.9539 0.2955 -0.0522
vn 0.9531 0.2967 -0.0598
vn 0.9505 0.3027 -0.0699
vn 0.9466 0.3187 -0.0480
vn 0.9460 0.3216 -0.0418
vn 0.9450 0.3246 -0.0391
vn 0.9443 0.3268 -0.0394
vn 0.9441 0.3270 -0.0424
vn 0.9444 0.3254 -0.0472
vn 0.9445 0.3240 -0.0536
vn 0.9438 0.3248 -0.0619
vn 0.9413 0.3296 -0.0729
vn 0.9170 0.3958 -0.0498
vn 0.9227 0.3832 -0.0435
vn 0.9260 0.3752 -0.0408
vn 0.9276 0.3713 -0.0411
vn 0.9285 0.3688 -0.0440
vn 0.9293 0.3662 -0.0488
vn 0.9295 0.3645 -0.0555
vn 0.9287 0.3652 -0.0645
vn 0.9261 0.3694 -0.0764
vn 0.8797 0.4729 -0.0495
vn 0.8911 0.4517 -0.0437
vn 0.8980 0.4380 -0.0418
vn 0.9017 0.4303 -0.0425
vn 0.9037 0.4256 -0.0456
vn 0.9051 0.4222 -0.0508
vn 0.9055 0.4203 -0.0580
vn 0.9046 0.4208 -0.0677
vn 0.9020 0.4242 -0.0805
vn 0.8347 0.5487 -0.0476
vn 0.8501 0.5249 -0.0432
vn 0.8584 0.5112 -0.0424
vn 0.8629 0.5034 -0.0439
vn 0.8657 0.4984 -0.0475
vn 0.8674 0.4949 -0.0530
vn 0.8679 0.4929 -0.0608
vn 0.8672 0.4929 -0.0713
vn 0.8647 0.4951 -0.0851
vn 0.7806 0.6235 -0.0450
vn 0.7961 0.6037 -0.0427
vn 0.8028 0.5947 -0.0431
vn 0.8066 0.5894 -0.0453
vn 0.8090 0.5857 -0.0493
vn 0.8106 0.5830 -0.0553
vn 0.8113 0.5811 -0.0638
vn 0.8108 0.5805 -0.0749
vn 0.8089 0.5811 -0.0896
vn 0.9398 0.3065 -0.1513
vn 0.9210 0.3659 -0.1338
vn 0.8994 0.4160 -0.1339
vn 0.8757 0.4622 -0.1397
vn 0.8483 0.5084 -0.1479
vn 0.8171 0.5548 -0.1564
vn 0.7820 0.6012 -0.1643
vn 0.7421 0.6482 -0.1706
vn 0.6961 0.6965 -0.1742
vn 0.8882 0.4367 -0.1431
vn 0.9043 0.4054 -0.1336
vn 0.9003 0.4148 -0.1322
vn 0.8865 0.4421 -0.1364
vn 0.8637 0.4830 -0.1438
vn 0.8340 0.5304 -0.1522
vn 0.7978 0.5812 -0.1604
vn 0.7532 0.6361 -0.1674
vn 0.6975 0.6955 -0.1725
vn 0.8774 0.4618 -0.1300
vn 0.8985 0.4199 -0.1282
vn 0.9030 0.4099 -0.1287
vn 0.8957 0.4246 -0.1324
vn 0.8766 0.4607 -0.1389
vn 0.8487 0.5081 -0.1468
vn 0.8122 0.5624 -0.1549
vn 0.7648 0.6234 -0.1624
vn 0.7029 0.6912 -0.1681
vn 0.8872 0.4464 -0.1171
vn 0.9043 0.4099 -0.1195
vn 0.9094 0.3976 -0.1222
vn 0.9040 0.4084 -0.1263
vn 0.8875 0.4414 -0.1323
vn 0.8614 0.4884 -0.1397
vn 0.8252 0.5452 -0.1475
vn 0.7759 0.6116 -0.1550
vn 0.7091 0.6865 -0.1610
vn 0.9040 0.4145 -0.1049
vn 0.9162 0.3855 -0.1091
vn 0.9187 0.3784 -0.1133
vn 0.9127 0.3912 -0.1181
vn 0.8973 0.4236 -0.1240
vn 0.8725 0.4707 -0.1310
vn 0.8366 0.5301 -0.1384
vn 0.7857 0.6013 -0.1456
vn 0.7148 0.6828 -0.1514
vn 0.9213 0.3773 -0.0936
vn 0.9294 0.3556 -0.0983
vn 0.9289 0.3556 -0.1031
vn 0.9216 0.3728 -0.1081
vn 0.9066 0.4064 -0.1139
vn 0.8823 0.4550 -0.1204
vn 0.8462 0.5175 -0.1274
vn 0.7938 0.5932 -0.1340
vn 0.7195 0.6803 -0.1395
vn 0.9367 0.3400 -0.0833
vn 0.9410 0.3268 -0.0878
vn 0.9382 0.3334 -0.0923
vn 0.9299 0.3549 -0.0970
vn 0.9148 0.3908 -0.1024
vn 0.8906 0.4416 -0.1083
vn 0.8541 0.5074 -0.1146
vn 0.8004 0.5872 -0.1206
vn 0.7232 0.6791 -0.1256
vn 0.9490 0.3066 -0.0737
vn 0.9497 0.3033 -0.0776
vn 0.9456 0.3151 -0.0812
vn 0.9366 0.3399 -0.0853
vn 0.9214 0.3780 -0.0898
vn 0.8973 0.4311 -0.0949
vn 0.8603 0.4999 -0.1004
vn 0.8054 0.5832 -0.1057
vn 0.7258 0.6790 -0.1101
vn 0.3182 0.9249 -0.2080
vn 0.4614 0.8674 -0.1866
vn 0.4883 0.8570 -0.1647
vn 0.4729 0.8689 -0.1462
vn 0.4411 0.8880 -0.1301
vn 0.4053 0.9068 -0.1157
vn 0.3716 0.9227 -0.1027
vn 0.3449 0.9342 -0.0907
vn 0.3310 0.9403 -0.0794
vn 0.3923 0.9024 -0.1781
vn 0.4580 0.8713 -0.1763
vn 0.4833 0.8597 -0.1651
vn 0.4742 0.8674 -0.1512
vn 0.4472 0.8840 -0.1363
vn 0.4142 0.9020 -0.1217
vn 0.3817 0.9180 -0.1078
vn 0.3543 0.9303 -0.0944
vn 0.3347 0.9388 -0.0811
vn 0.4421 0.8812 -0.1677
vn 0.4643 0.8692 -0.1701
vn 0.4762 0.8637 -0.1650
vn 0.4706 0.8687 -0.1549
vn 0.4512 0.8811 -0.1416
vn 0.4242 0.8966 -0.1273
vn 0.3953 0.9116 -0.1129
vn 0.3691 0.9242 -0.0985
vn 0.3490 0.9334 -0.0839
vn 0.4843 0.8591 -0.1654
vn 0.4828 0.8594 -0.1683
vn 0.4822 0.8603 -0.1655
vn 0.4763 0.8650 -0.1576
vn 0.4623 0.8746 -0.1458
vn 0.4412 0.8876 -0.1322
vn 0.4172 0.9012 -0.1177
vn 0.3943 0.9132 -0.1027
vn 0.3761 0.9225 -0.0870
vn 0.5249 0.8347 -0.1666
vn 0.5116 0.8423 -0.1694
vn 0.5031 0.8479 -0.1670
vn 0.4951 0.8540 -0.1600
vn 0.4834 0.8626 -0.1493
vn 0.4671 0.8736 -0.1363
vn 0.4487 0.8853 -0.1220
vn 0.4311 0.8960 -0.1065
vn 0.4168 0.9045 -0.0901
vn 0.5651 0.8075 -0.1692
vn 0.5477 0.8188 -0.1718
vn 0.5365 0.8268 -0.1690
vn 0.5279 0.8336 -0.1623
vn 0.5186 0.8413 -0.1522
vn 0.5072 0.8504 -0.1397
vn 0.4948 0.8599 -0.1254
vn 0.4831 0.8687 -0.1097
vn 0.4734 0.8760 -0.0927
vn 0.6060 0.7766 -0.1722
vn 0.5899 0.7885 -0.1739
vn 0.5811 0.7957 -0.1707
vn 0.5753 0.8013 -0.1639
vn 0.5700 0.8070 -0.1542
vn 0.5640 0.8135 -0.1419
vn 0.5576 0.8202 -0.1276
vn 0.5514 0.8267 -0.1118
vn 0.5462 0.8323 -0.0945
vn 0.6489 0.7406 -0.1744
vn 0.6393 0.7489 -0.1746
vn 0.6368 0.7519 -0.1708
vn 0.6364 0.7538 -0.1639
vn 0.6363 0.7559 -0.1542
vn 0.6359 0.7586 -0.1421
vn 0.6350 0.7618 -0.1280
vn 0.6338 0.7653 -0.1122
vn 0.6325 0.7687 -0.0949
vn 0.7274 0.6798 -0.0933
vn -0.0456 -0.9698 -0.2398
vn -0.1351 -0.9654 -0.2229
vn -0.2247 -0.9529 -0.2039
vn -0.3126 -0.9321 -0.1831
vn -0.3989 -0.9029 -0.1605
vn -0.4820 -0.8655 -0.1363
vn -0.5615 -0.8200 -0.1107
vn -0.6363 -0.7668 -0.0839
vn -0.7060 -0.7060 -0.0561
vn -0.7696 -0.6379 -0.0275
vn -0.8254 -0.5645 0.0011
vn -0.8735 -0.4859 0.0297
vn -0.9134 -0.4029 0.0579
vn -0.9447 -0.3166 0.0855
vn -0.9672 -0.2277 0.1121
vn -0.9809 -0.1374 0.1376
vn -0.9857 -0.0462 0.1618
vn -0.0910 -0.0016 0.9958
vn -0.2558 -0.0076 0.9667
vn -0.3978 -0.0182 0.9173
vn -0.5152 -0.0322 0.8565
vn -0.6099 -0.0480 0.7911
vn -0.6856 -0.0643 0.7251
vn -0.7459 -0.0797 0.6613
vn -0.7939 -0.0931 0.6009
vn -0.8327 -0.1036 0.5439
vn -0.8643 -0.1103 0.4907
vn -0.8901 -0.1129 0.4416
vn -0.9117 -0.1106 0.3957
vn -0.9301 -0.1029 0.3525
vn -0.9460 -0.0899 0.3114
vn -0.9598 -0.0712 0.2716
vn -0.9715 -0.0469 0.2325
vn -0.9810 -0.0172 0.1935
vn -0.0348 0.7511 -0.6592
vn -0.1035 0.7414 -0.6630
vn -0.1713 0.7282 -0.6636
vn -0.2385 0.7115 -0.6610
vn -0.3052 0.6911 -0.6552
vn -0.3713 0.6670 -0.6460
vn -0.4375 0.6386 -0.6331
vn -0.5031 0.6058 -0.6163
vn -0.5682 0.5682 -0.5952
vn -0.6325 0.5252 -0.5693
vn -0.6955 0.4763 -0.5380
vn -0.7561 0.4212 -0.5009
vn -0.8135 0.3593 -0.4573
vn -0.8662 0.2902 -0.4067
vn -0.9122 0.2146 -0.3491
vn -0.9495 0.1325 -0.2843
vn -0.9760 0.0451 -0.2132
vn -0.0901 -0.0016 -0.9959
vn -0.2532 -0.0074 -0.9674
vn -0.3940 -0.0179 -0.9190
vn -0.5107 -0.0319 -0.8592
vn -0.6054 -0.0477 -0.7945
vn -0.6814 -0.0640 -0.7291
vn -0.7421 -0.0794 -0.6656
vn -0.7905 -0.0929 -0.6054
vn -0.8299 -0.1033 -0.5483
vn -0.8618 -0.1103 -0.4950
vn -0.8881 -0.1128 -0.4456
vn -0.9100 -0.1106 -0.3997
vn -0.9288 -0.1030 -0.3561
vn -0.9450 -0.0899 -0.3146
vn -0.9589 -0.0713 -0.2745
vn -0.9708 -0.0470 -0.2351
vn -0.9805 -0.0172 -0.1958
vn -0.0000 -0.9718 0.2359
vn -0.0000 -0.9783 0.2070
vn -0.0000 -0.9843 0.1766
vn -0.0000 -0.9895 0.1445
vn -0.0000 -0.9939 0.1098
vn -0.0000 -0.9974 0.0719
vn -0.0000 -0.9996 0.0295
vn -0.0000 -0.9998 -0.0187
vn -0.0000 -0.9971 -0.0763
vn -0.0000 -0.9896 -0.1440
vn -0.0000 -0.9743 -0.2251
vn -0.0000 -0.9460 -0.3243
vn -0.0000 -0.8944 -0.4472
vn -0.0000 -0.8040 -0.5946
vn -0.0000 -0.6530 -0.7574
vn -0.0000 -0.4257 -0.9049
vn -0.0000 -0.1456 -0.9893
vn 0.9805 -0.0172 -0.1958
vn 0.9708 -0.0470 -0.2351
vn 0.9589 -0.0712 -0.2745
vn 0.9450 -0.0899 -0.3146
vn 0.9288 -0.1030 -0.3561
vn 0.9100 -0.1106 -0.3996
vn 0.8880 -0.1129 -0.4457
vn 0.8619 -0.1102 -0.4949
vn 0.8299 -0.1033 -0.5483
vn 0.7905 -0.0929 -0.6054
vn 0.7421 -0.0794 -0.6656
vn 0.6813 -0.0640 -0.7292
vn 0.6055 -0.0476 -0.7944
vn 0.5107 -0.0319 -0.8592
vn 0.3940 -0.0179 -0.9190
vn 0.2532 -0.0074 -0.9674
vn 0.0901 -0.0016 -0.9959
vn 0.0455 -0.9690 0.2427
vn 0.1351 -0.9648 0.2256
vn 0.2243 -0.9524 0.2065
vn 0.3125 -0.9316 0.1854
vn 0.3987 -0.9026 0.1625
vn 0.4819 -0.8653 0.1380
vn 0.5614 -0.8199 0.1121
vn 0.6363 -0.7667 0.0850
vn 0.7060 -0.7059 0.0568
vn 0.7696 -0.6379 0.0279
vn 0.8254 -0.5645 -0.0010
vn 0.8735 -0.4859 -0.0299
vn 0.9134 -0.4028 -0.0585
vn 0.9446 -0.3166 -0.0864
vn 0.9671 -0.2277 -0.1134
vn 0.9807 -0.1373 -0.1393
vn 0.9854 -0.0463 -0.1637
vn 0.0348 0.7554 0.6543
vn 0.1040 0.7457 0.6581
vn 0.1723 0.7324 0.6587
vn 0.2398 0.7155 0.6561
vn 0.3068 0.6950 0.6503
vn 0.3734 0.6705 0.6411
vn 0.4398 0.6419 0.6281
vn 0.5056 0.6088 0.6113
vn 0.5707 0.5709 0.5903
vn 0.6352 0.5273 0.5643
vn 0.6980 0.4781 0.5331
vn 0.7586 0.4225 0.4960
vn 0.8157 0.3602 0.4527
vn 0.8680 0.2909 0.4025
vn 0.9136 0.2149 0.3452
vn 0.9505 0.1325 0.2811
vn 0.9765 0.0451 0.2107
vn 0.0910 -0.0016 0.9958
vn 0.2559 -0.0076 0.9667
vn 0.3978 -0.0182 0.9173
vn 0.5152 -0.0322 0.8565
vn 0.6099 -0.0480 0.7910
vn 0.6856 -0.0644 0.7251
vn 0.7459 -0.0797 0.6613
vn 0.7940 -0.0930 0.6008
vn 0.8327 -0.1036 0.5440
vn 0.8644 -0.1103 0.4906
vn 0.8901 -0.1129 0.4416
vn 0.9117 -0.1106 0.3957
vn 0.9301 -0.1029 0.3525
vn 0.9460 -0.0899 0.3114
vn 0.9598 -0.0712 0.2716
vn 0.9715 -0.0469 0.2325
vn 0.9810 -0.0172 0.1935
vn -0.0000 -0.9724 -0.2331
vn -0.0000 -0.9789 -0.2044
vn -0.0000 -0.9847 -0.1743
vn -0.0000 -0.9898 -0.1426
vn -0.0000 -0.9941 -0.1082
vn -0.0000 -0.9975 -0.0707
vn -0.0000 -0.9996 -0.0288
vn -0.0000 -0.9998 0.0190
vn -0.0000 -0.9971 0.0759
vn -0.0000 -0.9897 0.1430
vn -0.0000 -0.9748 0.2231
vn -0.0000 -0.9469 0.3215
vn -0.0000 -0.8962 0.4437
vn -0.0000 -0.8072 0.5903
vn -0.0000 -0.6564 0.7544
vn -0.0000 -0.4292 0.9032
vn -0.0000 -0.1477 0.9890
vn -0.0468 -0.9989 -0.0000
vn -0.1387 -0.9903 -0.0000
vn -0.2292 -0.9734 -0.0000
vn -0.3179 -0.9481 -0.0000
vn -0.4039 -0.9148 -0.0000
vn -0.4864 -0.8737 -0.0000
vn -0.5648 -0.8252 -0.0000
vn -0.6384 -0.7697 -0.0000
vn -0.7071 -0.7071 -0.0000
vn -0.7697 -0.6384 -0.0000
vn -0.8252 -0.5648 -0.0000
vn -0.8737 -0.4864 -0.0000
vn -0.9148 -0.4039 -0.0000
vn -0.9481 -0.3179 -0.0000
vn -0.9734 -0.2292 -0.0000
vn -0.9903 -0.1387 -0.0000
vn -0.9989 -0.0469 -0.0000
vn -0.0469 0.9989 -0.0000
vn -0.1386 0.9903 -0.0000
vn -0.2293 0.9734 -0.0000
vn -0.3179 0.9481 -0.0000
vn -0.4039 0.9148 -0.0000
vn -0.4864 0.8737 -0.0000
vn -0.5648 0.8252 -0.0000
vn -0.6384 0.7697 -0.0000
vn -0.7071 0.7071 -0.0000
vn -0.7697 0.6384 -0.0000
vn -0.8252 0.5648 -0.0000
vn -0.8737 0.4864 -0.0000
vn -0.9148 0.4039 -0.0000
vn -0.9481 0.3179 -0.0000
vn -0.9734 0.2292 -0.0000
vn -0.9903 0.1387 -0.0000
vn -0.9989 0.0469 -0.0000
vn 0.0468 -0.9989 -0.0000
vn 0.1387 -0.9903 -0.0000
vn 0.2292 -0.9734 -0.0000
vn 0.3180 -0.9481 -0.0000
vn 0.4039 -0.9148 -0.0000
vn 0.4864 -0.8737 -0.0000
vn 0.5648 -0.8252 -0.0000
vn 0.6384 -0.7697 -0.0000
vn 0.7071 -0.7071 -0.0000
vn 0.7697 -0.6384 -0.0000
vn 0.8252 -0.5648 -0.0000
vn 0.8737 -0.4864 -0.0000
vn 0.9148 -0.4039 -0.0000
vn 0.9481 -0.3179 -0.0000
vn 0.9734 -0.2292 -0.0000
vn 0.9903 -0.1387 -0.0000
vn 0.9989 -0.0469 -0.0000
vn 0.0469 0.9989 -0.0000
vn 0.1386 0.9903 -0.0000
vn 0.2293 0.9734 -0.0000
vn 0.3179 0.9481 -0.0000
vn 0.4039 0.9148 -0.0000
vn 0.4864 0.8737 -0.0000
vn 0.5648 0.8252 -0.0000
vn 0.6384 0.7697 -0.0000
vn 0.7071 0.7071 -0.0000
vn 0.7697 0.6384 -0.0000
vn 0.8252 0.5648 -0.0000
vn 0.8737 0.4864 -0.0000
vn 0.9148 0.4039 -0.0000
vn 0.9481 0.3179 -0.0000
vn 0.9734 0.2292 -0.0000
vn 0.9903 0.1387 -0.0000
vn 0.9989 0.0469 -0.0000
vn -0.3180 -0.9481 -0.0000
vn -0.0453 0.9651 0.2581
vn -0.1334 0.9534 0.2706
vn -0.2200 0.9342 0.2809
vn -0.3044 0.9077 0.2889
vn -0.3859 0.8743 0.2945
vn -0.4643 0.8341 0.2979
vn -0.5390 0.7875 0.2990
vn -0.6094 0.7348 0.2978
vn -0.6759 0.6758 0.2942
vn -0.7371 0.6113 0.2882
vn -0.7922 0.5422 0.2800
vn -0.8414 0.4684 0.2696
vn -0.8842 0.3902 0.2568
vn -0.9200 0.3084 0.2419
vn -0.9485 0.2233 0.2249
vn -0.9691 0.1356 0.2058
vn -0.9817 0.0460 0.1848
vn 0.0464 -0.9892 -0.1393
vn 0.1376 -0.9829 -0.1223
vn 0.2279 -0.9681 -0.1042
vn 0.3167 -0.9447 -0.0851
vn 0.4029 -0.9129 -0.0652
vn 0.4859 -0.8729 -0.0446
vn 0.5645 -0.8251 -0.0236
vn 0.6384 -0.7697 -0.0024
vn 0.7070 -0.7070 0.0191
vn 0.7690 -0.6379 0.0403
vn 0.8236 -0.5638 0.0610
vn 0.8708 -0.4848 0.0810
vn 0.9102 -0.4019 0.1003
vn 0.9414 -0.3157 0.1187
vn 0.9643 -0.2272 0.1359
vn 0.9788 -0.1371 0.1519
vn 0.9849 -0.0462 0.1666
vn -1.0000 -0.0000 0.0033
vn -1.0000 -0.0000 0.0094
vn -0.9999 -0.0000 0.0153
vn -0.9998 -0.0001 0.0209
vn -0.9996 -0.0001 0.0266
vn -0.9995 -0.0002 0.0322
vn -0.9993 -0.0003 0.0380
vn -0.9990 -0.0003 0.0440
vn -0.9987 -0.0004 0.0505
vn -0.9983 -0.0004 0.0575
vn -0.9979 -0.0005 0.0651
vn -0.9973 -0.0005 0.0737
vn -0.9965 -0.0006 0.0837
vn -0.9954 -0.0006 0.0956
vn -0.9939 -0.0005 0.1104
vn -0.9916 -0.0004 0.1295
vn -0.9878 -0.0002 0.1555
vn -0.0000 0.9749 0.2225
vn -0.0000 0.9833 0.1821
vn -0.0000 0.9882 0.1533
vn -0.0000 0.9913 0.1315
vn -0.0000 0.9935 0.1141
vn -0.0000 0.9950 0.0998
vn -0.0000 0.9962 0.0876
vn -0.0000 0.9970 0.0769
vn -0.0000 0.9977 0.0672
vn -0.0000 0.9983 0.0583
vn -0.0000 0.9987 0.0501
vn -0.0000 0.9991 0.0423
vn -0.0000 0.9994 0.0348
vn -0.0000 0.9996 0.0273
vn -0.0000 0.9998 0.0198
vn -0.0000 0.9999 0.0122
vn -0.0000 1.0000 0.0043
vn -0.0000 -0.9910 -0.1338
vn -0.0000 -0.9936 -0.1132
vn -0.0000 -0.9952 -0.0977
vn -0.0000 -0.9963 -0.0855
vn -0.0000 -0.9972 -0.0754
vn -0.0000 -0.9978 -0.0669
vn -0.0000 -0.9982 -0.0594
vn -0.0000 -0.9986 -0.0527
vn -0.0000 -0.9989 -0.0465
vn -0.0000 -0.9992 -0.0407
vn -0.0000 -0.9994 -0.0353
vn -0.0000 -0.9995 -0.0301
vn -0.0000 -0.9997 -0.0249
vn -0.0000 -0.9998 -0.0197
vn -0.0000 -0.9999 -0.0144
vn -0.0000 -1.0000 -0.0089
vn -0.0000 -1.0000 -0.0031
vn 0.9878 -0.0002 0.1555
vn 0.9916 -0.0004 0.1294
vn 0.9939 -0.0005 0.1104
vn 0.9954 -0.0006 0.0956
vn 0.9965 -0.0006 0.0837
vn 0.9973 -0.0005 0.0737
vn 0.9979 -0.0005 0.0651
vn 0.9983 -0.0004 0.0575
vn 0.9987 -0.0004 0.0505
vn 0.9990 -0.0003 0.0440
vn 0.9993 -0.0003 0.0380
vn 0.9995 -0.0002 0.0322
vn 0.9996 -0.0001 0.0266
vn 0.9998 -0.0001 0.0209
vn 0.9999 -0.0000 0.0153
vn 1.0000 -0.0000 0.0094
vn 1.0000 -0.0000 0.0033
vn 0.3179 -0.9481 -0.0000
vn 0.8253 -0.5648 -0.0000
vn -0.0464 -0.9889 0.1412
vn -0.1375 -0.9827 0.1240
vn -0.2280 -0.9679 0.1056
vn -0.3166 -0.9446 0.0863
vn -0.4029 -0.9129 0.0661
vn -0.4859 -0.8728 0.0453
vn -0.5645 -0.8251 0.0241
vn -0.6383 -0.7697 0.0025
vn -0.7070 -0.7070 -0.0192
vn -0.7690 -0.6379 -0.0407
vn -0.8236 -0.5638 -0.0616
vn -0.8708 -0.4848 -0.0819
vn -0.9101 -0.4018 -0.1015
vn -0.9412 -0.3157 -0.1200
vn -0.9641 -0.2271 -0.1375
vn -0.9786 -0.1370 -0.1537
vn -0.9846 -0.0462 -0.1685
vn 0.0453 0.9640 -0.2619
vn 0.1332 0.9523 -0.2745
vn 0.2198 0.9330 -0.2848
vn 0.3039 0.9066 -0.2929
vn 0.3854 0.8731 -0.2986
vn 0.4637 0.8329 -0.3020
vn 0.5383 0.7864 -0.3030
vn 0.6086 0.7339 -0.3017
vn 0.6750 0.6749 -0.2980
vn 0.7362 0.6106 -0.2920
vn 0.7914 0.5415 -0.2836
vn 0.8406 0.4679 -0.2730
vn 0.8834 0.3899 -0.2601
vn 0.9193 0.3081 -0.2450
vn 0.9478 0.2232 -0.2277
vn 0.9686 0.1355 -0.2083
vn 0.9813 0.0460 -0.1870
vn 1.0000 -0.0000 -0.0033
vn 1.0000 -0.0000 -0.0094
vn 0.9999 -0.0000 -0.0153
vn 0.9998 -0.0001 -0.0210
vn 0.9996 -0.0001 -0.0266
vn 0.9995 -0.0002 -0.0323
vn 0.9993 -0.0003 -0.0381
vn 0.9990 -0.0003 -0.0441
vn 0.9987 -0.0004 -0.0507
vn 0.9983 -0.0005 -0.0577
vn 0.9979 -0.0005 -0.0654
vn 0.9972 -0.0006 -0.0741
vn 0.9964 -0.0006 -0.0842
vn 0.9954 -0.0006 -0.0963
vn 0.9938 -0.0005 -0.1112
vn 0.9914 -0.0004 -0.1306
vn 0.9876 -0.0002 -0.1572
vn -0.0000 -1.0000 0.0032
vn -0.0000 -1.0000 0.0090
vn -0.0000 -0.9999 0.0145
vn -0.0000 -0.9998 0.0198
vn -0.0000 -0.9997 0.0250
vn -0.0000 -0.9995 0.0302
vn -0.0000 -0.9994 0.0355
vn -0.0000 -0.9992 0.0410
vn -0.0000 -0.9989 0.0468
vn -0.0000 -0.9986 0.0531
vn -0.0000 -0.9982 0.0598
vn -0.0000 -0.9977 0.0674
vn -0.0000 -0.9971 0.0760
vn -0.0000 -0.9963 0.0862
vn -0.0000 -0.9951 0.0987
vn -0.0000 -0.9934 0.1144
vn -0.0000 -0.9908 0.1354
vn -0.0000 1.0000 -0.0043
vn -0.0000 0.9999 -0.0122
vn -0.0000 0.9998 -0.0199
vn -0.0000 0.9996 -0.0274
vn -0.0000 0.9994 -0.0349
vn -0.0000 0.9991 -0.0425
vn -0.0000 0.9987 -0.0504
vn -0.0000 0.9983 -0.0587
vn -0.0000 0.9977 -0.0676
vn -0.0000 0.9970 -0.0775
vn -0.0000 0.9961 -0.0883
vn -0.0000 0.9949 -0.1006
vn -0.0000 0.9934 -0.1151
vn -0.0000 0.9912 -0.1327
vn -0.0000 0.9879 -0.1549
vn -0.0000 0.9829 -0.1842
vn -0.0000 0.9742 -0.2256
vn -0.9876 -0.0002 -0.1572
vn -0.9914 -0.0004 -0.1306
vn -0.9938 -0.0005 -0.1112
vn -0.9954 -0.0006 -0.0963
vn -0.9964 -0.0006 -0.0842
vn -0.9972 -0.0006 -0.0741
vn -0.9979 -0.0005 -0.0654
vn -0.9983 -0.0005 -0.0577
vn -0.9987 -0.0004 -0.0507
vn -0.9990 -0.0003 -0.0441
vn -0.9993 -0.0003 -0.0381
vn -0.9995 -0.0002 -0.0323
vn -0.9996 -0.0001 -0.0266
vn -0.9998 -0.0001 -0.0210
vn -0.9999 -0.0000 -0.0153
vn -1.0000 -0.0000 -0.0094
vn -1.0000 -0.0000 -0.0033
vn -0.0464 -0.9892 -0.1393
vn -0.1376 -0.9829 -0.1223
vn -0.2279 -0.9681 -0.1042
vn -0.3167 -0.9447 -0.0851
vn -0.4029 -0.9129 -0.0652
vn -0.4859 -0.8729 -0.0446
vn -0.5646 -0.8251 -0.0236
vn -0.6384 -0.7697 -0.0024
vn -0.7070 -0.7070 0.0191
vn -0.7690 -0.6379 0.0403
vn -0.8236 -0.5639 0.0610
vn -0.8709 -0.4848 0.0810
vn -0.9102 -0.4019 0.1003
vn -0.9414 -0.3157 0.1187
vn -0.9643 -0.2271 0.1359
vn -0.9788 -0.1371 0.1519
vn -0.9849 -0.0462 0.1666
vn 0.0453 0.9651 0.2581
vn 0.1335 0.9534 0.2706
vn 0.2200 0.9342 0.2809
vn 0.3043 0.9077 0.2888
vn 0.3860 0.8742 0.2945
vn 0.4643 0.8341 0.2979
vn 0.5389 0.7875 0.2990
vn 0.6095 0.7348 0.2978
vn 0.6758 0.6758 0.2942
vn 0.7371 0.6113 0.2882
vn 0.7923 0.5421 0.2800
vn 0.8414 0.4684 0.2696
vn 0.8841 0.3903 0.2568
vn 0.9200 0.3084 0.2419
vn 0.9485 0.2233 0.2249
vn 0.9691 0.1356 0.2058
vn 0.9817 0.0460 0.1848
vn -0.0348 0.7554 0.6543
vn -0.1040 0.7457 0.6581
vn -0.1723 0.7324 0.6587
vn -0.2399 0.7155 0.6561
vn -0.3068 0.6950 0.6503
vn -0.3734 0.6705 0.6411
vn -0.4398 0.6419 0.6281
vn -0.5056 0.6088 0.6114
vn -0.5708 0.5708 0.5902
vn -0.6351 0.5274 0.5643
vn -0.6980 0.4781 0.5331
vn -0.7586 0.4224 0.4960
vn -0.8157 0.3602 0.4527
vn -0.8679 0.2910 0.4025
vn -0.9136 0.2149 0.3452
vn -0.9505 0.1325 0.2811
vn -0.9765 0.0452 0.2107
vn 0.0456 -0.9698 -0.2398
vn 0.1351 -0.9654 -0.2229
vn 0.2247 -0.9529 -0.2039
vn 0.3126 -0.9321 -0.1831
vn 0.3988 -0.9029 -0.1605
vn 0.4821 -0.8655 -0.1363
vn 0.5615 -0.8200 -0.1106
vn 0.6363 -0.7669 -0.0839
vn 0.7060 -0.7060 -0.0560
vn 0.7696 -0.6379 -0.0275
vn 0.8254 -0.5645 0.0011
vn 0.8735 -0.4859 0.0297
vn 0.9134 -0.4029 0.0579
vn 0.9447 -0.3166 0.0855
vn 0.9672 -0.2277 0.1121
vn 0.9809 -0.1373 0.1376
vn 0.9857 -0.0462 0.1618
vn -0.0452 0.9640 -0.2619
vn -0.1333 0.9523 -0.2745
vn -0.2198 0.9330 -0.2849
vn -0.3039 0.9066 -0.2929
vn -0.3854 0.8731 -0.2986
vn -0.4637 0.8330 -0.3020
vn -0.5383 0.7864 -0.3030
vn -0.6086 0.7339 -0.3017
vn -0.6750 0.6750 -0.2980
vn -0.7362 0.6106 -0.2920
vn -0.7913 0.5416 -0.2837
vn -0.8406 0.4678 -0.2730
vn -0.8833 0.3899 -0.2601
vn -0.9193 0.3081 -0.2450
vn -0.9478 0.2232 -0.2277
vn -0.9686 0.1355 -0.2083
vn -0.9813 0.0460 -0.1870
vn 0.0464 -0.9889 0.1412
vn 0.1375 -0.9827 0.1240
vn 0.2280 -0.9679 0.1056
vn 0.3166 -0.9446 0.0863
vn 0.4029 -0.9129 0.0661
vn 0.4859 -0.8728 0.0453
vn 0.5645 -0.8251 0.0241
vn 0.6384 -0.7697 0.0025
vn 0.7070 -0.7070 -0.0192
vn 0.7690 -0.6380 -0.0407
vn 0.8236 -0.5638 -0.0616
vn 0.8708 -0.4848 -0.0819
vn 0.9101 -0.4018 -0.1015
vn 0.9412 -0.3157 -0.1200
vn 0.9641 -0.2271 -0.1375
vn 0.9786 -0.1370 -0.1537
vn 0.9846 -0.0462 -0.1685
vn -0.0455 -0.9690 0.2427
vn -0.1351 -0.9648 0.2256
vn -0.2244 -0.9524 0.2065
vn -0.3126 -0.9316 0.1854
vn -0.3986 -0.9026 0.1625
vn -0.4820 -0.8652 0.1380
vn -0.5614 -0.8199 0.1121
vn -0.6363 -0.7667 0.0850
vn -0.7060 -0.7059 0.0568
vn -0.7696 -0.6379 0.0279
vn -0.8255 -0.5644 -0.0010
vn -0.8735 -0.4859 -0.0299
vn -0.9134 -0.4028 -0.0585
vn -0.9446 -0.3165 -0.0865
vn -0.9671 -0.2277 -0.1134
vn -0.9807 -0.1372 -0.1392
vn -0.9854 -0.0462 -0.1637
vn 0.0348 0.7511 -0.6592
vn 0.1035 0.7414 -0.6630
vn 0.1713 0.7282 -0.6636
vn 0.2385 0.7115 -0.6610
vn 0.3053 0.6911 -0.6552
vn 0.3713 0.6670 -0.6460
vn 0.4375 0.6386 -0.6331
vn 0.5031 0.6058 -0.6163
vn 0.5681 0.5683 -0.5952
vn 0.6326 0.5251 -0.5693
vn 0.6954 0.4764 -0.5381
vn 0.7561 0.4212 -0.5009
vn 0.8136 0.3592 -0.4572
vn 0.8662 0.2903 -0.4067
vn 0.9122 0.2146 -0.3491
vn 0.9495 0.1325 -0.2844
vn 0.9760 0.0451 -0.2132
vt 0.705027 0.500000
vt 0.794973 0.500000
vt 0.869288 0.531327
vt 0.630712 0.531327
vt 0.173691 0.500819
vt 0.326309 0.500819
vt 0.369288 0.531327
vt 0.130712 0.531327
vt 0.489966 0.500628
vt 0.585371 0.500441
vt 0.621509 0.531327
vt 0.378491 0.531327
vt 0.130695 0.717971
vt 0.369305 0.717971
vt 0.326278 0.749166
vt 0.173722 0.749166
vt 0.630695 0.717971
vt 0.869305 0.717971
vt 0.794973 0.750000
vt 0.705027 0.750000
vt 0.500000 0.330027
vt 0.625000 0.330027
vt 0.625000 0.419973
vt 0.500000 0.419973
vt 0.377962 0.625309
vt 0.622038 0.625309
vt 0.622038 0.682469
vt 0.377962 0.682468
vt 0.127962 0.625309
vt 0.372038 0.625309
vt 0.372038 0.682469
vt 0.127962 0.682468
vt 0.378484 0.032029
vt 0.621516 0.032029
vt 0.622017 0.063016
vt 0.378219 0.062780
vt 0.127962 0.566322
vt 0.372038 0.566322
vt 0.128113 0.687222
vt 0.371887 0.687222
vt 0.627962 0.566322
vt 0.872038 0.566322
vt 0.872038 0.625309
vt 0.627962 0.625309
vt 0.872038 0.682469
vt 0.627962 0.682468
vt 0.377962 0.566322
vt 0.622038 0.566322
vt 0.369288 0.531327
vt 0.371887 0.561604
vt 0.128113 0.561604
vt 0.378222 0.188393
vt 0.622017 0.188159
vt 0.621509 0.218673
vt 0.378491 0.218673
vt 0.377962 0.067531
vt 0.622038 0.067531
vt 0.622038 0.124691
vt 0.377962 0.124691
vt 0.500000 0.830027
vt 0.625000 0.830027
vt 0.625000 0.919973
vt 0.500000 0.919973
vt 0.378219 0.687220
vt 0.622017 0.686984
vt 0.621516 0.717971
vt 0.378484 0.717971
vt 0.628169 0.686981
vt 0.871831 0.686981
vt 0.869305 0.717971
vt 0.869288 0.531327
vt 0.871830 0.561844
vt 0.628170 0.561844
vt 0.585285 0.749551
vt 0.489924 0.749360
vt 0.378491 0.218673
vt 0.621509 0.218673
vt 0.585370 0.249559
vt 0.489966 0.249372
vt 0.622038 0.183678
vt 0.377962 0.183678
vt 0.621509 0.531327
vt 0.622017 0.561841
vt 0.378222 0.561607
vt 0.171715 0.749240
vt 0.166399 0.749192
vt 0.167274 0.749124
vt 0.170218 0.749304
vt 0.165586 0.749257
vt 0.169273 0.749361
vt 0.165078 0.749315
vt 0.168905 0.749407
vt 0.164990 0.749365
vt 0.169132 0.749444
vt 0.165397 0.749406
vt 0.169953 0.749471
vt 0.166325 0.749436
vt 0.171361 0.749488
vt 0.167775 0.749456
vt 0.168559 0.750000
vt 0.163944 0.750000
vt 0.375000 0.956441
vt 0.440900 0.953670
vt 0.444979 0.958273
vt 0.375000 0.961056
vt 0.161485 0.749146
vt 0.161599 0.749079
vt 0.161277 0.749211
vt 0.161184 0.749271
vt 0.161358 0.749324
vt 0.161928 0.749368
vt 0.162944 0.749401
vt 0.164416 0.749423
vt 0.159363 0.750000
vt 0.448907 0.962902
vt 0.375000 0.965637
vt 0.157079 0.749100
vt 0.156699 0.749033
vt 0.157314 0.749166
vt 0.157568 0.749228
vt 0.157992 0.749283
vt 0.158723 0.749329
vt 0.159821 0.749365
vt 0.161300 0.749390
vt 0.154840 0.750000
vt 0.452858 0.967494
vt 0.375000 0.970160
vt 0.153227 0.749055
vt 0.152536 0.748986
vt 0.153760 0.749123
vt 0.154286 0.749186
vt 0.154934 0.749243
vt 0.155819 0.749291
vt 0.156995 0.749329
vt 0.158475 0.749355
vt 0.150424 0.750000
vt 0.456980 0.971997
vt 0.375000 0.974576
vt 0.149935 0.749010
vt 0.149053 0.748939
vt 0.150665 0.749080
vt 0.151394 0.749145
vt 0.152229 0.749203
vt 0.153254 0.749253
vt 0.154505 0.749292
vt 0.155988 0.749319
vt 0.146171 0.750000
vt 0.461399 0.976359
vt 0.375000 0.978829
vt 0.147180 0.748965
vt 0.146187 0.748891
vt 0.148047 0.749036
vt 0.148936 0.749103
vt 0.149927 0.749163
vt 0.151078 0.749214
vt 0.152406 0.749254
vt 0.153900 0.749282
vt 0.142202 0.750000
vt 0.466052 0.980486
vt 0.375000 0.982798
vt 0.144928 0.748919
vt 0.143880 0.748844
vt 0.145911 0.748992
vt 0.146941 0.749061
vt 0.148074 0.749122
vt 0.149347 0.749174
vt 0.150756 0.749214
vt 0.152272 0.749243
vt 0.138675 0.750000
vt 0.470772 0.984263
vt 0.375000 0.986325
vt 0.143163 0.748874
vt 0.142078 0.748797
vt 0.144268 0.748948
vt 0.145439 0.749017
vt 0.146709 0.749080
vt 0.148105 0.749132
vt 0.149608 0.749174
vt 0.151172 0.749205
vt 0.135866 0.750000
vt 0.475147 0.987556
vt 0.375000 0.989134
vt 0.504767 0.927496
vt 0.494451 0.931990
vt 0.488872 0.924978
vt 0.509692 0.935232
vt 0.499562 0.939165
vt 0.514732 0.943117
vt 0.504480 0.946480
vt 0.519845 0.951082
vt 0.509332 0.953878
vt 0.524987 0.959059
vt 0.514194 0.961295
vt 0.530114 0.966982
vt 0.519081 0.968669
vt 0.535184 0.974780
vt 0.523973 0.975938
vt 0.540150 0.982390
vt 0.528850 0.983037
vt 0.544972 1.000000
vt 0.533696 1.000000
vt 0.484513 0.936343
vt 0.478663 0.929835
vt 0.489684 0.943006
vt 0.494466 0.949788
vt 0.499070 0.956640
vt 0.503679 0.963508
vt 0.508348 0.970342
vt 0.513085 0.977089
vt 0.517887 0.983697
vt 0.522799 1.000000
vt 0.475268 0.940520
vt 0.469456 0.934503
vt 0.480324 0.946703
vt 0.484922 0.952993
vt 0.489311 0.959336
vt 0.493717 0.965684
vt 0.498220 0.971996
vt 0.502839 0.978238
vt 0.507584 0.984375
vt 0.512554 1.000000
vt 0.466917 0.944507
vt 0.461334 0.938940
vt 0.471724 0.950251
vt 0.476106 0.956087
vt 0.480321 0.961958
vt 0.484591 0.967812
vt 0.488997 0.973624
vt 0.493546 0.979375
vt 0.498250 0.985049
vt 0.503236 1.000000
vt 0.459609 0.948291
vt 0.454364 0.943110
vt 0.464107 0.953650
vt 0.468275 0.959077
vt 0.472365 0.964507
vt 0.476579 0.969894
vt 0.480966 0.975220
vt 0.485507 0.980486
vt 0.490179 0.985693
vt 0.495078 1.000000
vt 0.453453 0.951857
vt 0.448606 0.946977
vt 0.457653 0.956897
vt 0.461649 0.961969
vt 0.465679 0.967008
vt 0.469906 0.971970
vt 0.474345 0.976837
vt 0.478921 0.981608
vt 0.483546 0.986303
vt 0.488211 1.000000
vt 0.448535 0.955193
vt 0.444105 0.950507
vt 0.452521 0.959986
vt 0.456439 0.964772
vt 0.460479 0.969494
vt 0.464781 0.974104
vt 0.469311 0.978555
vt 0.473942 0.982803
vt 0.478470 0.986885
vt 0.482671 1.000000
vt 0.478374 1.000000
vt 0.489924 0.000639
vt 0.478950 0.000692
vt 0.486353 0.000604
vt 0.495905 0.000576
vt 0.469428 0.000732
vt 0.477116 0.000630
vt 0.461341 0.000757
vt 0.468793 0.000649
vt 0.454678 0.000769
vt 0.461619 0.000658
vt 0.449428 0.000766
vt 0.455730 0.000655
vt 0.445604 0.000749
vt 0.451228 0.000639
vt 0.443227 0.000718
vt 0.448189 0.000611
vt 0.375000 0.001051
vt 0.375000 0.000966
vt 0.125000 0.748949
vt 0.125000 0.749034
vt 0.493765 0.000516
vt 0.502688 0.000504
vt 0.484768 0.000530
vt 0.476259 0.000542
vt 0.468611 0.000548
vt 0.462113 0.000544
vt 0.456952 0.000530
vt 0.453256 0.000505
vt 0.375000 0.000882
vt 0.125000 0.749118
vt 0.501336 0.000426
vt 0.510208 0.000423
vt 0.492286 0.000433
vt 0.483526 0.000439
vt 0.475451 0.000441
vt 0.468415 0.000437
vt 0.462654 0.000425
vt 0.458341 0.000403
vt 0.375000 0.000803
vt 0.125000 0.749197
vt 0.509127 0.000334
vt 0.518354 0.000335
vt 0.499743 0.000336
vt 0.490616 0.000338
vt 0.482127 0.000339
vt 0.474618 0.000335
vt 0.468340 0.000325
vt 0.463494 0.000306
vt 0.375000 0.000731
vt 0.125000 0.749269
vt 0.517151 0.000238
vt 0.526999 0.000241
vt 0.507227 0.000238
vt 0.497616 0.000240
vt 0.488681 0.000241
vt 0.480733 0.000238
vt 0.474027 0.000231
vt 0.468761 0.000216
vt 0.375000 0.000666
vt 0.125000 0.749334
vt 0.525364 0.000139
vt 0.535992 0.000140
vt 0.514769 0.000141
vt 0.504581 0.000143
vt 0.495143 0.000145
vt 0.486762 0.000146
vt 0.479679 0.000143
vt 0.474091 0.000133
vt 0.375000 0.000610
vt 0.125000 0.749390
vt 0.533702 0.000037
vt 0.545185 0.000035
vt 0.522370 0.000042
vt 0.511546 0.000048
vt 0.501557 0.000053
vt 0.492705 0.000058
vt 0.485241 0.000060
vt 0.479358 0.000057
vt 0.375000 0.000564
vt 0.125000 0.749436
vt 0.533696 0.000000
vt 0.544972 0.000000
vt 0.522799 0.000000
vt 0.512554 0.000000
vt 0.503236 0.000000
vt 0.495078 0.000000
vt 0.488211 0.000000
vt 0.482671 0.000000
vt 0.478374 0.000000
vt 0.144624 0.749261
vt 0.495956 0.249434
vt 0.486687 0.249408
vt 0.478974 0.249319
vt 0.502760 0.249506
vt 0.494013 0.249494
vt 0.510303 0.249585
vt 0.501428 0.249580
vt 0.518484 0.249671
vt 0.509094 0.249670
vt 0.527168 0.249764
vt 0.517069 0.249763
vt 0.536208 0.249863
vt 0.525323 0.249861
vt 0.545450 0.249967
vt 0.533765 0.249962
vt 0.554765 0.250075
vt 0.542316 0.250066
vt 0.540220 0.267603
vt 0.528953 0.266910
vt 0.477829 0.249385
vt 0.469450 0.249280
vt 0.485443 0.249483
vt 0.492699 0.249576
vt 0.499874 0.249669
vt 0.507200 0.249763
vt 0.514726 0.249859
vt 0.522409 0.249957
vt 0.530206 0.250056
vt 0.518017 0.266206
vt 0.469788 0.249369
vt 0.461378 0.249254
vt 0.477316 0.249474
vt 0.484287 0.249573
vt 0.491006 0.249668
vt 0.497764 0.249763
vt 0.504647 0.249857
vt 0.511640 0.249952
vt 0.518730 0.250046
vt 0.507724 0.265515
vt 0.462773 0.249362
vt 0.454736 0.249243
vt 0.469899 0.249471
vt 0.476457 0.249573
vt 0.482733 0.249670
vt 0.488997 0.249764
vt 0.495334 0.249857
vt 0.501729 0.249947
vt 0.508171 0.250037
vt 0.498386 0.264846
vt 0.456925 0.249365
vt 0.449518 0.249245
vt 0.463447 0.249475
vt 0.469490 0.249577
vt 0.475317 0.249674
vt 0.481151 0.249767
vt 0.487041 0.249857
vt 0.492943 0.249943
vt 0.498814 0.250027
vt 0.490319 0.264202
vt 0.452332 0.249379
vt 0.445736 0.249261
vt 0.458145 0.249487
vt 0.463625 0.249588
vt 0.469008 0.249684
vt 0.474461 0.249775
vt 0.479993 0.249861
vt 0.485508 0.249942
vt 0.490883 0.250019
vt 0.483693 0.263587
vt 0.449057 0.249404
vt 0.443411 0.249292
vt 0.454156 0.249509
vt 0.459090 0.249608
vt 0.464043 0.249701
vt 0.469159 0.249789
vt 0.474404 0.249870
vt 0.479639 0.249944
vt 0.484591 0.250013
vt 0.478629 0.262993
vt 0.375000 0.249049
vt 0.375000 0.248963
vt 0.375000 0.249131
vt 0.375000 0.249209
vt 0.375000 0.249280
vt 0.375000 0.249344
vt 0.375000 0.249399
vt 0.375000 0.249444
vt 0.480218 0.250013
vt 0.475325 0.262310
vt 0.488874 0.324954
vt 0.494146 0.317859
vt 0.504776 0.322504
vt 0.478667 0.320035
vt 0.483932 0.313406
vt 0.469465 0.315314
vt 0.474505 0.309144
vt 0.461347 0.310829
vt 0.466066 0.305089
vt 0.454383 0.306621
vt 0.458768 0.301265
vt 0.448632 0.302724
vt 0.452729 0.297693
vt 0.444139 0.299173
vt 0.448055 0.294395
vt 0.440946 0.295997
vt 0.444857 0.291399
vt 0.375000 0.293224
vt 0.375000 0.288736
vt 0.499258 0.310677
vt 0.509711 0.314767
vt 0.489065 0.306740
vt 0.479484 0.302960
vt 0.470779 0.299349
vt 0.463192 0.295921
vt 0.456902 0.292685
vt 0.452054 0.289646
vt 0.448814 0.286818
vt 0.375000 0.284197
vt 0.504266 0.303396
vt 0.514760 0.306882
vt 0.494009 0.300009
vt 0.484288 0.296736
vt 0.475386 0.293590
vt 0.467587 0.290578
vt 0.461106 0.287695
vt 0.456125 0.284928
vt 0.452828 0.282268
vt 0.375000 0.279683
vt 0.509228 0.296049
vt 0.519882 0.298917
vt 0.498829 0.293226
vt 0.488965 0.290478
vt 0.479923 0.287816
vt 0.471992 0.285245
vt 0.465396 0.282743
vt 0.460338 0.280272
vt 0.457018 0.277797
vt 0.375000 0.275261
vt 0.514170 0.288677
vt 0.525034 0.290938
vt 0.503598 0.286415
vt 0.493594 0.284197
vt 0.484446 0.282037
vt 0.476451 0.279935
vt 0.469827 0.277848
vt 0.464776 0.275712
vt 0.461490 0.273462
vt 0.375000 0.271006
vt 0.519106 0.281329
vt 0.530169 0.283015
vt 0.508367 0.279611
vt 0.498232 0.277920
vt 0.489003 0.276269
vt 0.480984 0.274655
vt 0.474386 0.273023
vt 0.469389 0.271294
vt 0.466179 0.269356
vt 0.375000 0.267041
vt 0.524034 0.274054
vt 0.535246 0.275215
vt 0.513165 0.272858
vt 0.502927 0.271681
vt 0.493636 0.270532
vt 0.485603 0.269409
vt 0.479030 0.268275
vt 0.474072 0.267065
vt 0.470928 0.265594
vt 0.375000 0.263522
vt 0.375000 0.260722
vt 0.167226 0.500862
vt 0.166357 0.500797
vt 0.171632 0.500747
vt 0.161545 0.500907
vt 0.161352 0.500843
vt 0.156645 0.500953
vt 0.156854 0.500888
vt 0.152487 0.500999
vt 0.152941 0.500932
vt 0.149011 0.501046
vt 0.149635 0.500976
vt 0.146154 0.501094
vt 0.146915 0.501021
vt 0.143855 0.501141
vt 0.144743 0.501066
vt 0.142062 0.501187
vt 0.143095 0.501111
vt 0.125000 0.501037
vt 0.125000 0.500951
vt 0.165633 0.500736
vt 0.170087 0.500683
vt 0.161240 0.500782
vt 0.157141 0.500825
vt 0.153479 0.500866
vt 0.150348 0.500908
vt 0.147768 0.500950
vt 0.145722 0.500993
vt 0.144203 0.501037
vt 0.125000 0.500869
vt 0.165209 0.500680
vt 0.169099 0.500628
vt 0.161282 0.500725
vt 0.157527 0.500766
vt 0.154109 0.500805
vt 0.151156 0.500844
vt 0.148714 0.500884
vt 0.146787 0.500926
vt 0.145382 0.500968
vt 0.125000 0.500791
vt 0.165173 0.500631
vt 0.168695 0.500583
vt 0.161564 0.500673
vt 0.158078 0.500712
vt 0.154877 0.500749
vt 0.152091 0.500787
vt 0.149779 0.500825
vt 0.147963 0.500865
vt 0.146661 0.500907
vt 0.125000 0.500720
vt 0.165582 0.500591
vt 0.168891 0.500546
vt 0.162165 0.500630
vt 0.158865 0.500666
vt 0.155833 0.500701
vt 0.153185 0.500738
vt 0.150985 0.500775
vt 0.149268 0.500814
vt 0.148062 0.500855
vt 0.125000 0.500656
vt 0.166453 0.500561
vt 0.169688 0.500520
vt 0.163128 0.500596
vt 0.159938 0.500630
vt 0.157015 0.500663
vt 0.154459 0.500699
vt 0.152337 0.500736
vt 0.150693 0.500774
vt 0.149566 0.500813
vt 0.125000 0.500601
vt 0.167792 0.500540
vt 0.171081 0.500503
vt 0.164481 0.500572
vt 0.161334 0.500604
vt 0.158457 0.500637
vt 0.155934 0.500671
vt 0.153836 0.500708
vt 0.152214 0.500745
vt 0.151129 0.500783
vt 0.125000 0.500556
vt 0.163736 0.500000
vt 0.168224 0.500000
vt 0.159197 0.500000
vt 0.154683 0.500000
vt 0.150261 0.500000
vt 0.146006 0.500000
vt 0.142041 0.500000
vt 0.138522 0.500000
vt 0.135722 0.500000
vt 0.152292 0.500793
vt 0.478574 0.259302
vt 0.495904 0.749424
vt 0.486632 0.749398
vt 0.478950 0.749308
vt 0.502689 0.749496
vt 0.493930 0.749485
vt 0.510208 0.749577
vt 0.501314 0.749573
vt 0.518354 0.749665
vt 0.508945 0.749663
vt 0.527000 0.749759
vt 0.516887 0.749759
vt 0.535993 0.749860
vt 0.525100 0.749858
vt 0.545185 0.749965
vt 0.533499 0.749960
vt 0.554444 0.750075
vt 0.542002 0.750065
vt 0.540148 0.767610
vt 0.528872 0.766932
vt 0.477764 0.749375
vt 0.469428 0.749268
vt 0.485346 0.749474
vt 0.492568 0.749569
vt 0.499712 0.749663
vt 0.507005 0.749758
vt 0.514495 0.749856
vt 0.522140 0.749955
vt 0.529898 0.750055
vt 0.517927 0.766244
vt 0.469707 0.749359
vt 0.461341 0.749243
vt 0.477198 0.749466
vt 0.484136 0.749566
vt 0.490825 0.749662
vt 0.497552 0.749758
vt 0.504407 0.749854
vt 0.511369 0.749950
vt 0.518425 0.750046
vt 0.507620 0.765570
vt 0.462673 0.749352
vt 0.454679 0.749231
vt 0.469764 0.749463
vt 0.476290 0.749566
vt 0.482539 0.749664
vt 0.488778 0.749760
vt 0.495089 0.749853
vt 0.501462 0.749946
vt 0.507877 0.750036
vt 0.498274 0.764917
vt 0.456795 0.749355
vt 0.449428 0.749234
vt 0.463285 0.749467
vt 0.469300 0.749570
vt 0.475104 0.749669
vt 0.480916 0.749763
vt 0.486787 0.749854
vt 0.492673 0.749942
vt 0.498523 0.750027
vt 0.490189 0.764291
vt 0.452166 0.749370
vt 0.445604 0.749251
vt 0.457956 0.749479
vt 0.463414 0.749582
vt 0.468777 0.749679
vt 0.474216 0.749771
vt 0.479733 0.749858
vt 0.485239 0.749940
vt 0.490599 0.750019
vt 0.483549 0.763691
vt 0.448849 0.749395
vt 0.443227 0.749282
vt 0.453934 0.749501
vt 0.458851 0.749602
vt 0.463793 0.749697
vt 0.468899 0.749785
vt 0.474139 0.749867
vt 0.479364 0.749943
vt 0.484310 0.750013
vt 0.478469 0.763114
vt 0.446967 0.749433
vt 0.442322 0.749327
vt 0.451422 0.749535
vt 0.455845 0.749632
vt 0.460395 0.749723
vt 0.465197 0.749808
vt 0.470214 0.749885
vt 0.475285 0.749954
vt 0.479938 0.750012
vt 0.475149 0.762444
vt 0.488872 0.825022
vt 0.494136 0.817916
vt 0.504767 0.822504
vt 0.478663 0.820165
vt 0.483917 0.813516
vt 0.469456 0.815497
vt 0.474488 0.809302
vt 0.461334 0.811060
vt 0.466045 0.805289
vt 0.454364 0.806890
vt 0.458742 0.801500
vt 0.448606 0.803023
vt 0.452693 0.797956
vt 0.444105 0.799493
vt 0.448006 0.794678
vt 0.440900 0.796330
vt 0.444797 0.791694
vt 0.375000 0.793559
vt 0.375000 0.789034
vt 0.499239 0.810725
vt 0.509692 0.814768
vt 0.489045 0.806832
vt 0.479457 0.803093
vt 0.470749 0.799520
vt 0.463154 0.796123
vt 0.456852 0.792912
vt 0.451995 0.789894
vt 0.448739 0.787078
vt 0.375000 0.784462
vt 0.504239 0.803436
vt 0.514732 0.806883
vt 0.493979 0.800086
vt 0.484253 0.796848
vt 0.475346 0.793733
vt 0.467540 0.790750
vt 0.461046 0.787890
vt 0.456052 0.785142
vt 0.452737 0.782495
vt 0.375000 0.779917
vt 0.509191 0.796082
vt 0.519845 0.798918
vt 0.498788 0.793291
vt 0.488919 0.790571
vt 0.479872 0.787937
vt 0.471931 0.785391
vt 0.465324 0.782910
vt 0.460251 0.780457
vt 0.456911 0.777997
vt 0.375000 0.775470
vt 0.514122 0.788706
vt 0.524987 0.790941
vt 0.503548 0.786469
vt 0.493536 0.784275
vt 0.484383 0.782139
vt 0.476376 0.780059
vt 0.469740 0.777992
vt 0.464673 0.775873
vt 0.461365 0.773638
vt 0.375000 0.771192
vt 0.519049 0.781354
vt 0.530115 0.783018
vt 0.508305 0.779657
vt 0.498164 0.777986
vt 0.488926 0.776356
vt 0.480894 0.774761
vt 0.474283 0.773148
vt 0.469270 0.771437
vt 0.466039 0.769513
vt 0.375000 0.767210
vt 0.523966 0.774077
vt 0.535184 0.775220
vt 0.513089 0.772899
vt 0.502843 0.771740
vt 0.493542 0.770609
vt 0.485496 0.769504
vt 0.478908 0.768387
vt 0.473935 0.767195
vt 0.470770 0.765737
vt 0.375000 0.763677
vt 0.375000 0.760866
vt 0.332726 0.749123
vt 0.333561 0.749189
vt 0.328286 0.749240
vt 0.338401 0.749079
vt 0.338569 0.749143
vt 0.343301 0.749033
vt 0.343074 0.749099
vt 0.347464 0.748986
vt 0.346996 0.749054
vt 0.350947 0.748939
vt 0.350313 0.749010
vt 0.353812 0.748891
vt 0.353044 0.748965
vt 0.356120 0.748844
vt 0.355227 0.748919
vt 0.357922 0.748797
vt 0.356884 0.748874
vt 0.334251 0.749252
vt 0.329782 0.749304
vt 0.338657 0.749205
vt 0.342769 0.749162
vt 0.346445 0.749121
vt 0.349590 0.749079
vt 0.352185 0.749036
vt 0.354243 0.748993
vt 0.355774 0.748948
vt 0.334642 0.749309
vt 0.330727 0.749360
vt 0.338591 0.749264
vt 0.342365 0.749222
vt 0.345801 0.749183
vt 0.348772 0.749143
vt 0.351231 0.749103
vt 0.353173 0.749061
vt 0.354591 0.749018
vt 0.334648 0.749358
vt 0.331095 0.749407
vt 0.338286 0.749316
vt 0.341797 0.749277
vt 0.345020 0.749239
vt 0.347827 0.749202
vt 0.350159 0.749162
vt 0.351992 0.749122
vt 0.353308 0.749080
vt 0.334215 0.749399
vt 0.330868 0.749444
vt 0.337665 0.749360
vt 0.340995 0.749323
vt 0.344052 0.749288
vt 0.346725 0.749251
vt 0.348946 0.749213
vt 0.350682 0.749174
vt 0.351903 0.749132
vt 0.333324 0.749430
vt 0.330047 0.749471
vt 0.336686 0.749394
vt 0.339909 0.749360
vt 0.342861 0.749326
vt 0.345443 0.749291
vt 0.347587 0.749253
vt 0.349251 0.749214
vt 0.350395 0.749174
vt 0.331972 0.749452
vt 0.328639 0.749488
vt 0.335321 0.749419
vt 0.338504 0.749386
vt 0.341413 0.749353
vt 0.343963 0.749318
vt 0.346085 0.749281
vt 0.347727 0.749243
vt 0.348828 0.749205
vt 0.335966 0.750000
vt 0.331441 0.750000
vt 0.340538 0.750000
vt 0.345082 0.750000
vt 0.349530 0.750000
vt 0.353808 0.750000
vt 0.357790 0.750000
vt 0.361323 0.750000
vt 0.364134 0.750000
vt 0.478374 0.759434
vt 0.328368 0.500747
vt 0.333685 0.500795
vt 0.332774 0.500862
vt 0.329913 0.500683
vt 0.334534 0.500731
vt 0.330901 0.500628
vt 0.335076 0.500673
vt 0.331305 0.500583
vt 0.335194 0.500624
vt 0.331109 0.500546
vt 0.334811 0.500584
vt 0.330312 0.500520
vt 0.333903 0.500554
vt 0.328919 0.500503
vt 0.332465 0.500535
vt 0.331776 0.500000
vt 0.336356 0.500000
vt 0.375000 0.456776
vt 0.440946 0.454003
vt 0.445039 0.458567
vt 0.375000 0.461356
vt 0.338594 0.500841
vt 0.338455 0.500907
vt 0.338829 0.500777
vt 0.338948 0.500717
vt 0.338798 0.500665
vt 0.338248 0.500622
vt 0.337247 0.500589
vt 0.335785 0.500568
vt 0.340903 0.500000
vt 0.448983 0.463160
vt 0.375000 0.465903
vt 0.342993 0.500886
vt 0.343355 0.500952
vt 0.342777 0.500821
vt 0.342542 0.500760
vt 0.342137 0.500706
vt 0.341421 0.500660
vt 0.340336 0.500625
vt 0.338865 0.500601
vt 0.345395 0.500000
vt 0.452947 0.467720
vt 0.375000 0.470395
vt 0.346835 0.500931
vt 0.347513 0.500999
vt 0.346316 0.500864
vt 0.345805 0.500802
vt 0.345171 0.500745
vt 0.344296 0.500698
vt 0.343131 0.500660
vt 0.341656 0.500635
vt 0.349785 0.500000
vt 0.457086 0.472196
vt 0.375000 0.474785
vt 0.350116 0.500976
vt 0.350989 0.501046
vt 0.349396 0.500907
vt 0.348678 0.500843
vt 0.347853 0.500785
vt 0.346837 0.500736
vt 0.345594 0.500697
vt 0.344116 0.500670
vt 0.354016 0.500000
vt 0.461519 0.476535
vt 0.375000 0.479016
vt 0.352861 0.501021
vt 0.353846 0.501094
vt 0.352000 0.500950
vt 0.351119 0.500884
vt 0.350136 0.500825
vt 0.348991 0.500775
vt 0.347670 0.500735
vt 0.346179 0.500707
vt 0.357967 0.500000
vt 0.466191 0.480643
vt 0.375000 0.482967
vt 0.355102 0.501066
vt 0.356145 0.501140
vt 0.354124 0.500993
vt 0.353099 0.500926
vt 0.351972 0.500865
vt 0.350704 0.500814
vt 0.349299 0.500774
vt 0.347787 0.500745
vt 0.361480 0.500000
vt 0.470930 0.484406
vt 0.375000 0.486480
vt 0.356857 0.501111
vt 0.357938 0.501187
vt 0.355756 0.501037
vt 0.354589 0.500969
vt 0.353321 0.500907
vt 0.351929 0.500855
vt 0.350431 0.500814
vt 0.348870 0.500783
vt 0.364277 0.500000
vt 0.475323 0.487690
vt 0.375000 0.489277
vt 0.504777 0.427496
vt 0.494463 0.432045
vt 0.488874 0.425046
vt 0.509711 0.435233
vt 0.499582 0.439210
vt 0.514760 0.443118
vt 0.504509 0.446518
vt 0.519883 0.451084
vt 0.509369 0.453910
vt 0.525034 0.459062
vt 0.514241 0.461323
vt 0.530169 0.466985
vt 0.519137 0.468693
vt 0.535246 0.474785
vt 0.524040 0.475961
vt 0.540220 0.482397
vt 0.528928 0.483060
vt 0.554765 0.499925
vt 0.542439 0.499933
vt 0.484527 0.436448
vt 0.478667 0.429965
vt 0.489705 0.443093
vt 0.494497 0.449861
vt 0.499112 0.456702
vt 0.503729 0.463561
vt 0.508411 0.470387
vt 0.513159 0.477130
vt 0.517975 0.483735
vt 0.530363 0.499942
vt 0.475287 0.440672
vt 0.469465 0.434686
vt 0.480352 0.446830
vt 0.484958 0.453099
vt 0.489358 0.459426
vt 0.493774 0.465761
vt 0.498291 0.472062
vt 0.502922 0.478297
vt 0.507684 0.484430
vt 0.518859 0.499952
vt 0.466938 0.444701
vt 0.461347 0.439171
vt 0.471756 0.450414
vt 0.476147 0.456226
vt 0.480372 0.462075
vt 0.484654 0.467913
vt 0.489074 0.473710
vt 0.493641 0.479452
vt 0.498364 0.485120
vt 0.508253 0.499962
vt 0.459636 0.448519
vt 0.454383 0.443379
vt 0.464146 0.453845
vt 0.468323 0.459243
vt 0.472424 0.464649
vt 0.476652 0.470016
vt 0.481053 0.475326
vt 0.485612 0.480581
vt 0.490308 0.485782
vt 0.498850 0.499972
vt 0.453490 0.452114
vt 0.448631 0.447276
vt 0.457701 0.457118
vt 0.461708 0.462159
vt 0.465749 0.467172
vt 0.469993 0.472112
vt 0.474446 0.476962
vt 0.479040 0.481720
vt 0.483688 0.486408
vt 0.490898 0.499981
vt 0.448582 0.455472
vt 0.444140 0.450827
vt 0.452580 0.460229
vt 0.456512 0.464983
vt 0.460565 0.469677
vt 0.464880 0.474264
vt 0.469427 0.478697
vt 0.474078 0.482932
vt 0.478628 0.487006
vt 0.484594 0.499987
vt 0.480218 0.499987
vt 0.478975 0.500681
vt 0.486408 0.500594
vt 0.495956 0.500566
vt 0.469450 0.500720
vt 0.477176 0.500620
vt 0.461377 0.500746
vt 0.468866 0.500639
vt 0.454736 0.500757
vt 0.461712 0.500648
vt 0.449519 0.500755
vt 0.455854 0.500645
vt 0.445738 0.500739
vt 0.451388 0.500630
vt 0.443412 0.500708
vt 0.448391 0.500602
vt 0.442567 0.500664
vt 0.446976 0.500562
vt 0.493848 0.500507
vt 0.502760 0.500494
vt 0.484863 0.500522
vt 0.476370 0.500534
vt 0.468741 0.500539
vt 0.462267 0.500536
vt 0.457136 0.500523
vt 0.453475 0.500498
vt 0.451438 0.500461
vt 0.501451 0.500418
vt 0.510303 0.500415
vt 0.492417 0.500425
vt 0.483671 0.500432
vt 0.475614 0.500434
vt 0.468600 0.500431
vt 0.462863 0.500419
vt 0.458579 0.500397
vt 0.455930 0.500365
vt 0.509277 0.500327
vt 0.518485 0.500329
vt 0.499907 0.500329
vt 0.490795 0.500332
vt 0.482321 0.500333
vt 0.474829 0.500330
vt 0.468569 0.500320
vt 0.463744 0.500302
vt 0.460558 0.500273
vt 0.517337 0.500233
vt 0.527169 0.500236
vt 0.507424 0.500234
vt 0.497827 0.500235
vt 0.488899 0.500236
vt 0.480965 0.500234
vt 0.474271 0.500227
vt 0.469020 0.500213
vt 0.465420 0.500189
vt 0.525589 0.500136
vt 0.536208 0.500137
vt 0.515000 0.500137
vt 0.504822 0.500140
vt 0.495389 0.500142
vt 0.487016 0.500143
vt 0.479940 0.500140
vt 0.474357 0.500131
vt 0.470469 0.500113
vt 0.533970 0.500035
vt 0.545450 0.500033
vt 0.522643 0.500040
vt 0.511818 0.500046
vt 0.501827 0.500051
vt 0.492978 0.500056
vt 0.485514 0.500058
vt 0.479633 0.500056
vt 0.475556 0.500045
vt 0.478574 0.490699
vt 0.128076 0.682816
vt 0.127802 0.682828
vt 0.127689 0.682469
vt 0.128196 0.683174
vt 0.127915 0.683192
vt 0.128321 0.683541
vt 0.128032 0.683560
vt 0.128449 0.683913
vt 0.128152 0.683930
vt 0.128581 0.684287
vt 0.128275 0.684301
vt 0.128714 0.684659
vt 0.128401 0.684669
vt 0.128848 0.685028
vt 0.128529 0.685032
vt 0.128982 0.685388
vt 0.128658 0.685385
vt 0.128928 0.686267
vt 0.128647 0.686240
vt 0.127528 0.682837
vt 0.127418 0.682469
vt 0.127636 0.683206
vt 0.127745 0.683576
vt 0.127856 0.683946
vt 0.127971 0.684314
vt 0.128090 0.684679
vt 0.128213 0.685036
vt 0.128338 0.685383
vt 0.128372 0.686212
vt 0.127258 0.682843
vt 0.127151 0.682469
vt 0.127360 0.683216
vt 0.127462 0.683589
vt 0.127566 0.683959
vt 0.127673 0.684326
vt 0.127786 0.684687
vt 0.127904 0.685041
vt 0.128026 0.685383
vt 0.128107 0.686183
vt 0.126993 0.682846
vt 0.126892 0.682469
vt 0.127089 0.683223
vt 0.127185 0.683597
vt 0.127282 0.683968
vt 0.127384 0.684334
vt 0.127491 0.684694
vt 0.127604 0.685045
vt 0.127724 0.685385
vt 0.127856 0.686152
vt 0.126738 0.682848
vt 0.126642 0.682468
vt 0.126828 0.683227
vt 0.126917 0.683603
vt 0.127009 0.683975
vt 0.127105 0.684341
vt 0.127208 0.684699
vt 0.127318 0.685049
vt 0.127436 0.685387
vt 0.127625 0.686117
vt 0.126493 0.682850
vt 0.126403 0.682469
vt 0.126578 0.683230
vt 0.126662 0.683607
vt 0.126750 0.683979
vt 0.126842 0.684345
vt 0.126941 0.684703
vt 0.127048 0.685052
vt 0.127164 0.685389
vt 0.127417 0.686077
vt 0.126262 0.682851
vt 0.126177 0.682468
vt 0.126342 0.683231
vt 0.126423 0.683608
vt 0.126508 0.683981
vt 0.126597 0.684347
vt 0.126693 0.684705
vt 0.126798 0.685053
vt 0.126913 0.685390
vt 0.127237 0.686031
vt 0.126046 0.682851
vt 0.125967 0.682469
vt 0.126125 0.683231
vt 0.126204 0.683609
vt 0.126287 0.683982
vt 0.126374 0.684348
vt 0.126468 0.684706
vt 0.126571 0.685054
vt 0.126686 0.685391
vt 0.127088 0.685979
vt 0.127843 0.687240
vt 0.127962 0.687117
vt 0.128221 0.687120
vt 0.127593 0.687246
vt 0.127711 0.687112
vt 0.127364 0.687240
vt 0.127478 0.687100
vt 0.127160 0.687221
vt 0.127267 0.687079
vt 0.126983 0.687191
vt 0.127080 0.687048
vt 0.126833 0.687149
vt 0.126921 0.687006
vt 0.126713 0.687096
vt 0.126792 0.686955
vt 0.126623 0.687031
vt 0.126695 0.686893
vt 0.125000 0.687319
vt 0.125000 0.687200
vt 0.128074 0.686994
vt 0.128329 0.687011
vt 0.127825 0.686979
vt 0.127588 0.686961
vt 0.127370 0.686937
vt 0.127174 0.686905
vt 0.127006 0.686865
vt 0.126868 0.686815
vt 0.126764 0.686755
vt 0.125000 0.687083
vt 0.128182 0.686871
vt 0.128438 0.686896
vt 0.127930 0.686849
vt 0.127690 0.686825
vt 0.127466 0.686798
vt 0.127263 0.686765
vt 0.127087 0.686725
vt 0.126941 0.686677
vt 0.126828 0.686620
vt 0.125000 0.686967
vt 0.128284 0.686747
vt 0.128544 0.686776
vt 0.128030 0.686720
vt 0.127785 0.686693
vt 0.127555 0.686663
vt 0.127346 0.686628
vt 0.127162 0.686588
vt 0.127008 0.686541
vt 0.126887 0.686487
vt 0.125000 0.686852
vt 0.128383 0.686621
vt 0.128648 0.686652
vt 0.128123 0.686592
vt 0.127873 0.686562
vt 0.127638 0.686531
vt 0.127423 0.686496
vt 0.127232 0.686456
vt 0.127070 0.686409
vt 0.126942 0.686356
vt 0.125000 0.686740
vt 0.128477 0.686494
vt 0.128748 0.686525
vt 0.128211 0.686465
vt 0.127956 0.686434
vt 0.127715 0.686402
vt 0.127494 0.686366
vt 0.127297 0.686326
vt 0.127128 0.686281
vt 0.126993 0.686228
vt 0.125000 0.686631
vt 0.128565 0.686367
vt 0.128842 0.686397
vt 0.128294 0.686338
vt 0.128033 0.686308
vt 0.127787 0.686276
vt 0.127561 0.686240
vt 0.127358 0.686200
vt 0.127183 0.686155
vt 0.127041 0.686103
vt 0.125000 0.686526
vt 0.126975 0.685920
vt 0.378112 0.062882
vt 0.377866 0.062853
vt 0.377943 0.062752
vt 0.378003 0.062989
vt 0.377776 0.062960
vt 0.377892 0.063100
vt 0.377679 0.063071
vt 0.377779 0.063214
vt 0.377576 0.063186
vt 0.377664 0.063331
vt 0.377471 0.063303
vt 0.377548 0.063450
vt 0.377363 0.063421
vt 0.377432 0.063569
vt 0.377253 0.063539
vt 0.377316 0.063687
vt 0.377143 0.063656
vt 0.377121 0.064613
vt 0.376887 0.064614
vt 0.377626 0.062820
vt 0.377683 0.062718
vt 0.377553 0.062928
vt 0.377469 0.063040
vt 0.377377 0.063156
vt 0.377280 0.063273
vt 0.377180 0.063390
vt 0.377078 0.063507
vt 0.376973 0.063623
vt 0.376655 0.064615
vt 0.377399 0.062782
vt 0.377441 0.062676
vt 0.377339 0.062892
vt 0.377266 0.063006
vt 0.377184 0.063122
vt 0.377097 0.063239
vt 0.377005 0.063357
vt 0.376910 0.063474
vt 0.376810 0.063588
vt 0.376428 0.064615
vt 0.377188 0.062737
vt 0.377219 0.062629
vt 0.377138 0.062850
vt 0.377075 0.062966
vt 0.377003 0.063084
vt 0.376924 0.063202
vt 0.376841 0.063320
vt 0.376752 0.063436
vt 0.376659 0.063550
vt 0.376208 0.064614
vt 0.376997 0.062688
vt 0.377020 0.062576
vt 0.376955 0.062803
vt 0.376900 0.062921
vt 0.376837 0.063040
vt 0.376768 0.063159
vt 0.376692 0.063277
vt 0.376610 0.063394
vt 0.376522 0.063508
vt 0.375996 0.064613
vt 0.376829 0.062632
vt 0.376847 0.062517
vt 0.376793 0.062750
vt 0.376746 0.062870
vt 0.376692 0.062990
vt 0.376631 0.063110
vt 0.376562 0.063228
vt 0.376487 0.063345
vt 0.376405 0.063459
vt 0.375796 0.064611
vt 0.376685 0.062572
vt 0.376700 0.062454
vt 0.376655 0.062692
vt 0.376618 0.062813
vt 0.376572 0.062934
vt 0.376518 0.063054
vt 0.376457 0.063172
vt 0.376387 0.063289
vt 0.376310 0.063404
vt 0.375609 0.064610
vt 0.375000 0.062799
vt 0.375000 0.062681
vt 0.375000 0.062917
vt 0.375000 0.063033
vt 0.375000 0.063148
vt 0.375000 0.063260
vt 0.375000 0.063369
vt 0.375000 0.063474
vt 0.376243 0.063340
vt 0.375000 0.064609
vt 0.377688 0.067531
vt 0.377598 0.067170
vt 0.377870 0.067184
vt 0.377418 0.067531
vt 0.377331 0.067162
vt 0.377151 0.067531
vt 0.377070 0.067157
vt 0.376892 0.067531
vt 0.376817 0.067154
vt 0.376642 0.067531
vt 0.376574 0.067151
vt 0.376403 0.067531
vt 0.376343 0.067150
vt 0.376177 0.067531
vt 0.376125 0.067149
vt 0.375000 0.067531
vt 0.375000 0.067149
vt 0.125000 0.682469
vt 0.125000 0.682851
vt 0.377505 0.066806
vt 0.377773 0.066826
vt 0.377243 0.066793
vt 0.376988 0.066783
vt 0.376742 0.066777
vt 0.376505 0.066773
vt 0.376281 0.066770
vt 0.376071 0.066769
vt 0.375000 0.066769
vt 0.125000 0.683231
vt 0.377409 0.066439
vt 0.377670 0.066459
vt 0.377153 0.066423
vt 0.376904 0.066411
vt 0.376664 0.066403
vt 0.376434 0.066397
vt 0.376216 0.066394
vt 0.376012 0.066392
vt 0.375000 0.066391
vt 0.125000 0.683609
vt 0.377310 0.066069
vt 0.377565 0.066088
vt 0.377060 0.066053
vt 0.376817 0.066041
vt 0.376582 0.066032
vt 0.376358 0.066025
vt 0.376146 0.066021
vt 0.375948 0.066019
vt 0.375000 0.066019
vt 0.125000 0.683981
vt 0.377208 0.065699
vt 0.377456 0.065714
vt 0.376964 0.065686
vt 0.376726 0.065674
vt 0.376497 0.065665
vt 0.376277 0.065659
vt 0.376069 0.065655
vt 0.375876 0.065653
vt 0.375000 0.065652
vt 0.125000 0.684348
vt 0.377103 0.065332
vt 0.377345 0.065341
vt 0.376864 0.065321
vt 0.376631 0.065313
vt 0.376406 0.065306
vt 0.376190 0.065301
vt 0.375986 0.065297
vt 0.375796 0.065295
vt 0.375000 0.065294
vt 0.125000 0.684706
vt 0.376996 0.064969
vt 0.377233 0.064973
vt 0.376761 0.064964
vt 0.376532 0.064959
vt 0.376310 0.064955
vt 0.376097 0.064951
vt 0.375895 0.064949
vt 0.375707 0.064947
vt 0.375000 0.064946
vt 0.125000 0.685054
vt 0.125000 0.685391
vt 0.126815 0.685716
vt 0.126615 0.685715
vt 0.622311 0.682469
vt 0.622176 0.682824
vt 0.621898 0.682814
vt 0.622582 0.682469
vt 0.622454 0.682830
vt 0.622848 0.682469
vt 0.622729 0.682835
vt 0.623108 0.682469
vt 0.622996 0.682837
vt 0.623358 0.682469
vt 0.623254 0.682839
vt 0.623597 0.682469
vt 0.623500 0.682840
vt 0.623823 0.682469
vt 0.623731 0.682841
vt 0.624033 0.682469
vt 0.623944 0.682841
vt 0.625967 0.682469
vt 0.626031 0.682841
vt 0.622038 0.683182
vt 0.621753 0.683168
vt 0.622325 0.683192
vt 0.622607 0.683200
vt 0.622883 0.683205
vt 0.623149 0.683209
vt 0.623401 0.683211
vt 0.623637 0.683212
vt 0.623853 0.683212
vt 0.626094 0.683212
vt 0.621898 0.683541
vt 0.621602 0.683527
vt 0.622193 0.683553
vt 0.622483 0.683563
vt 0.622767 0.683570
vt 0.623040 0.683575
vt 0.623299 0.683578
vt 0.623540 0.683580
vt 0.623759 0.683580
vt 0.626158 0.683580
vt 0.621754 0.683900
vt 0.621449 0.683888
vt 0.622057 0.683912
vt 0.622356 0.683922
vt 0.622647 0.683931
vt 0.622927 0.683936
vt 0.623191 0.683940
vt 0.623437 0.683942
vt 0.623661 0.683943
vt 0.626225 0.683943
vt 0.621607 0.684257
vt 0.621293 0.684247
vt 0.621919 0.684268
vt 0.622225 0.684278
vt 0.622522 0.684286
vt 0.622808 0.684292
vt 0.623077 0.684296
vt 0.623328 0.684298
vt 0.623555 0.684299
vt 0.626297 0.684299
vt 0.621458 0.684610
vt 0.621137 0.684603
vt 0.621776 0.684618
vt 0.622088 0.684626
vt 0.622391 0.684633
vt 0.622681 0.684639
vt 0.622954 0.684643
vt 0.623208 0.684645
vt 0.623439 0.684647
vt 0.626375 0.684646
vt 0.621307 0.684955
vt 0.620982 0.684952
vt 0.621629 0.684961
vt 0.621945 0.684966
vt 0.622251 0.684971
vt 0.622544 0.684976
vt 0.622820 0.684979
vt 0.623076 0.684982
vt 0.623308 0.684984
vt 0.626463 0.684984
vt 0.621155 0.685291
vt 0.620828 0.685291
vt 0.621478 0.685292
vt 0.621795 0.685295
vt 0.622102 0.685297
vt 0.622395 0.685301
vt 0.622671 0.685304
vt 0.622928 0.685308
vt 0.623161 0.685310
vt 0.626563 0.685309
vt 0.628045 0.682814
vt 0.627772 0.682824
vt 0.627689 0.682469
vt 0.628133 0.683168
vt 0.627857 0.683181
vt 0.628226 0.683526
vt 0.627944 0.683541
vt 0.628322 0.683887
vt 0.628034 0.683901
vt 0.628421 0.684247
vt 0.628127 0.684258
vt 0.628522 0.684602
vt 0.628223 0.684611
vt 0.628624 0.684951
vt 0.628323 0.684956
vt 0.628727 0.685289
vt 0.628424 0.685289
vt 0.628585 0.686319
vt 0.628236 0.686350
vt 0.627501 0.682831
vt 0.627418 0.682469
vt 0.627582 0.683192
vt 0.627663 0.683554
vt 0.627747 0.683913
vt 0.627835 0.684269
vt 0.627928 0.684619
vt 0.628024 0.684960
vt 0.628125 0.685289
vt 0.627887 0.686381
vt 0.627232 0.682835
vt 0.627151 0.682469
vt 0.627310 0.683200
vt 0.627387 0.683563
vt 0.627465 0.683923
vt 0.627549 0.684278
vt 0.627637 0.684627
vt 0.627732 0.684965
vt 0.627831 0.685291
vt 0.627539 0.686414
vt 0.626970 0.682838
vt 0.626892 0.682469
vt 0.627043 0.683205
vt 0.627116 0.683570
vt 0.627191 0.683931
vt 0.627270 0.684286
vt 0.627356 0.684633
vt 0.627448 0.684970
vt 0.627548 0.685295
vt 0.627194 0.686450
vt 0.626717 0.682839
vt 0.626642 0.682468
vt 0.626786 0.683209
vt 0.626855 0.683575
vt 0.626926 0.683936
vt 0.627002 0.684292
vt 0.627085 0.684638
vt 0.627176 0.684975
vt 0.627276 0.685299
vt 0.626852 0.686489
vt 0.626474 0.682840
vt 0.626403 0.682469
vt 0.626540 0.683211
vt 0.626606 0.683578
vt 0.626675 0.683940
vt 0.626749 0.684295
vt 0.626830 0.684642
vt 0.626919 0.684979
vt 0.627019 0.685304
vt 0.626513 0.686532
vt 0.626245 0.682841
vt 0.626177 0.682469
vt 0.626308 0.683212
vt 0.626372 0.683580
vt 0.626440 0.683942
vt 0.626512 0.684298
vt 0.626592 0.684645
vt 0.626680 0.684982
vt 0.626780 0.685307
vt 0.626177 0.686580
vt 0.625843 0.686635
vt 0.627884 0.687033
vt 0.627935 0.686950
vt 0.628241 0.686903
vt 0.627583 0.687089
vt 0.627623 0.687000
vt 0.627270 0.687146
vt 0.627302 0.687052
vt 0.626946 0.687204
vt 0.626974 0.687106
vt 0.626613 0.687263
vt 0.626640 0.687162
vt 0.626275 0.687323
vt 0.626301 0.687219
vt 0.625934 0.687383
vt 0.625961 0.687276
vt 0.625594 0.687442
vt 0.625622 0.687334
vt 0.624818 0.687495
vt 0.624763 0.687379
vt 0.627987 0.686866
vt 0.628308 0.686822
vt 0.627663 0.686911
vt 0.627335 0.686959
vt 0.627003 0.687009
vt 0.626667 0.687061
vt 0.626327 0.687114
vt 0.625988 0.687170
vt 0.625651 0.687227
vt 0.624704 0.687264
vt 0.628038 0.686779
vt 0.628371 0.686739
vt 0.627705 0.686821
vt 0.627371 0.686865
vt 0.627034 0.686911
vt 0.626695 0.686960
vt 0.626355 0.687011
vt 0.626015 0.687065
vt 0.625678 0.687121
vt 0.624640 0.687148
vt 0.628088 0.686692
vt 0.628428 0.686655
vt 0.627748 0.686731
vt 0.627407 0.686772
vt 0.627066 0.686815
vt 0.626725 0.686860
vt 0.626383 0.686909
vt 0.626043 0.686962
vt 0.625706 0.687017
vt 0.624569 0.687034
vt 0.628133 0.686605
vt 0.628479 0.686570
vt 0.627788 0.686641
vt 0.627444 0.686679
vt 0.627100 0.686719
vt 0.626756 0.686763
vt 0.626414 0.686810
vt 0.626074 0.686861
vt 0.625736 0.686916
vt 0.624492 0.686921
vt 0.628173 0.686519
vt 0.628523 0.686486
vt 0.627825 0.686552
vt 0.627478 0.686588
vt 0.627133 0.686626
vt 0.626789 0.686668
vt 0.626446 0.686713
vt 0.626106 0.686763
vt 0.625769 0.686818
vt 0.624406 0.686810
vt 0.628208 0.686433
vt 0.628558 0.686402
vt 0.627859 0.686466
vt 0.627511 0.686500
vt 0.627165 0.686536
vt 0.626821 0.686576
vt 0.626480 0.686620
vt 0.626140 0.686669
vt 0.625804 0.686724
vt 0.624311 0.686700
vt 0.624205 0.686594
vt 0.621879 0.686904
vt 0.622202 0.686952
vt 0.622303 0.687037
vt 0.621738 0.686819
vt 0.622086 0.686864
vt 0.621596 0.686729
vt 0.621962 0.686770
vt 0.621452 0.686635
vt 0.621834 0.686674
vt 0.621310 0.686538
vt 0.621704 0.686575
vt 0.621169 0.686439
vt 0.621574 0.686474
vt 0.621032 0.686337
vt 0.621444 0.686372
vt 0.620900 0.686236
vt 0.621318 0.686270
vt 0.622534 0.687004
vt 0.622614 0.687094
vt 0.622438 0.686910
vt 0.622332 0.686814
vt 0.622218 0.686714
vt 0.622100 0.686613
vt 0.621979 0.686510
vt 0.621857 0.686407
vt 0.621735 0.686305
vt 0.622879 0.687059
vt 0.622945 0.687155
vt 0.622797 0.686961
vt 0.622705 0.686860
vt 0.622603 0.686757
vt 0.622496 0.686653
vt 0.622384 0.686549
vt 0.622268 0.686445
vt 0.622151 0.686342
vt 0.623236 0.687118
vt 0.623295 0.687219
vt 0.623165 0.687014
vt 0.623083 0.686910
vt 0.622992 0.686804
vt 0.622893 0.686697
vt 0.622789 0.686591
vt 0.622679 0.686486
vt 0.622565 0.686382
vt 0.623606 0.687180
vt 0.623660 0.687286
vt 0.623541 0.687072
vt 0.623466 0.686963
vt 0.623383 0.686854
vt 0.623292 0.686745
vt 0.623194 0.686637
vt 0.623089 0.686531
vt 0.622978 0.686426
vt 0.623985 0.687244
vt 0.624038 0.687354
vt 0.623924 0.687133
vt 0.623855 0.687021
vt 0.623777 0.686909
vt 0.623692 0.686799
vt 0.623599 0.686689
vt 0.623498 0.686581
vt 0.623389 0.686476
vt 0.624371 0.687311
vt 0.624425 0.687424
vt 0.624312 0.687197
vt 0.624246 0.687083
vt 0.624173 0.686969
vt 0.624092 0.686857
vt 0.624003 0.686746
vt 0.623905 0.686637
vt 0.623798 0.686531
vt 0.872311 0.682469
vt 0.872229 0.682824
vt 0.871955 0.682814
vt 0.872582 0.682469
vt 0.872503 0.682830
vt 0.872849 0.682469
vt 0.872773 0.682835
vt 0.873108 0.682469
vt 0.873037 0.682837
vt 0.873358 0.682469
vt 0.873291 0.682839
vt 0.873597 0.682469
vt 0.873533 0.682840
vt 0.873823 0.682469
vt 0.873760 0.682841
vt 0.875000 0.682469
vt 0.875000 0.682841
vt 0.625000 0.067531
vt 0.624033 0.067531
vt 0.623943 0.067159
vt 0.625000 0.067159
vt 0.872144 0.683182
vt 0.871867 0.683168
vt 0.872422 0.683192
vt 0.872696 0.683199
vt 0.872964 0.683205
vt 0.873222 0.683209
vt 0.873467 0.683211
vt 0.873696 0.683212
vt 0.875000 0.683212
vt 0.623853 0.066788
vt 0.625000 0.066788
vt 0.872056 0.683541
vt 0.871774 0.683526
vt 0.872339 0.683553
vt 0.872618 0.683562
vt 0.872890 0.683570
vt 0.873151 0.683575
vt 0.873399 0.683578
vt 0.873631 0.683579
vt 0.875000 0.683580
vt 0.623760 0.066420
vt 0.625000 0.066420
vt 0.871966 0.683900
vt 0.871678 0.683887
vt 0.872253 0.683912
vt 0.872536 0.683922
vt 0.872812 0.683930
vt 0.873077 0.683936
vt 0.873328 0.683940
vt 0.873562 0.683942
vt 0.875000 0.683943
vt 0.623661 0.066057
vt 0.625000 0.066057
vt 0.871872 0.684256
vt 0.871579 0.684247
vt 0.872164 0.684267
vt 0.872451 0.684277
vt 0.872731 0.684285
vt 0.872999 0.684291
vt 0.873253 0.684295
vt 0.873489 0.684298
vt 0.875000 0.684299
vt 0.623555 0.065701
vt 0.625000 0.065701
vt 0.871775 0.684609
vt 0.871478 0.684603
vt 0.872071 0.684618
vt 0.872362 0.684626
vt 0.872644 0.684633
vt 0.872915 0.684638
vt 0.873171 0.684642
vt 0.873409 0.684645
vt 0.875000 0.684646
vt 0.623439 0.065353
vt 0.625000 0.065354
vt 0.871676 0.684954
vt 0.871376 0.684951
vt 0.871975 0.684960
vt 0.872267 0.684965
vt 0.872552 0.684971
vt 0.872824 0.684975
vt 0.873081 0.684979
vt 0.873320 0.684982
vt 0.875000 0.684984
vt 0.623308 0.065016
vt 0.625000 0.065016
vt 0.871575 0.685290
vt 0.871273 0.685290
vt 0.871874 0.685291
vt 0.872167 0.685294
vt 0.872452 0.685297
vt 0.872724 0.685300
vt 0.872981 0.685304
vt 0.873219 0.685307
vt 0.873437 0.685309
vt 0.623161 0.064690
vt 0.623367 0.064691
vt 0.621898 0.067186
vt 0.622175 0.067176
vt 0.622311 0.067531
vt 0.621753 0.066832
vt 0.622037 0.066819
vt 0.621602 0.066473
vt 0.621897 0.066459
vt 0.621449 0.066112
vt 0.621754 0.066099
vt 0.621293 0.065752
vt 0.621607 0.065741
vt 0.621137 0.065397
vt 0.621458 0.065388
vt 0.620982 0.065048
vt 0.621308 0.065043
vt 0.620828 0.064709
vt 0.621156 0.064710
vt 0.620900 0.063764
vt 0.621317 0.063731
vt 0.622451 0.067169
vt 0.622582 0.067531
vt 0.622321 0.066807
vt 0.622190 0.066446
vt 0.622056 0.066086
vt 0.621919 0.065730
vt 0.621776 0.065380
vt 0.621630 0.065039
vt 0.621480 0.064710
vt 0.621734 0.063696
vt 0.622723 0.067165
vt 0.622848 0.067531
vt 0.622601 0.066800
vt 0.622479 0.066436
vt 0.622354 0.066076
vt 0.622224 0.065721
vt 0.622088 0.065373
vt 0.621946 0.065034
vt 0.621797 0.064708
vt 0.622150 0.063659
vt 0.622989 0.067162
vt 0.623108 0.067531
vt 0.622875 0.066794
vt 0.622761 0.066429
vt 0.622644 0.066069
vt 0.622521 0.065714
vt 0.622390 0.065366
vt 0.622251 0.065029
vt 0.622103 0.064704
vt 0.622565 0.063619
vt 0.623247 0.067161
vt 0.623358 0.067531
vt 0.623141 0.066791
vt 0.623034 0.066425
vt 0.622924 0.066063
vt 0.622806 0.065708
vt 0.622680 0.065361
vt 0.622544 0.065024
vt 0.622395 0.064700
vt 0.622978 0.063574
vt 0.623493 0.067159
vt 0.623597 0.067531
vt 0.623394 0.066789
vt 0.623294 0.066422
vt 0.623189 0.066060
vt 0.623076 0.065704
vt 0.622954 0.065357
vt 0.622820 0.065020
vt 0.622671 0.064696
vt 0.623389 0.063524
vt 0.623726 0.067159
vt 0.623823 0.067531
vt 0.623633 0.066788
vt 0.623537 0.066420
vt 0.623436 0.066058
vt 0.623327 0.065702
vt 0.623208 0.065355
vt 0.623076 0.065018
vt 0.622927 0.064692
vt 0.623798 0.063469
vt 0.624205 0.063406
vt 0.622303 0.062963
vt 0.622196 0.063050
vt 0.621879 0.063096
vt 0.622614 0.062906
vt 0.622524 0.062999
vt 0.622945 0.062845
vt 0.622868 0.062943
vt 0.623295 0.062781
vt 0.623226 0.062884
vt 0.623660 0.062714
vt 0.623596 0.062822
vt 0.624038 0.062646
vt 0.623977 0.062757
vt 0.624425 0.062576
vt 0.624366 0.062690
vt 0.624818 0.062505
vt 0.624759 0.062621
vt 0.625000 0.062480
vt 0.625000 0.062584
vt 0.622081 0.063139
vt 0.621738 0.063181
vt 0.622429 0.063093
vt 0.622786 0.063043
vt 0.623153 0.062988
vt 0.623530 0.062930
vt 0.623915 0.062869
vt 0.624305 0.062805
vt 0.624698 0.062737
vt 0.625000 0.062687
vt 0.621959 0.063232
vt 0.621596 0.063271
vt 0.622325 0.063190
vt 0.622697 0.063144
vt 0.623074 0.063093
vt 0.623458 0.063039
vt 0.623847 0.062980
vt 0.624240 0.062918
vt 0.624635 0.062852
vt 0.625000 0.062789
vt 0.621833 0.063329
vt 0.621452 0.063365
vt 0.622215 0.063289
vt 0.622599 0.063246
vt 0.622986 0.063199
vt 0.623378 0.063147
vt 0.623773 0.063091
vt 0.624169 0.063031
vt 0.624567 0.062967
vt 0.625000 0.062889
vt 0.621704 0.063427
vt 0.621310 0.063462
vt 0.622098 0.063390
vt 0.622494 0.063349
vt 0.622891 0.063304
vt 0.623290 0.063256
vt 0.623690 0.063202
vt 0.624090 0.063143
vt 0.624491 0.063079
vt 0.625000 0.062986
vt 0.621574 0.063528
vt 0.621169 0.063562
vt 0.621979 0.063492
vt 0.622383 0.063453
vt 0.622788 0.063410
vt 0.623193 0.063363
vt 0.623598 0.063311
vt 0.624002 0.063254
vt 0.624406 0.063191
vt 0.625000 0.063079
vt 0.621445 0.063629
vt 0.621032 0.063663
vt 0.621857 0.063594
vt 0.622268 0.063556
vt 0.622679 0.063515
vt 0.623089 0.063470
vt 0.623497 0.063419
vt 0.623905 0.063363
vt 0.624311 0.063300
vt 0.625000 0.063168
vt 0.625000 0.063252
vt 0.871759 0.686903
vt 0.872066 0.686951
vt 0.872116 0.687034
vt 0.871692 0.686822
vt 0.872013 0.686866
vt 0.871629 0.686739
vt 0.871960 0.686780
vt 0.871572 0.686655
vt 0.871910 0.686693
vt 0.871521 0.686570
vt 0.871864 0.686606
vt 0.871478 0.686486
vt 0.871824 0.686519
vt 0.871442 0.686402
vt 0.871791 0.686433
vt 0.871414 0.686319
vt 0.871764 0.686350
vt 0.872379 0.687001
vt 0.872417 0.687089
vt 0.872337 0.686912
vt 0.872293 0.686822
vt 0.872250 0.686732
vt 0.872209 0.686642
vt 0.872172 0.686553
vt 0.872140 0.686466
vt 0.872113 0.686382
vt 0.872700 0.687053
vt 0.872730 0.687146
vt 0.872666 0.686960
vt 0.872629 0.686866
vt 0.872591 0.686772
vt 0.872554 0.686679
vt 0.872520 0.686588
vt 0.872488 0.686500
vt 0.872461 0.686415
vt 0.873028 0.687107
vt 0.873054 0.687204
vt 0.872999 0.687009
vt 0.872967 0.686912
vt 0.872933 0.686815
vt 0.872899 0.686720
vt 0.872866 0.686627
vt 0.872835 0.686536
vt 0.872806 0.686450
vt 0.873362 0.687162
vt 0.873387 0.687264
vt 0.873336 0.687061
vt 0.873307 0.686960
vt 0.873276 0.686861
vt 0.873244 0.686763
vt 0.873211 0.686668
vt 0.873179 0.686576
vt 0.873148 0.686489
vt 0.873700 0.687219
vt 0.873725 0.687323
vt 0.873675 0.687115
vt 0.873647 0.687011
vt 0.873618 0.686910
vt 0.873586 0.686810
vt 0.873554 0.686713
vt 0.873520 0.686621
vt 0.873487 0.686532
vt 0.874040 0.687276
vt 0.874066 0.687383
vt 0.874015 0.687170
vt 0.873987 0.687065
vt 0.873958 0.686962
vt 0.873927 0.686861
vt 0.873894 0.686763
vt 0.873859 0.686669
vt 0.873823 0.686580
vt 0.875000 0.687416
vt 0.875000 0.687520
vt 0.875000 0.687313
vt 0.875000 0.687211
vt 0.875000 0.687111
vt 0.875000 0.687014
vt 0.875000 0.686921
vt 0.875000 0.686832
vt 0.875000 0.686748
vt 0.624491 0.063439
vt 0.624087 0.063509
vt 0.377870 0.682816
vt 0.377601 0.682828
vt 0.377689 0.682469
vt 0.377773 0.683174
vt 0.377510 0.683192
vt 0.377670 0.683541
vt 0.377413 0.683559
vt 0.377564 0.683912
vt 0.377313 0.683930
vt 0.377456 0.684286
vt 0.377210 0.684301
vt 0.377345 0.684659
vt 0.377104 0.684669
vt 0.377233 0.685027
vt 0.376997 0.685031
vt 0.377121 0.685387
vt 0.376888 0.685384
vt 0.377316 0.686312
vt 0.377142 0.686343
vt 0.377336 0.682837
vt 0.377418 0.682469
vt 0.377250 0.683206
vt 0.377159 0.683576
vt 0.377065 0.683946
vt 0.376967 0.684314
vt 0.376866 0.684678
vt 0.376762 0.685035
vt 0.376656 0.685382
vt 0.376972 0.686376
vt 0.377077 0.682843
vt 0.377151 0.682468
vt 0.376996 0.683216
vt 0.376911 0.683588
vt 0.376822 0.683958
vt 0.376729 0.684325
vt 0.376633 0.684687
vt 0.376533 0.685040
vt 0.376429 0.685383
vt 0.376810 0.686410
vt 0.376825 0.682846
vt 0.376892 0.682469
vt 0.376750 0.683223
vt 0.376671 0.683597
vt 0.376587 0.683968
vt 0.376499 0.684334
vt 0.376407 0.684694
vt 0.376310 0.685044
vt 0.376208 0.685384
vt 0.376658 0.686449
vt 0.376582 0.682848
vt 0.376642 0.682468
vt 0.376514 0.683227
vt 0.376440 0.683603
vt 0.376362 0.683975
vt 0.376279 0.684340
vt 0.376191 0.684699
vt 0.376097 0.685048
vt 0.375997 0.685386
vt 0.376522 0.686492
vt 0.376349 0.682850
vt 0.376403 0.682469
vt 0.376288 0.683230
vt 0.376221 0.683606
vt 0.376149 0.683979
vt 0.376071 0.684345
vt 0.375987 0.684703
vt 0.375896 0.685051
vt 0.375796 0.685388
vt 0.376405 0.686541
vt 0.376130 0.682850
vt 0.376177 0.682469
vt 0.376075 0.683231
vt 0.376015 0.683608
vt 0.375949 0.683981
vt 0.375877 0.684347
vt 0.375796 0.684705
vt 0.375708 0.685053
vt 0.375609 0.685390
vt 0.376310 0.686596
vt 0.375924 0.682851
vt 0.375967 0.682469
vt 0.375877 0.683231
vt 0.375825 0.683609
vt 0.375766 0.683981
vt 0.375699 0.684348
vt 0.375622 0.684706
vt 0.375535 0.685054
vt 0.375437 0.685391
vt 0.376243 0.686660
vt 0.377943 0.687248
vt 0.377859 0.687144
vt 0.378112 0.687118
vt 0.377683 0.687282
vt 0.377613 0.687176
vt 0.377441 0.687324
vt 0.377382 0.687214
vt 0.377219 0.687371
vt 0.377169 0.687258
vt 0.377020 0.687424
vt 0.376978 0.687308
vt 0.376847 0.687483
vt 0.376812 0.687364
vt 0.376700 0.687546
vt 0.376673 0.687425
vt 0.376582 0.687613
vt 0.376565 0.687492
vt 0.373377 0.687031
vt 0.373301 0.686891
vt 0.377769 0.687037
vt 0.378003 0.687011
vt 0.377539 0.687067
vt 0.377321 0.687103
vt 0.377117 0.687144
vt 0.376934 0.687192
vt 0.376775 0.687246
vt 0.376644 0.687305
vt 0.376544 0.687371
vt 0.373232 0.686753
vt 0.377674 0.686926
vt 0.377892 0.686900
vt 0.377459 0.686955
vt 0.377252 0.686990
vt 0.377059 0.687029
vt 0.376884 0.687075
vt 0.376733 0.687127
vt 0.376609 0.687185
vt 0.376517 0.687250
vt 0.373169 0.686618
vt 0.377574 0.686812
vt 0.377779 0.686786
vt 0.377371 0.686841
vt 0.377176 0.686875
vt 0.376994 0.686913
vt 0.376828 0.686958
vt 0.376684 0.687008
vt 0.376567 0.687065
vt 0.376480 0.687129
vt 0.373111 0.686485
vt 0.377470 0.686696
vt 0.377664 0.686669
vt 0.377278 0.686725
vt 0.377094 0.686758
vt 0.376920 0.686796
vt 0.376763 0.686840
vt 0.376627 0.686889
vt 0.376516 0.686946
vt 0.376435 0.687010
vt 0.373058 0.686355
vt 0.377363 0.686578
vt 0.377548 0.686550
vt 0.377180 0.686608
vt 0.377004 0.686641
vt 0.376840 0.686679
vt 0.376691 0.686722
vt 0.376561 0.686771
vt 0.376456 0.686827
vt 0.376380 0.686891
vt 0.373007 0.686228
vt 0.377254 0.686460
vt 0.377432 0.686431
vt 0.377078 0.686491
vt 0.376909 0.686525
vt 0.376752 0.686563
vt 0.376610 0.686606
vt 0.376487 0.686655
vt 0.376387 0.686711
vt 0.376316 0.686774
vt 0.372959 0.686103
vt 0.372912 0.685979
vt 0.371779 0.687120
vt 0.372031 0.687115
vt 0.372157 0.687240
vt 0.371671 0.687011
vt 0.371918 0.686993
vt 0.371562 0.686896
vt 0.371813 0.686871
vt 0.371456 0.686776
vt 0.371712 0.686748
vt 0.371352 0.686652
vt 0.371615 0.686623
vt 0.371252 0.686525
vt 0.371522 0.686496
vt 0.371158 0.686397
vt 0.371434 0.686369
vt 0.371072 0.686267
vt 0.371353 0.686241
vt 0.371018 0.685388
vt 0.371341 0.685387
vt 0.372275 0.687106
vt 0.372407 0.687246
vt 0.372161 0.686974
vt 0.372058 0.686846
vt 0.371964 0.686720
vt 0.371873 0.686593
vt 0.371787 0.686466
vt 0.371705 0.686340
vt 0.371628 0.686214
vt 0.371660 0.685386
vt 0.372504 0.687092
vt 0.372636 0.687240
vt 0.372392 0.686953
vt 0.372295 0.686820
vt 0.372206 0.686691
vt 0.372122 0.686563
vt 0.372043 0.686435
vt 0.371966 0.686309
vt 0.371894 0.686185
vt 0.371973 0.685386
vt 0.372713 0.687070
vt 0.372840 0.687221
vt 0.372608 0.686928
vt 0.372517 0.686791
vt 0.372435 0.686659
vt 0.372357 0.686530
vt 0.372283 0.686402
vt 0.372212 0.686276
vt 0.372144 0.686153
vt 0.372275 0.685386
vt 0.372900 0.687039
vt 0.373017 0.687191
vt 0.372804 0.686896
vt 0.372720 0.686758
vt 0.372644 0.686625
vt 0.372573 0.686494
vt 0.372505 0.686366
vt 0.372439 0.686240
vt 0.372375 0.686117
vt 0.372564 0.685387
vt 0.373062 0.686999
vt 0.373167 0.687149
vt 0.372975 0.686857
vt 0.372899 0.686719
vt 0.372830 0.686585
vt 0.372765 0.686454
vt 0.372702 0.686326
vt 0.372642 0.686200
vt 0.372583 0.686077
vt 0.372835 0.685389
vt 0.373196 0.686950
vt 0.373287 0.687096
vt 0.373120 0.686809
vt 0.373051 0.686672
vt 0.372987 0.686539
vt 0.372928 0.686408
vt 0.372871 0.686280
vt 0.372817 0.686155
vt 0.372763 0.686031
vt 0.373087 0.685390
vt 0.373314 0.685391
vt 0.372311 0.682469
vt 0.372200 0.682830
vt 0.371924 0.682816
vt 0.372582 0.682469
vt 0.372475 0.682838
vt 0.372849 0.682469
vt 0.372748 0.682843
vt 0.373108 0.682469
vt 0.373014 0.682846
vt 0.373358 0.682469
vt 0.373270 0.682849
vt 0.373597 0.682469
vt 0.373514 0.682850
vt 0.373823 0.682469
vt 0.373743 0.682850
vt 0.374033 0.682469
vt 0.373955 0.682851
vt 0.372085 0.683194
vt 0.371804 0.683174
vt 0.372367 0.683207
vt 0.372646 0.683217
vt 0.372918 0.683223
vt 0.373180 0.683227
vt 0.373429 0.683230
vt 0.373662 0.683231
vt 0.373875 0.683231
vt 0.371968 0.683562
vt 0.371679 0.683541
vt 0.372257 0.683577
vt 0.372542 0.683589
vt 0.372821 0.683598
vt 0.373089 0.683603
vt 0.373343 0.683607
vt 0.373579 0.683608
vt 0.373795 0.683609
vt 0.371848 0.683931
vt 0.371551 0.683913
vt 0.372144 0.683947
vt 0.372436 0.683959
vt 0.372721 0.683969
vt 0.372994 0.683975
vt 0.373253 0.683979
vt 0.373494 0.683981
vt 0.373713 0.683982
vt 0.371724 0.684301
vt 0.371419 0.684287
vt 0.372028 0.684315
vt 0.372327 0.684326
vt 0.372617 0.684335
vt 0.372896 0.684341
vt 0.373159 0.684345
vt 0.373404 0.684347
vt 0.373626 0.684348
vt 0.371598 0.684669
vt 0.371286 0.684659
vt 0.371908 0.684679
vt 0.372213 0.684688
vt 0.372509 0.684695
vt 0.372792 0.684700
vt 0.373060 0.684703
vt 0.373307 0.684705
vt 0.373532 0.684706
vt 0.371470 0.685032
vt 0.371152 0.685028
vt 0.371786 0.685037
vt 0.372095 0.685042
vt 0.372395 0.685046
vt 0.372682 0.685049
vt 0.372952 0.685052
vt 0.373202 0.685053
vt 0.373429 0.685054
vt 0.622312 0.183678
vt 0.622175 0.184032
vt 0.621898 0.184022
vt 0.622582 0.183678
vt 0.622454 0.184038
vt 0.622849 0.183678
vt 0.622728 0.184042
vt 0.623108 0.183678
vt 0.622996 0.184045
vt 0.623358 0.183678
vt 0.623254 0.184047
vt 0.623597 0.183678
vt 0.623500 0.184048
vt 0.623823 0.183678
vt 0.623730 0.184048
vt 0.625000 0.183678
vt 0.625000 0.184048
vt 0.875000 0.566322
vt 0.874033 0.566322
vt 0.873969 0.565952
vt 0.875000 0.565952
vt 0.622037 0.184387
vt 0.621751 0.184373
vt 0.622323 0.184397
vt 0.622606 0.184405
vt 0.622882 0.184410
vt 0.623148 0.184414
vt 0.623400 0.184416
vt 0.623636 0.184417
vt 0.625000 0.184417
vt 0.873907 0.565583
vt 0.875000 0.565583
vt 0.621896 0.184744
vt 0.621600 0.184730
vt 0.622191 0.184756
vt 0.622482 0.184765
vt 0.622766 0.184773
vt 0.623039 0.184777
vt 0.623298 0.184781
vt 0.623538 0.184782
vt 0.625000 0.184783
vt 0.873842 0.565217
vt 0.875000 0.565217
vt 0.621751 0.185101
vt 0.621446 0.185089
vt 0.622055 0.185113
vt 0.622354 0.185123
vt 0.622645 0.185131
vt 0.622925 0.185137
vt 0.623190 0.185140
vt 0.623436 0.185142
vt 0.625000 0.185143
vt 0.873775 0.564857
vt 0.875000 0.564857
vt 0.621604 0.185456
vt 0.621290 0.185446
vt 0.621916 0.185466
vt 0.622222 0.185476
vt 0.622520 0.185484
vt 0.622806 0.185490
vt 0.623075 0.185493
vt 0.623326 0.185496
vt 0.625000 0.185497
vt 0.873704 0.564503
vt 0.875000 0.564503
vt 0.621454 0.185806
vt 0.621133 0.185800
vt 0.621772 0.185814
vt 0.622085 0.185822
vt 0.622388 0.185829
vt 0.622678 0.185834
vt 0.622952 0.185838
vt 0.623206 0.185841
vt 0.625000 0.185842
vt 0.873625 0.564158
vt 0.875000 0.564158
vt 0.621303 0.186149
vt 0.620977 0.186146
vt 0.621625 0.186154
vt 0.621941 0.186159
vt 0.622247 0.186164
vt 0.622541 0.186169
vt 0.622817 0.186172
vt 0.623073 0.186175
vt 0.625000 0.186177
vt 0.873537 0.563823
vt 0.875000 0.563823
vt 0.621150 0.186482
vt 0.620823 0.186482
vt 0.621474 0.186483
vt 0.621791 0.186485
vt 0.622098 0.186488
vt 0.622391 0.186491
vt 0.622668 0.186495
vt 0.622924 0.186498
vt 0.625000 0.186500
vt 0.873437 0.563501
vt 0.875000 0.563500
vt 0.871955 0.565978
vt 0.872228 0.565969
vt 0.872311 0.566322
vt 0.871867 0.565627
vt 0.872143 0.565613
vt 0.871774 0.565270
vt 0.872057 0.565256
vt 0.871678 0.564912
vt 0.871967 0.564898
vt 0.871579 0.564554
vt 0.871873 0.564543
vt 0.871478 0.564201
vt 0.871777 0.564193
vt 0.871376 0.563855
vt 0.871678 0.563851
vt 0.871274 0.563520
vt 0.871576 0.563520
vt 0.871417 0.562492
vt 0.871767 0.562462
vt 0.872499 0.565962
vt 0.872582 0.566322
vt 0.872418 0.565603
vt 0.872337 0.565243
vt 0.872253 0.564886
vt 0.872165 0.564533
vt 0.872073 0.564185
vt 0.871976 0.563847
vt 0.871876 0.563520
vt 0.872116 0.562431
vt 0.872768 0.565958
vt 0.872849 0.566322
vt 0.872690 0.565595
vt 0.872614 0.565234
vt 0.872535 0.564876
vt 0.872452 0.564523
vt 0.872363 0.564178
vt 0.872269 0.563842
vt 0.872169 0.563518
vt 0.872463 0.562398
vt 0.873030 0.565955
vt 0.873108 0.566322
vt 0.872957 0.565590
vt 0.872884 0.565227
vt 0.872809 0.564869
vt 0.872730 0.564516
vt 0.872645 0.564171
vt 0.872553 0.563837
vt 0.872453 0.563514
vt 0.872808 0.562363
vt 0.873283 0.565954
vt 0.873358 0.566322
vt 0.873214 0.565586
vt 0.873145 0.565223
vt 0.873074 0.564863
vt 0.872998 0.564511
vt 0.872915 0.564166
vt 0.872824 0.563832
vt 0.872725 0.563510
vt 0.873151 0.562325
vt 0.873526 0.565952
vt 0.873597 0.566322
vt 0.873460 0.565584
vt 0.873395 0.565220
vt 0.873326 0.564860
vt 0.873252 0.564507
vt 0.873171 0.564162
vt 0.873081 0.563828
vt 0.872981 0.563506
vt 0.873490 0.562282
vt 0.873756 0.565952
vt 0.873823 0.566322
vt 0.873692 0.565583
vt 0.873628 0.565218
vt 0.873561 0.564858
vt 0.873488 0.564504
vt 0.873408 0.564160
vt 0.873320 0.563825
vt 0.873220 0.563503
vt 0.873827 0.562235
vt 0.874161 0.562181
vt 0.872115 0.561792
vt 0.872065 0.561874
vt 0.871759 0.561921
vt 0.872416 0.561738
vt 0.872377 0.561825
vt 0.872730 0.561682
vt 0.872697 0.561774
vt 0.873054 0.561625
vt 0.873026 0.561721
vt 0.873387 0.561566
vt 0.873360 0.561666
vt 0.873725 0.561508
vt 0.873699 0.561610
vt 0.874066 0.561449
vt 0.874040 0.561554
vt 0.875000 0.561315
vt 0.875000 0.561417
vt 0.625000 0.188685
vt 0.624827 0.188663
vt 0.624772 0.188549
vt 0.625000 0.188583
vt 0.872013 0.561957
vt 0.871691 0.562000
vt 0.872337 0.561912
vt 0.872665 0.561865
vt 0.872997 0.561816
vt 0.873334 0.561765
vt 0.873673 0.561712
vt 0.874013 0.561658
vt 0.875000 0.561518
vt 0.624713 0.188436
vt 0.625000 0.188482
vt 0.871962 0.562041
vt 0.871629 0.562081
vt 0.872295 0.562000
vt 0.872630 0.561957
vt 0.872966 0.561912
vt 0.873306 0.561864
vt 0.873646 0.561813
vt 0.873986 0.561761
vt 0.875000 0.561618
vt 0.624649 0.188323
vt 0.625000 0.188382
vt 0.871913 0.562126
vt 0.871572 0.562163
vt 0.872253 0.562088
vt 0.872593 0.562048
vt 0.872934 0.562006
vt 0.873276 0.561961
vt 0.873618 0.561913
vt 0.873958 0.561862
vt 0.875000 0.561716
vt 0.624579 0.188211
vt 0.625000 0.188284
vt 0.871868 0.562212
vt 0.871522 0.562246
vt 0.872213 0.562176
vt 0.872558 0.562139
vt 0.872901 0.562099
vt 0.873245 0.562057
vt 0.873588 0.562011
vt 0.873928 0.561960
vt 0.875000 0.561811
vt 0.624502 0.188100
vt 0.625000 0.188189
vt 0.871828 0.562296
vt 0.871479 0.562329
vt 0.872176 0.562263
vt 0.872523 0.562228
vt 0.872869 0.562190
vt 0.873213 0.562150
vt 0.873556 0.562105
vt 0.873896 0.562056
vt 0.875000 0.561902
vt 0.624416 0.187991
vt 0.625000 0.188098
vt 0.871794 0.562380
vt 0.871444 0.562411
vt 0.872143 0.562348
vt 0.872491 0.562315
vt 0.872837 0.562279
vt 0.873181 0.562239
vt 0.873523 0.562196
vt 0.873862 0.562148
vt 0.875000 0.561989
vt 0.624321 0.187884
vt 0.625000 0.188011
vt 0.624215 0.187780
vt 0.624623 0.187850
vt 0.621878 0.188081
vt 0.622201 0.188128
vt 0.622304 0.188211
vt 0.621737 0.187997
vt 0.622085 0.188041
vt 0.621594 0.187909
vt 0.621961 0.187950
vt 0.621450 0.187817
vt 0.621833 0.187855
vt 0.621307 0.187722
vt 0.621703 0.187758
vt 0.621166 0.187624
vt 0.621572 0.187659
vt 0.621029 0.187525
vt 0.621443 0.187559
vt 0.620897 0.187426
vt 0.621316 0.187460
vt 0.622534 0.188179
vt 0.622614 0.188268
vt 0.622438 0.188087
vt 0.622332 0.187992
vt 0.622218 0.187895
vt 0.622099 0.187796
vt 0.621978 0.187695
vt 0.621856 0.187595
vt 0.621734 0.187494
vt 0.622880 0.188234
vt 0.622946 0.188328
vt 0.622799 0.188137
vt 0.622706 0.188038
vt 0.622605 0.187937
vt 0.622497 0.187836
vt 0.622385 0.187734
vt 0.622269 0.187632
vt 0.622152 0.187531
vt 0.623239 0.188291
vt 0.623297 0.188391
vt 0.623168 0.188190
vt 0.623086 0.188087
vt 0.622994 0.187983
vt 0.622896 0.187879
vt 0.622791 0.187775
vt 0.622682 0.187672
vt 0.622568 0.187571
vt 0.623610 0.188352
vt 0.623664 0.188456
vt 0.623545 0.188247
vt 0.623471 0.188140
vt 0.623387 0.188034
vt 0.623296 0.187927
vt 0.623198 0.187821
vt 0.623093 0.187717
vt 0.622982 0.187614
vt 0.623990 0.188416
vt 0.624043 0.188524
vt 0.623930 0.188307
vt 0.623860 0.188197
vt 0.623783 0.188088
vt 0.623698 0.187979
vt 0.623605 0.187872
vt 0.623503 0.187766
vt 0.623395 0.187663
vt 0.624379 0.188482
vt 0.624432 0.188593
vt 0.624320 0.188370
vt 0.624254 0.188258
vt 0.624180 0.188147
vt 0.624100 0.188037
vt 0.624011 0.187928
vt 0.623913 0.187822
vt 0.623806 0.187718
vt 0.873323 0.563191
vt 0.873516 0.563191
vt 0.371924 0.565977
vt 0.372198 0.565964
vt 0.372311 0.566322
vt 0.371804 0.565620
vt 0.372084 0.565603
vt 0.371678 0.565256
vt 0.371967 0.565237
vt 0.371549 0.564886
vt 0.371847 0.564869
vt 0.371417 0.564515
vt 0.371723 0.564501
vt 0.371283 0.564145
vt 0.371597 0.564135
vt 0.371149 0.563779
vt 0.371469 0.563775
vt 0.371016 0.563421
vt 0.371339 0.563424
vt 0.371072 0.562542
vt 0.371352 0.562569
vt 0.372472 0.565956
vt 0.372582 0.566322
vt 0.372363 0.565589
vt 0.372254 0.565221
vt 0.372142 0.564853
vt 0.372027 0.564488
vt 0.371908 0.564126
vt 0.371785 0.563771
vt 0.371659 0.563426
vt 0.371627 0.562596
vt 0.372742 0.565950
vt 0.372848 0.566322
vt 0.372639 0.565579
vt 0.372537 0.565209
vt 0.372433 0.564841
vt 0.372325 0.564476
vt 0.372212 0.564117
vt 0.372094 0.563766
vt 0.371971 0.563426
vt 0.371893 0.562625
vt 0.373007 0.565947
vt 0.373108 0.566322
vt 0.372910 0.565572
vt 0.372814 0.565200
vt 0.372717 0.564831
vt 0.372615 0.564468
vt 0.372508 0.564110
vt 0.372394 0.563762
vt 0.372274 0.563425
vt 0.372143 0.562656
vt 0.373262 0.565944
vt 0.373358 0.566322
vt 0.373172 0.565568
vt 0.373082 0.565194
vt 0.372990 0.564825
vt 0.372893 0.564461
vt 0.372791 0.564105
vt 0.372680 0.563758
vt 0.372562 0.563423
vt 0.372374 0.562691
vt 0.373507 0.565943
vt 0.373597 0.566322
vt 0.373422 0.565566
vt 0.373337 0.565191
vt 0.373250 0.564821
vt 0.373157 0.564458
vt 0.373058 0.564102
vt 0.372951 0.563756
vt 0.372834 0.563421
vt 0.372581 0.562730
vt 0.373738 0.565942
vt 0.373823 0.566322
vt 0.373657 0.565564
vt 0.373576 0.565189
vt 0.373491 0.564819
vt 0.373402 0.564455
vt 0.373306 0.564100
vt 0.373201 0.563754
vt 0.373085 0.563419
vt 0.372760 0.562775
vt 0.373954 0.565942
vt 0.374033 0.566322
vt 0.373875 0.565564
vt 0.373795 0.565189
vt 0.373712 0.564818
vt 0.373625 0.564454
vt 0.373531 0.564099
vt 0.373428 0.563753
vt 0.373313 0.563418
vt 0.372909 0.562827
vt 0.372157 0.561586
vt 0.372038 0.561708
vt 0.371779 0.561705
vt 0.372407 0.561580
vt 0.372288 0.561713
vt 0.372635 0.561586
vt 0.372521 0.561724
vt 0.372838 0.561605
vt 0.372732 0.561745
vt 0.373015 0.561634
vt 0.372918 0.561776
vt 0.373164 0.561676
vt 0.373076 0.561816
vt 0.373283 0.561729
vt 0.373205 0.561867
vt 0.373372 0.561793
vt 0.373300 0.561929
vt 0.376588 0.561217
vt 0.376575 0.561335
vt 0.371925 0.561828
vt 0.371670 0.561812
vt 0.372174 0.561843
vt 0.372411 0.561861
vt 0.372629 0.561885
vt 0.372823 0.561916
vt 0.372991 0.561956
vt 0.373128 0.562005
vt 0.373231 0.562064
vt 0.376555 0.561454
vt 0.371818 0.561949
vt 0.371562 0.561925
vt 0.372069 0.561971
vt 0.372309 0.561995
vt 0.372532 0.562021
vt 0.372734 0.562054
vt 0.372910 0.562093
vt 0.373056 0.562141
vt 0.373167 0.562197
vt 0.376526 0.561573
vt 0.371715 0.562071
vt 0.371455 0.562043
vt 0.371969 0.562098
vt 0.372214 0.562125
vt 0.372443 0.562154
vt 0.372651 0.562188
vt 0.372835 0.562228
vt 0.372989 0.562274
vt 0.373108 0.562329
vt 0.376489 0.561692
vt 0.371616 0.562195
vt 0.371351 0.562165
vt 0.371876 0.562224
vt 0.372126 0.562253
vt 0.372360 0.562284
vt 0.372575 0.562319
vt 0.372765 0.562358
vt 0.372927 0.562404
vt 0.373054 0.562457
vt 0.376443 0.561810
vt 0.371523 0.562319
vt 0.371251 0.562289
vt 0.371788 0.562349
vt 0.372043 0.562379
vt 0.372283 0.562411
vt 0.372504 0.562446
vt 0.372701 0.562485
vt 0.372869 0.562530
vt 0.373004 0.562582
vt 0.376388 0.561927
vt 0.371434 0.562444
vt 0.371158 0.562415
vt 0.371705 0.562473
vt 0.371966 0.562503
vt 0.372211 0.562535
vt 0.372438 0.562570
vt 0.372640 0.562609
vt 0.372814 0.562654
vt 0.372955 0.562706
vt 0.376323 0.562041
vt 0.376250 0.562154
vt 0.378116 0.561707
vt 0.377869 0.561678
vt 0.377947 0.561579
vt 0.378006 0.561812
vt 0.377779 0.561783
vt 0.377894 0.561921
vt 0.377681 0.561892
vt 0.377781 0.562033
vt 0.377579 0.562005
vt 0.377665 0.562148
vt 0.377473 0.562120
vt 0.377549 0.562265
vt 0.377364 0.562236
vt 0.377433 0.562381
vt 0.377255 0.562352
vt 0.377316 0.562498
vt 0.377144 0.562466
vt 0.377118 0.563422
vt 0.376884 0.563424
vt 0.377630 0.561646
vt 0.377687 0.561545
vt 0.377556 0.561751
vt 0.377472 0.561862
vt 0.377380 0.561975
vt 0.377283 0.562090
vt 0.377183 0.562205
vt 0.377080 0.562321
vt 0.376975 0.562434
vt 0.376652 0.563424
vt 0.377403 0.561607
vt 0.377445 0.561504
vt 0.377343 0.561715
vt 0.377270 0.561827
vt 0.377188 0.561942
vt 0.377100 0.562057
vt 0.377008 0.562172
vt 0.376913 0.562287
vt 0.376813 0.562400
vt 0.376425 0.563424
vt 0.377193 0.561563
vt 0.377224 0.561457
vt 0.377142 0.561674
vt 0.377079 0.561788
vt 0.377007 0.561904
vt 0.376928 0.562020
vt 0.376845 0.562136
vt 0.376756 0.562250
vt 0.376662 0.562362
vt 0.376205 0.563424
vt 0.377002 0.561514
vt 0.377025 0.561404
vt 0.376960 0.561628
vt 0.376905 0.561743
vt 0.376842 0.561860
vt 0.376772 0.561977
vt 0.376697 0.562093
vt 0.376615 0.562208
vt 0.376527 0.562320
vt 0.375994 0.563423
vt 0.376834 0.561459
vt 0.376852 0.561346
vt 0.376798 0.561575
vt 0.376752 0.561693
vt 0.376698 0.561811
vt 0.376636 0.561928
vt 0.376568 0.562045
vt 0.376493 0.562160
vt 0.376410 0.562272
vt 0.375794 0.563421
vt 0.376691 0.561400
vt 0.376706 0.561283
vt 0.376662 0.561517
vt 0.376624 0.561636
vt 0.376578 0.561755
vt 0.376525 0.561873
vt 0.376463 0.561990
vt 0.376394 0.562105
vt 0.376316 0.562217
vt 0.375607 0.563419
vt 0.375435 0.563418
vt 0.377689 0.566322
vt 0.377597 0.565963
vt 0.377869 0.565977
vt 0.377418 0.566322
vt 0.377331 0.565955
vt 0.377151 0.566322
vt 0.377070 0.565950
vt 0.376892 0.566322
vt 0.376817 0.565947
vt 0.376642 0.566322
vt 0.376574 0.565944
vt 0.376403 0.566322
vt 0.376342 0.565943
vt 0.376177 0.566322
vt 0.376125 0.565942
vt 0.375967 0.566322
vt 0.375923 0.565942
vt 0.377504 0.565601
vt 0.377772 0.565620
vt 0.377242 0.565588
vt 0.376988 0.565578
vt 0.376741 0.565572
vt 0.376505 0.565568
vt 0.376280 0.565566
vt 0.376070 0.565564
vt 0.375877 0.565564
vt 0.377408 0.565236
vt 0.377669 0.565256
vt 0.377152 0.565220
vt 0.376903 0.565208
vt 0.376663 0.565200
vt 0.376433 0.565194
vt 0.376215 0.565191
vt 0.376012 0.565189
vt 0.375825 0.565189
vt 0.377308 0.564868
vt 0.377563 0.564886
vt 0.377059 0.564853
vt 0.376816 0.564841
vt 0.376581 0.564831
vt 0.376357 0.564825
vt 0.376145 0.564821
vt 0.375947 0.564819
vt 0.375765 0.564818
vt 0.377206 0.564501
vt 0.377454 0.564515
vt 0.376962 0.564487
vt 0.376724 0.564476
vt 0.376495 0.564468
vt 0.376276 0.564462
vt 0.376068 0.564458
vt 0.375875 0.564455
vt 0.375697 0.564455
vt 0.377100 0.564136
vt 0.377342 0.564145
vt 0.376862 0.564126
vt 0.376629 0.564117
vt 0.376404 0.564110
vt 0.376188 0.564105
vt 0.375985 0.564102
vt 0.375795 0.564100
vt 0.375620 0.564099
vt 0.376993 0.563776
vt 0.377230 0.563780
vt 0.376758 0.563771
vt 0.376529 0.563766
vt 0.376307 0.563762
vt 0.376095 0.563759
vt 0.375893 0.563756
vt 0.375706 0.563754
vt 0.375533 0.563753
vt 0.377869 0.184023
vt 0.377601 0.184036
vt 0.377689 0.183678
vt 0.377772 0.184380
vt 0.377509 0.184397
vt 0.377669 0.184744
vt 0.377412 0.184763
vt 0.377563 0.185114
vt 0.377312 0.185131
vt 0.377454 0.185485
vt 0.377208 0.185499
vt 0.377342 0.185855
vt 0.377102 0.185865
vt 0.377230 0.186220
vt 0.376994 0.186224
vt 0.377118 0.186578
vt 0.376885 0.186575
vt 0.377316 0.187502
vt 0.377144 0.187533
vt 0.377336 0.184044
vt 0.377418 0.183678
vt 0.377249 0.184411
vt 0.377158 0.184779
vt 0.377063 0.185146
vt 0.376965 0.185512
vt 0.376864 0.185874
vt 0.376760 0.186228
vt 0.376653 0.186573
vt 0.376974 0.187565
vt 0.377077 0.184050
vt 0.377151 0.183678
vt 0.376996 0.184421
vt 0.376910 0.184791
vt 0.376821 0.185159
vt 0.376728 0.185523
vt 0.376631 0.185882
vt 0.376530 0.186233
vt 0.376426 0.186573
vt 0.376812 0.187599
vt 0.376825 0.184053
vt 0.376892 0.183678
vt 0.376750 0.184428
vt 0.376670 0.184800
vt 0.376586 0.185168
vt 0.376498 0.185532
vt 0.376405 0.185889
vt 0.376308 0.186237
vt 0.376206 0.186574
vt 0.376662 0.187637
vt 0.376582 0.184056
vt 0.376642 0.183678
vt 0.376513 0.184432
vt 0.376439 0.184805
vt 0.376361 0.185175
vt 0.376278 0.185538
vt 0.376189 0.185894
vt 0.376095 0.186241
vt 0.375994 0.186576
vt 0.376527 0.187680
vt 0.376349 0.184057
vt 0.376403 0.183678
vt 0.376287 0.184434
vt 0.376220 0.184809
vt 0.376148 0.185179
vt 0.376070 0.185542
vt 0.375985 0.185898
vt 0.375894 0.186244
vt 0.375794 0.186579
vt 0.376410 0.187728
vt 0.376129 0.184058
vt 0.376177 0.183678
vt 0.376074 0.184436
vt 0.376014 0.184811
vt 0.375948 0.185181
vt 0.375876 0.185544
vt 0.375795 0.185900
vt 0.375706 0.186246
vt 0.375607 0.186581
vt 0.376316 0.187783
vt 0.375000 0.184058
vt 0.375000 0.183678
vt 0.375000 0.184436
vt 0.375000 0.184811
vt 0.375000 0.185182
vt 0.375000 0.185545
vt 0.375000 0.185901
vt 0.375000 0.186247
vt 0.375000 0.186582
vt 0.376250 0.187846
vt 0.377947 0.188421
vt 0.377862 0.188319
vt 0.378116 0.188293
vt 0.377687 0.188455
vt 0.377617 0.188351
vt 0.377445 0.188497
vt 0.377386 0.188388
vt 0.377224 0.188544
vt 0.377174 0.188432
vt 0.377025 0.188596
vt 0.376983 0.188482
vt 0.376852 0.188654
vt 0.376817 0.188537
vt 0.376706 0.188717
vt 0.376679 0.188598
vt 0.375000 0.188492
vt 0.375000 0.188375
vt 0.125000 0.561508
vt 0.126628 0.561793
vt 0.126704 0.561931
vt 0.125000 0.561625
vt 0.377772 0.188214
vt 0.378006 0.188188
vt 0.377543 0.188244
vt 0.377324 0.188279
vt 0.377121 0.188321
vt 0.376939 0.188368
vt 0.376781 0.188421
vt 0.376650 0.188480
vt 0.375000 0.188259
vt 0.126773 0.562067
vt 0.125000 0.561741
vt 0.377676 0.188105
vt 0.377894 0.188079
vt 0.377462 0.188134
vt 0.377256 0.188168
vt 0.377063 0.188208
vt 0.376889 0.188253
vt 0.376739 0.188304
vt 0.376615 0.188362
vt 0.375000 0.188145
vt 0.126835 0.562199
vt 0.125000 0.561855
vt 0.377576 0.187993
vt 0.377781 0.187967
vt 0.377374 0.188022
vt 0.377180 0.188055
vt 0.376998 0.188093
vt 0.376833 0.188137
vt 0.376690 0.188187
vt 0.376573 0.188244
vt 0.375000 0.188033
vt 0.126893 0.562330
vt 0.125000 0.561967
vt 0.377472 0.187878
vt 0.377665 0.187852
vt 0.377281 0.187908
vt 0.377097 0.187941
vt 0.376924 0.187978
vt 0.376768 0.188021
vt 0.376632 0.188071
vt 0.376522 0.188126
vt 0.375000 0.187923
vt 0.126946 0.562457
vt 0.125000 0.562077
vt 0.377365 0.187763
vt 0.377549 0.187735
vt 0.377183 0.187793
vt 0.377008 0.187826
vt 0.376844 0.187863
vt 0.376695 0.187906
vt 0.376566 0.187955
vt 0.376462 0.188010
vt 0.375000 0.187816
vt 0.126997 0.562583
vt 0.125000 0.562184
vt 0.377255 0.187648
vt 0.377433 0.187619
vt 0.377080 0.187678
vt 0.376912 0.187712
vt 0.376756 0.187749
vt 0.376615 0.187792
vt 0.376492 0.187840
vt 0.376393 0.187895
vt 0.375000 0.187712
vt 0.127045 0.562706
vt 0.125000 0.562288
vt 0.127091 0.562827
vt 0.126978 0.562885
vt 0.128221 0.561705
vt 0.127969 0.561710
vt 0.127843 0.561586
vt 0.128330 0.561812
vt 0.128082 0.561830
vt 0.128438 0.561925
vt 0.128188 0.561949
vt 0.128545 0.562043
vt 0.128289 0.562070
vt 0.128649 0.562165
vt 0.128386 0.562193
vt 0.128749 0.562289
vt 0.128479 0.562318
vt 0.128842 0.562415
vt 0.128566 0.562443
vt 0.128928 0.562542
vt 0.128648 0.562568
vt 0.128984 0.563421
vt 0.128662 0.563423
vt 0.127726 0.561718
vt 0.127593 0.561580
vt 0.127840 0.561848
vt 0.127943 0.561974
vt 0.128038 0.562098
vt 0.128128 0.562222
vt 0.128214 0.562347
vt 0.128295 0.562471
vt 0.128372 0.562595
vt 0.128342 0.563423
vt 0.127497 0.561732
vt 0.127365 0.561586
vt 0.127609 0.561869
vt 0.127707 0.561999
vt 0.127795 0.562127
vt 0.127879 0.562253
vt 0.127959 0.562378
vt 0.128035 0.562501
vt 0.128107 0.562623
vt 0.128030 0.563423
vt 0.127288 0.561754
vt 0.127162 0.561605
vt 0.127394 0.561894
vt 0.127485 0.562028
vt 0.127567 0.562158
vt 0.127645 0.562285
vt 0.127718 0.562410
vt 0.127789 0.562534
vt 0.127857 0.562655
vt 0.127727 0.563423
vt 0.127102 0.561784
vt 0.126985 0.561634
vt 0.127199 0.561925
vt 0.127282 0.562061
vt 0.127358 0.562192
vt 0.127429 0.562320
vt 0.127497 0.562446
vt 0.127563 0.562569
vt 0.127626 0.562691
vt 0.127438 0.563422
vt 0.126941 0.561824
vt 0.126836 0.561676
vt 0.127028 0.561964
vt 0.127104 0.562099
vt 0.127173 0.562231
vt 0.127238 0.562360
vt 0.127300 0.562486
vt 0.127360 0.562609
vt 0.127419 0.562730
vt 0.127167 0.563421
vt 0.126808 0.561873
vt 0.126717 0.561729
vt 0.126884 0.562011
vt 0.126953 0.562145
vt 0.127016 0.562277
vt 0.127076 0.562405
vt 0.127132 0.562531
vt 0.127186 0.562654
vt 0.127240 0.562775
vt 0.126915 0.563419
vt 0.126687 0.563418
vt 0.127689 0.566322
vt 0.127801 0.565963
vt 0.128076 0.565977
vt 0.127418 0.566322
vt 0.127525 0.565955
vt 0.127151 0.566322
vt 0.127252 0.565950
vt 0.126892 0.566322
vt 0.126987 0.565947
vt 0.126642 0.566322
vt 0.126730 0.565944
vt 0.126403 0.566322
vt 0.126486 0.565943
vt 0.126177 0.566322
vt 0.126257 0.565942
vt 0.125967 0.566322
vt 0.126046 0.565942
vt 0.125000 0.566322
vt 0.125000 0.565942
vt 0.127915 0.565601
vt 0.128196 0.565620
vt 0.127633 0.565588
vt 0.127355 0.565578
vt 0.127083 0.565572
vt 0.126820 0.565568
vt 0.126571 0.565565
vt 0.126338 0.565564
vt 0.126125 0.565564
vt 0.125000 0.565564
vt 0.128033 0.565235
vt 0.128322 0.565256
vt 0.127744 0.565220
vt 0.127459 0.565208
vt 0.127180 0.565200
vt 0.126912 0.565194
vt 0.126658 0.565191
vt 0.126421 0.565189
vt 0.126205 0.565189
vt 0.125000 0.565189
vt 0.128154 0.564868
vt 0.128451 0.564886
vt 0.127857 0.564853
vt 0.127565 0.564840
vt 0.127280 0.564831
vt 0.127007 0.564825
vt 0.126748 0.564821
vt 0.126507 0.564819
vt 0.126288 0.564818
vt 0.125000 0.564819
vt 0.128278 0.564500
vt 0.128583 0.564515
vt 0.127974 0.564487
vt 0.127675 0.564476
vt 0.127384 0.564467
vt 0.127105 0.564461
vt 0.126842 0.564457
vt 0.126597 0.564455
vt 0.126375 0.564454
vt 0.125000 0.564455
vt 0.128404 0.564135
vt 0.128717 0.564145
vt 0.128093 0.564125
vt 0.127789 0.564117
vt 0.127493 0.564110
vt 0.127209 0.564105
vt 0.126942 0.564102
vt 0.126694 0.564100
vt 0.126469 0.564099
vt 0.125000 0.564099
vt 0.128532 0.563775
vt 0.128851 0.563779
vt 0.128216 0.563770
vt 0.127907 0.563765
vt 0.127607 0.563761
vt 0.127320 0.563758
vt 0.127049 0.563755
vt 0.126799 0.563754
vt 0.126572 0.563753
vt 0.125000 0.563753
vt 0.125000 0.563418
vt 0.126617 0.563097
vt 0.126817 0.563097
vt 0.627689 0.566322
vt 0.627771 0.565968
vt 0.628045 0.565978
vt 0.627418 0.566322
vt 0.627497 0.565962
vt 0.627151 0.566322
vt 0.627227 0.565958
vt 0.626892 0.566322
vt 0.626963 0.565955
vt 0.626642 0.566322
vt 0.626709 0.565954
vt 0.626403 0.566322
vt 0.626467 0.565952
vt 0.626177 0.566322
vt 0.626240 0.565952
vt 0.625967 0.566322
vt 0.626030 0.565952
vt 0.624033 0.566322
vt 0.623943 0.565952
vt 0.627856 0.565613
vt 0.628133 0.565627
vt 0.627578 0.565603
vt 0.627304 0.565596
vt 0.627036 0.565590
vt 0.626778 0.565587
vt 0.626533 0.565584
vt 0.626304 0.565583
vt 0.626093 0.565583
vt 0.623852 0.565583
vt 0.627943 0.565256
vt 0.628226 0.565270
vt 0.627661 0.565244
vt 0.627382 0.565235
vt 0.627110 0.565228
vt 0.626849 0.565223
vt 0.626601 0.565220
vt 0.626369 0.565218
vt 0.626158 0.565217
vt 0.623759 0.565217
vt 0.628034 0.564900
vt 0.628322 0.564912
vt 0.627747 0.564888
vt 0.627464 0.564877
vt 0.627188 0.564869
vt 0.626923 0.564864
vt 0.626672 0.564860
vt 0.626438 0.564858
vt 0.626225 0.564857
vt 0.623660 0.564857
vt 0.628128 0.564545
vt 0.628421 0.564554
vt 0.627836 0.564534
vt 0.627549 0.564525
vt 0.627269 0.564517
vt 0.627001 0.564511
vt 0.626747 0.564507
vt 0.626511 0.564504
vt 0.626296 0.564503
vt 0.623554 0.564503
vt 0.628224 0.564195
vt 0.628522 0.564201
vt 0.627928 0.564187
vt 0.627638 0.564179
vt 0.627356 0.564172
vt 0.627085 0.564166
vt 0.626829 0.564162
vt 0.626591 0.564160
vt 0.626375 0.564158
vt 0.623437 0.564158
vt 0.628323 0.563852
vt 0.628624 0.563855
vt 0.628025 0.563847
vt 0.627732 0.563841
vt 0.627448 0.563837
vt 0.627176 0.563832
vt 0.626919 0.563828
vt 0.626680 0.563825
vt 0.626463 0.563823
vt 0.623306 0.563823
vt 0.628424 0.563519
vt 0.628726 0.563519
vt 0.628125 0.563518
vt 0.627832 0.563516
vt 0.627548 0.563513
vt 0.627276 0.563510
vt 0.627019 0.563506
vt 0.626780 0.563502
vt 0.626563 0.563500
vt 0.623158 0.563500
vt 0.621898 0.565978
vt 0.622174 0.565969
vt 0.622312 0.566322
vt 0.621751 0.565627
vt 0.622036 0.565613
vt 0.621600 0.565270
vt 0.621895 0.565256
vt 0.621446 0.564911
vt 0.621751 0.564898
vt 0.621290 0.564554
vt 0.621604 0.564542
vt 0.621133 0.564200
vt 0.621454 0.564192
vt 0.620977 0.563854
vt 0.621303 0.563850
vt 0.620823 0.563518
vt 0.621151 0.563519
vt 0.620897 0.562574
vt 0.621315 0.562541
vt 0.622450 0.565962
vt 0.622582 0.566322
vt 0.622319 0.565602
vt 0.622188 0.565243
vt 0.622054 0.564886
vt 0.621916 0.564532
vt 0.621773 0.564184
vt 0.621626 0.563846
vt 0.621475 0.563519
vt 0.621734 0.562507
vt 0.622723 0.565958
vt 0.622849 0.566322
vt 0.622600 0.565595
vt 0.622477 0.565234
vt 0.622352 0.564876
vt 0.622222 0.564523
vt 0.622085 0.564177
vt 0.621942 0.563841
vt 0.621792 0.563517
vt 0.622151 0.562470
vt 0.622989 0.565955
vt 0.623108 0.566322
vt 0.622874 0.565590
vt 0.622760 0.565227
vt 0.622642 0.564868
vt 0.622519 0.564516
vt 0.622388 0.564171
vt 0.622248 0.563836
vt 0.622099 0.563514
vt 0.622567 0.562430
vt 0.623246 0.565953
vt 0.623358 0.566322
vt 0.623140 0.565586
vt 0.623033 0.565222
vt 0.622922 0.564863
vt 0.622804 0.564510
vt 0.622678 0.564166
vt 0.622541 0.563831
vt 0.622392 0.563510
vt 0.622982 0.562386
vt 0.623493 0.565952
vt 0.623597 0.566322
vt 0.623393 0.565584
vt 0.623293 0.565219
vt 0.623187 0.564860
vt 0.623074 0.564506
vt 0.622952 0.564162
vt 0.622817 0.563828
vt 0.622668 0.563506
vt 0.623394 0.562337
vt 0.623726 0.565952
vt 0.623823 0.566322
vt 0.623632 0.565583
vt 0.623536 0.565218
vt 0.623434 0.564858
vt 0.623325 0.564504
vt 0.623206 0.564159
vt 0.623073 0.563825
vt 0.622924 0.563502
vt 0.623805 0.562282
vt 0.624215 0.562220
vt 0.622304 0.561789
vt 0.622196 0.561874
vt 0.621878 0.561919
vt 0.622614 0.561733
vt 0.622525 0.561823
vt 0.622946 0.561672
vt 0.622869 0.561769
vt 0.623297 0.561609
vt 0.623228 0.561711
vt 0.623664 0.561544
vt 0.623600 0.561650
vt 0.624043 0.561476
vt 0.623982 0.561585
vt 0.624432 0.561407
vt 0.624373 0.561519
vt 0.624827 0.561337
vt 0.624768 0.561451
vt 0.625593 0.561391
vt 0.625620 0.561496
vt 0.622080 0.561962
vt 0.621737 0.562003
vt 0.622430 0.561916
vt 0.622788 0.561866
vt 0.623156 0.561813
vt 0.623534 0.561755
vt 0.623920 0.561695
vt 0.624312 0.561631
vt 0.624708 0.561565
vt 0.625646 0.561601
vt 0.621958 0.562053
vt 0.621594 0.562091
vt 0.622326 0.562011
vt 0.622698 0.561965
vt 0.623076 0.561915
vt 0.623462 0.561862
vt 0.623853 0.561804
vt 0.624248 0.561743
vt 0.624645 0.561678
vt 0.625674 0.561705
vt 0.621832 0.562147
vt 0.621450 0.562183
vt 0.622215 0.562108
vt 0.622600 0.562065
vt 0.622989 0.562019
vt 0.623382 0.561968
vt 0.623778 0.561913
vt 0.624177 0.561854
vt 0.624576 0.561790
vt 0.625703 0.561807
vt 0.621703 0.562244
vt 0.621307 0.562278
vt 0.622098 0.562207
vt 0.622495 0.562167
vt 0.622894 0.562122
vt 0.623294 0.562074
vt 0.623695 0.562021
vt 0.624098 0.561963
vt 0.624500 0.561900
vt 0.625733 0.561906
vt 0.621573 0.562342
vt 0.621166 0.562376
vt 0.621978 0.562307
vt 0.622384 0.562268
vt 0.622791 0.562226
vt 0.623197 0.562180
vt 0.623604 0.562128
vt 0.624010 0.562072
vt 0.624416 0.562009
vt 0.625766 0.562002
vt 0.621443 0.562442
vt 0.621029 0.562474
vt 0.621856 0.562407
vt 0.622269 0.562370
vt 0.622681 0.562329
vt 0.623093 0.562284
vt 0.623503 0.562234
vt 0.623913 0.562178
vt 0.624321 0.562116
vt 0.625801 0.562094
vt 0.625839 0.562181
vt 0.628241 0.561921
vt 0.627934 0.561873
vt 0.627885 0.561792
vt 0.628309 0.562000
vt 0.627988 0.561956
vt 0.628371 0.562081
vt 0.628040 0.562040
vt 0.628428 0.562163
vt 0.628090 0.562126
vt 0.628478 0.562246
vt 0.628135 0.562211
vt 0.628521 0.562329
vt 0.628174 0.562296
vt 0.628556 0.562411
vt 0.628208 0.562380
vt 0.628583 0.562492
vt 0.628234 0.562461
vt 0.627621 0.561824
vt 0.627584 0.561738
vt 0.627663 0.561911
vt 0.627706 0.561999
vt 0.627749 0.562088
vt 0.627790 0.562176
vt 0.627826 0.562263
vt 0.627858 0.562348
vt 0.627884 0.562430
vt 0.627300 0.561773
vt 0.627270 0.561682
vt 0.627334 0.561864
vt 0.627371 0.561956
vt 0.627408 0.562048
vt 0.627444 0.562139
vt 0.627479 0.562228
vt 0.627510 0.562314
vt 0.627537 0.562397
vt 0.626972 0.561720
vt 0.626946 0.561625
vt 0.627001 0.561815
vt 0.627033 0.561911
vt 0.627066 0.562006
vt 0.627099 0.562099
vt 0.627132 0.562190
vt 0.627163 0.562278
vt 0.627192 0.562363
vt 0.626638 0.561666
vt 0.626613 0.561566
vt 0.626664 0.561765
vt 0.626693 0.561863
vt 0.626723 0.561961
vt 0.626755 0.562056
vt 0.626787 0.562149
vt 0.626819 0.562239
vt 0.626849 0.562325
vt 0.626300 0.561610
vt 0.626275 0.561508
vt 0.626325 0.561712
vt 0.626352 0.561813
vt 0.626381 0.561913
vt 0.626412 0.562010
vt 0.626444 0.562105
vt 0.626477 0.562196
vt 0.626510 0.562282
vt 0.625959 0.561553
vt 0.625934 0.561449
vt 0.625985 0.561657
vt 0.626011 0.561760
vt 0.626040 0.561862
vt 0.626071 0.561960
vt 0.626103 0.562056
vt 0.626137 0.562148
vt 0.626173 0.562235
vt 0.130177 0.717967
vt 0.129678 0.717955
vt 0.129201 0.717937
vt 0.128749 0.717910
vt 0.128319 0.717877
vt 0.127909 0.717837
vt 0.127508 0.717790
vt 0.127105 0.717738
vt 0.125000 0.717971
vt 0.375000 0.032029
vt 0.378456 0.031810
vt 0.378215 0.031866
vt 0.378040 0.031915
vt 0.377946 0.031956
vt 0.377940 0.031988
vt 0.378027 0.032011
vt 0.378209 0.032025
vt 0.625209 0.927454
vt 0.625836 0.935068
vt 0.626879 0.942747
vt 0.628326 0.950428
vt 0.630162 0.958044
vt 0.632376 0.965531
vt 0.634947 0.972825
vt 0.637855 0.979863
vt 0.625000 1.000000
vt 0.625000 0.000000
vt 0.636139 -0.000041
vt 0.626275 0.000050
vt 0.616686 0.000135
vt 0.607984 0.000214
vt 0.600429 0.000285
vt 0.594115 0.000348
vt 0.589070 0.000403
vt 0.585285 0.000449
vt 0.802454 0.500001
vt 0.869816 0.531326
vt 0.810067 0.500002
vt 0.870342 0.531322
vt 0.817744 0.500005
vt 0.870861 0.531316
vt 0.825418 0.500009
vt 0.871371 0.531306
vt 0.833018 0.500014
vt 0.871870 0.531295
vt 0.840470 0.500020
vt 0.872356 0.531281
vt 0.847689 0.500026
vt 0.872832 0.531265
vt 0.875000 0.500017
vt 0.875000 0.531230
vt 0.625000 0.218770
vt 0.625000 0.249983
vt 0.645622 0.250136
vt 0.627004 0.218953
vt 0.636340 0.250042
vt 0.626026 0.218890
vt 0.626446 0.249952
vt 0.625125 0.218834
vt 0.616828 0.249868
vt 0.624305 0.218785
vt 0.608100 0.249791
vt 0.623566 0.218745
vt 0.600525 0.249721
vt 0.622914 0.218714
vt 0.594200 0.249658
vt 0.622351 0.218691
vt 0.589151 0.249604
vt 0.621881 0.218677
vt 0.625213 0.322545
vt 0.625843 0.314932
vt 0.626888 0.307253
vt 0.628338 0.299572
vt 0.630181 0.291956
vt 0.632402 0.284469
vt 0.634982 0.277176
vt 0.637896 0.270139
vt 0.589151 0.500396
vt 0.594200 0.500342
vt 0.600525 0.500279
vt 0.608100 0.500209
vt 0.616828 0.500132
vt 0.626446 0.500048
vt 0.636340 0.499958
vt 0.645622 0.499864
vt 0.637896 0.479861
vt 0.634982 0.472824
vt 0.632401 0.465531
vt 0.630182 0.458044
vt 0.628338 0.450428
vt 0.626888 0.442747
vt 0.625843 0.435068
vt 0.625213 0.427455
vt 0.369807 0.531332
vt 0.370307 0.531345
vt 0.370783 0.531366
vt 0.371232 0.531395
vt 0.371652 0.531433
vt 0.372041 0.531478
vt 0.372400 0.531531
vt 0.372731 0.531590
vt 0.377746 0.531047
vt 0.377655 0.531110
vt 0.377607 0.531166
vt 0.377609 0.531215
vt 0.377667 0.531255
vt 0.377784 0.531286
vt 0.377961 0.531309
vt 0.378197 0.531323
vt 0.697546 0.749999
vt 0.630166 0.717973
vt 0.689934 0.749998
vt 0.629636 0.717981
vt 0.682256 0.749995
vt 0.629108 0.717994
vt 0.674582 0.749991
vt 0.628587 0.718011
vt 0.666982 0.749986
vt 0.628078 0.718034
vt 0.659529 0.749980
vt 0.627584 0.718061
vt 0.652309 0.749973
vt 0.627110 0.718092
vt 0.645428 0.749965
vt 0.626659 0.718128
vt 0.645387 0.750137
vt 0.625799 0.718254
vt 0.636138 0.750041
vt 0.625106 0.718190
vt 0.626275 0.749950
vt 0.624451 0.718134
vt 0.616686 0.749865
vt 0.623837 0.718085
vt 0.607984 0.749786
vt 0.623268 0.718044
vt 0.600429 0.749715
vt 0.622748 0.718012
vt 0.594115 0.749652
vt 0.622280 0.717989
vt 0.589070 0.749597
vt 0.621868 0.717975
vt 0.625209 0.822546
vt 0.625836 0.814932
vt 0.626879 0.807253
vt 0.628326 0.799572
vt 0.630162 0.791955
vt 0.632376 0.784469
vt 0.634948 0.777175
vt 0.637855 0.770137
vt 0.127688 0.625309
vt 0.127418 0.625309
vt 0.127151 0.625309
vt 0.126892 0.625309
vt 0.126642 0.625309
vt 0.126403 0.625309
vt 0.126177 0.625309
vt 0.125966 0.625309
vt 0.125000 0.625309
vt 0.375000 0.124691
vt 0.376177 0.124691
vt 0.376403 0.124691
vt 0.376642 0.124691
vt 0.376892 0.124691
vt 0.377151 0.124691
vt 0.377418 0.124691
vt 0.377689 0.124691
vt 0.872312 0.625309
vt 0.872582 0.625309
vt 0.872849 0.625309
vt 0.873108 0.625309
vt 0.873358 0.625309
vt 0.873597 0.625309
vt 0.873823 0.625309
vt 0.875000 0.625309
vt 0.625000 0.124691
vt 0.624034 0.124691
vt 0.623823 0.124691
vt 0.623597 0.124691
vt 0.623358 0.124691
vt 0.623108 0.124691
vt 0.622849 0.124691
vt 0.622582 0.124691
vt 0.622311 0.124691
vt 0.372312 0.625309
vt 0.372582 0.625309
vt 0.372849 0.625309
vt 0.373108 0.625309
vt 0.373358 0.625309
vt 0.373597 0.625309
vt 0.373823 0.625309
vt 0.374034 0.625309
vt 0.375966 0.625309
vt 0.376177 0.625309
vt 0.376403 0.625309
vt 0.376642 0.625309
vt 0.376892 0.625309
vt 0.377151 0.625309
vt 0.377418 0.625309
vt 0.377689 0.625309
vt 0.627689 0.625309
vt 0.627418 0.625309
vt 0.627151 0.625309
vt 0.626892 0.625309
vt 0.626642 0.625309
vt 0.626403 0.625309
vt 0.626177 0.625309
vt 0.625966 0.625309
vt 0.624034 0.625309
vt 0.623823 0.625309
vt 0.623597 0.625309
vt 0.623358 0.625309
vt 0.623108 0.625309
vt 0.622849 0.625309
vt 0.622582 0.625309
vt 0.622311 0.625309
vt 0.127689 0.625309
vt 0.127418 0.625309
vt 0.126403 0.625309
vt 0.376403 0.124691
vt 0.377418 0.124691
vt 0.377689 0.124691
vt 0.869836 0.717975
vt 0.870373 0.717986
vt 0.870910 0.718005
vt 0.871443 0.718031
vt 0.871965 0.718064
vt 0.872467 0.718103
vt 0.872942 0.718150
vt 0.875000 0.717971
vt 0.625000 0.032029
vt 0.624625 0.031746
vt 0.624209 0.031810
vt 0.623792 0.031866
vt 0.623379 0.031915
vt 0.622975 0.031956
vt 0.622583 0.031988
vt 0.622207 0.032011
vt 0.621850 0.032025
vt 0.369823 0.717967
vt 0.370322 0.717954
vt 0.370796 0.717932
vt 0.371244 0.717902
vt 0.371663 0.717864
vt 0.372051 0.717818
vt 0.372410 0.717765
vt 0.372741 0.717705
vt 0.377727 0.718254
vt 0.377639 0.718190
vt 0.377594 0.718134
vt 0.377598 0.718085
vt 0.377658 0.718044
vt 0.377776 0.718012
vt 0.377954 0.717989
vt 0.378190 0.717975
vt 0.874034 0.625309
vt 0.622311 0.124691
vt 0.130193 0.531332
vt 0.129694 0.531347
vt 0.129219 0.531371
vt 0.128775 0.531404
vt 0.128367 0.531446
vt 0.128000 0.531497
vt 0.127683 0.531556
vt 0.127424 0.531623
vt 0.125000 0.531339
vt 0.375000 0.218661
vt 0.376829 0.218890
vt 0.376979 0.218834
vt 0.377162 0.218785
vt 0.377376 0.218745
vt 0.377618 0.218714
vt 0.377886 0.218691
vt 0.378178 0.218677
vt 0.630182 0.531325
vt 0.629650 0.531317
vt 0.629121 0.531305
vt 0.628599 0.531287
vt 0.628088 0.531265
vt 0.627592 0.531239
vt 0.627117 0.531208
vt 0.626665 0.531173
vt 0.625818 0.531047
vt 0.625119 0.531110
vt 0.624460 0.531166
vt 0.623842 0.531215
vt 0.623269 0.531255
vt 0.622746 0.531286
vt 0.622276 0.531309
vt 0.621863 0.531323
vt 0.130177 0.717966
vt 0.129679 0.717951
vt 0.129206 0.717927
vt 0.128763 0.717893
vt 0.128355 0.717851
vt 0.127989 0.717799
vt 0.127672 0.717740
vt 0.127413 0.717672
vt 0.125000 0.717960
vt 0.375000 0.032040
vt 0.376822 0.031810
vt 0.376972 0.031866
vt 0.377156 0.031915
vt 0.377370 0.031956
vt 0.377612 0.031988
vt 0.377880 0.032011
vt 0.378172 0.032025
vt 0.869832 0.717972
vt 0.802454 0.749999
vt 0.870356 0.717976
vt 0.810066 0.749998
vt 0.870874 0.717983
vt 0.817744 0.749995
vt 0.871383 0.717992
vt 0.825418 0.749991
vt 0.871879 0.718004
vt 0.833018 0.749986
vt 0.872364 0.718018
vt 0.840471 0.749980
vt 0.872838 0.718035
vt 0.847691 0.749973
vt 0.875000 0.718070
vt 0.875000 0.749982
vt 0.625000 0.000018
vt 0.625000 0.031930
vt 0.626974 0.031746
vt 0.645387 -0.000137
vt 0.626003 0.031810
vt 0.625110 0.031866
vt 0.624295 0.031915
vt 0.623562 0.031956
vt 0.622914 0.031988
vt 0.622354 0.032011
vt 0.621887 0.032025
vt 0.869820 0.531324
vt 0.870358 0.531313
vt 0.870897 0.531294
vt 0.871431 0.531269
vt 0.871955 0.531236
vt 0.872459 0.531197
vt 0.872935 0.531152
vt 0.875000 0.531327
vt 0.625000 0.218673
vt 0.624631 0.218953
vt 0.624213 0.218890
vt 0.623794 0.218834
vt 0.623379 0.218785
vt 0.622973 0.218745
vt 0.622579 0.218714
vt 0.622202 0.218691
vt 0.621844 0.218677
vt 0.130193 0.531331
vt 0.129692 0.531342
vt 0.129215 0.531361
vt 0.128761 0.531387
vt 0.128330 0.531420
vt 0.127919 0.531459
vt 0.127517 0.531505
vt 0.127113 0.531557
vt 0.125000 0.531327
vt 0.375000 0.218673
vt 0.378482 0.218890
vt 0.378235 0.218834
vt 0.378056 0.218785
vt 0.377958 0.218745
vt 0.377950 0.218714
vt 0.378035 0.218691
vt 0.378215 0.218677
vt 0.697546 0.500001
vt 0.689933 0.500002
vt 0.682256 0.500005
vt 0.674582 0.500009
vt 0.666982 0.500014
vt 0.659530 0.500020
vt 0.652311 0.500026
vt 0.645430 0.500034
s 0
usemtl Material.001
f 1092/131/35 569/132/35 3846/133/35 3900/134/35
f 328/135/36 848/136/36 3864/137/36 3882/138/36
f 850/139/37 1091/140/37 3899/141/37 3863/142/37
f 3774/143/38 3828/144/38 589/145/38 65/146/38
f 3792/147/39 3810/148/39 309/149/39 830/150/39
f 327/151/40 569/152/40 1092/153/40 849/154/40
f 1146/155/41 1164/156/41 1505/157/41 2153/158/41
f 1109/159/42 1145/160/42 2156/161/42 1181/162/42
f 3773/163/43 3809/164/43 1831/165/43 1183/166/43
f 3128/167/42 2801/168/42 1145/160/42 1109/159/42
f 1182/169/44 2155/170/44 3828/144/44 3774/143/44
f 3449/171/45 2478/172/45 1127/173/45 1163/174/45
f 1163/174/45 1127/173/45 1829/175/45 1506/176/45
f 2804/177/41 3450/178/41 1164/156/41 1146/155/41
f 3882/138/46 3864/179/46 2802/180/46 3127/181/46
f 3126/182/47 2480/183/47 3845/184/47 3881/185/47
f 1184/186/48 1830/187/48 1128/188/48 1110/189/48
f 588/190/49 830/191/49 309/192/49 66/193/49
f 2154/194/50 1508/195/50 3791/196/50 3827/197/50
f 1507/198/51 1832/199/51 3810/200/51 3792/147/51
f 3900/134/52 3846/201/52 2479/202/52 3452/203/52
f 3827/197/50 3791/196/50 831/204/50 587/205/50
f 3881/206/47 3845/207/47 570/208/47 326/209/47
f 1110/189/48 1128/188/48 2477/210/48 3125/211/48
f 3863/142/37 3899/212/37 3451/213/37 2803/214/37
f 65/146/53 68/215/53 77/216/53 76/217/53
f 68/215/54 69/218/54 78/219/54 77/216/54
f 69/218/55 70/220/55 79/221/55 78/219/55
f 70/220/56 71/222/56 80/223/56 79/221/56
f 71/222/57 72/224/57 81/225/57 80/223/57
f 72/224/58 73/226/58 82/227/58 81/225/58
f 73/226/59 74/228/59 83/229/59 82/227/59
f 74/228/60 75/230/60 84/231/60 83/229/60
f 75/232/61 219/233/61 220/234/61 84/235/61
f 76/217/62 77/216/62 86/236/62 85/237/62
f 77/216/63 78/219/63 87/238/63 86/236/63
f 78/219/64 79/221/64 88/239/64 87/238/64
f 79/221/65 80/223/65 89/240/65 88/239/65
f 80/223/66 81/225/66 90/241/66 89/240/66
f 81/225/67 82/227/67 91/242/67 90/241/67
f 82/227/68 83/229/68 92/243/68 91/242/68
f 83/229/69 84/231/69 93/244/69 92/243/69
f 84/235/70 220/234/70 221/245/70 93/246/70
f 85/237/71 86/236/71 95/247/71 94/248/71
f 86/236/72 87/238/72 96/249/72 95/247/72
f 87/238/73 88/239/73 97/250/73 96/249/73
f 88/239/74 89/240/74 98/251/74 97/250/74
f 89/240/75 90/241/75 99/252/75 98/251/75
f 90/241/76 91/242/76 100/253/76 99/252/76
f 91/242/77 92/243/77 101/254/77 100/253/77
f 92/243/78 93/244/78 102/255/78 101/254/78
f 93/246/79 221/245/79 222/256/79 102/257/79
f 94/248/80 95/247/80 104/258/80 103/259/80
f 95/247/81 96/249/81 105/260/81 104/258/81
f 96/249/82 97/250/82 106/261/82 105/260/82
f 97/250/83 98/251/83 107/262/83 106/261/83
f 98/251/84 99/252/84 108/263/84 107/262/84
f 99/252/85 100/253/85 109/264/85 108/263/85
f 100/253/86 101/254/86 110/265/86 109/264/86
f 101/254/87 102/255/87 111/266/87 110/265/87
f 102/257/88 222/256/88 223/267/88 111/268/88
f 103/259/89 104/258/89 113/269/89 112/270/89
f 104/258/90 105/260/90 114/271/90 113/269/90
f 105/260/91 106/261/91 115/272/91 114/271/91
f 106/261/92 107/262/92 116/273/92 115/272/92
f 107/262/93 108/263/93 117/274/93 116/273/93
f 108/263/94 109/264/94 118/275/94 117/274/94
f 109/264/95 110/265/95 119/276/95 118/275/95
f 110/265/96 111/266/96 120/277/96 119/276/96
f 111/268/97 223/267/97 224/278/97 120/279/97
f 112/270/98 113/269/98 122/280/98 121/281/98
f 113/269/99 114/271/99 123/282/99 122/280/99
f 114/271/100 115/272/100 124/283/100 123/282/100
f 115/272/101 116/273/101 125/284/101 124/283/101
f 116/273/102 117/274/102 126/285/102 125/284/102
f 117/274/103 118/275/103 127/286/103 126/285/103
f 118/275/104 119/276/104 128/287/104 127/286/104
f 119/276/105 120/277/105 129/288/105 128/287/105
f 120/279/106 224/278/106 225/289/106 129/290/106
f 121/281/107 122/280/107 131/291/107 130/292/107
f 122/280/108 123/282/108 132/293/108 131/291/108
f 123/282/109 124/283/109 133/294/109 132/293/109
f 124/283/110 125/284/110 134/295/110 133/294/110
f 125/284/111 126/285/111 135/296/111 134/295/111
f 126/285/112 127/286/112 136/297/112 135/296/112
f 127/286/113 128/287/113 137/298/113 136/297/113
f 128/287/114 129/288/114 138/299/114 137/298/114
f 129/290/115 225/289/115 226/300/115 138/301/115
f 130/292/116 131/291/116 140/302/116 139/303/116
f 131/291/117 132/293/117 141/304/117 140/302/117
f 132/293/118 133/294/118 142/305/118 141/304/118
f 133/294/119 134/295/119 143/306/119 142/305/119
f 134/295/120 135/296/120 144/307/120 143/306/120
f 135/296/121 136/297/121 145/308/121 144/307/121
f 136/297/122 137/298/122 146/309/122 145/308/122
f 137/298/123 138/299/123 147/310/123 146/309/123
f 138/301/124 226/300/124 227/311/124 147/312/124
f 66/193/125 148/313/125 157/314/125 156/315/125
f 148/313/126 149/316/126 158/317/126 157/314/126
f 149/316/127 150/318/127 159/319/127 158/317/127
f 150/318/128 151/320/128 160/321/128 159/319/128
f 151/320/129 152/322/129 161/323/129 160/321/129
f 152/322/130 153/324/130 162/325/130 161/323/130
f 153/324/131 154/326/131 163/327/131 162/325/131
f 154/326/132 155/328/132 164/329/132 163/327/132
f 155/328/133 299/330/133 300/331/133 164/329/133
f 156/315/134 157/314/134 166/332/134 165/333/134
f 157/314/135 158/317/135 167/334/135 166/332/135
f 158/317/136 159/319/136 168/335/136 167/334/136
f 159/319/137 160/321/137 169/336/137 168/335/137
f 160/321/138 161/323/138 170/337/138 169/336/138
f 161/323/139 162/325/139 171/338/139 170/337/139
f 162/325/140 163/327/140 172/339/140 171/338/140
f 163/327/141 164/329/141 173/340/141 172/339/141
f 164/329/142 300/331/142 301/341/142 173/340/142
f 165/333/143 166/332/143 175/342/143 174/343/143
f 166/332/144 167/334/144 176/344/144 175/342/144
f 167/334/145 168/335/145 177/345/145 176/344/145
f 168/335/146 169/336/146 178/346/146 177/345/146
f 169/336/147 170/337/147 179/347/147 178/346/147
f 170/337/148 171/338/148 180/348/148 179/347/148
f 171/338/149 172/339/149 181/349/149 180/348/149
f 172/339/150 173/340/150 182/350/150 181/349/150
f 173/340/151 301/341/151 302/351/151 182/350/151
f 174/343/152 175/342/152 184/352/152 183/353/152
f 175/342/153 176/344/153 185/354/153 184/352/153
f 176/344/154 177/345/154 186/355/154 185/354/154
f 177/345/155 178/346/155 187/356/155 186/355/155
f 178/346/156 179/347/156 188/357/156 187/356/156
f 179/347/157 180/348/157 189/358/157 188/357/157
f 180/348/158 181/349/158 190/359/158 189/358/158
f 181/349/159 182/350/159 191/360/159 190/359/159
f 182/350/160 302/351/160 303/361/160 191/360/160
f 183/353/161 184/352/161 193/362/161 192/363/161
f 184/352/162 185/354/162 194/364/162 193/362/162
f 185/354/163 186/355/163 195/365/163 194/364/163
f 186/355/164 187/356/164 196/366/164 195/365/164
f 187/356/165 188/357/165 197/367/165 196/366/165
f 188/357/166 189/358/166 198/368/166 197/367/166
f 189/358/167 190/359/167 199/369/167 198/368/167
f 190/359/168 191/360/168 200/370/168 199/369/168
f 191/360/169 303/361/169 304/371/169 200/370/169
f 192/363/170 193/362/170 202/372/170 201/373/170
f 193/362/171 194/364/171 203/374/171 202/372/171
f 194/364/172 195/365/172 204/375/172 203/374/172
f 195/365/173 196/366/173 205/376/173 204/375/173
f 196/366/174 197/367/174 206/377/174 205/376/174
f 197/367/175 198/368/175 207/378/175 206/377/175
f 198/368/176 199/369/176 208/379/176 207/378/176
f 199/369/177 200/370/177 209/380/177 208/379/177
f 200/370/178 304/371/178 305/381/178 209/380/178
f 201/373/179 202/372/179 211/382/179 210/383/179
f 202/372/180 203/374/180 212/384/180 211/382/180
f 203/374/181 204/375/181 213/385/181 212/384/181
f 204/375/182 205/376/182 214/386/182 213/385/182
f 205/376/183 206/377/183 215/387/183 214/386/183
f 206/377/184 207/378/184 216/388/184 215/387/184
f 207/378/185 208/379/185 217/389/185 216/388/185
f 208/379/186 209/380/186 218/390/186 217/389/186
f 209/380/187 305/381/187 306/391/187 218/390/187
f 210/383/188 211/382/188 220/234/188 219/233/188
f 211/382/189 212/384/189 221/245/189 220/234/189
f 212/384/190 213/385/190 222/256/190 221/245/190
f 213/385/191 214/386/191 223/267/191 222/256/191
f 214/386/192 215/387/192 224/278/192 223/267/192
f 215/387/193 216/388/193 225/289/193 224/278/193
f 216/388/194 217/389/194 226/300/194 225/289/194
f 217/389/195 218/390/195 227/311/195 226/300/195
f 218/390/196 306/391/196 307/392/196 227/311/196
f 67/393/197 228/394/197 237/395/197 236/396/197
f 228/394/198 229/397/198 238/398/198 237/395/198
f 229/397/199 230/399/199 239/400/199 238/398/199
f 230/399/200 231/401/200 240/402/200 239/400/200
f 231/401/201 232/403/201 241/404/201 240/402/201
f 232/403/202 233/405/202 242/406/202 241/404/202
f 233/405/203 234/407/203 243/408/203 242/406/203
f 234/407/204 235/409/204 244/410/204 243/408/204
f 235/411/205 139/303/205 140/302/205 244/412/205
f 236/396/206 237/395/206 246/413/206 245/414/206
f 237/395/207 238/398/207 247/415/207 246/413/207
f 238/398/208 239/400/208 248/416/208 247/415/208
f 239/400/209 240/402/209 249/417/209 248/416/209
f 240/402/210 241/404/210 250/418/210 249/417/210
f 241/404/211 242/406/211 251/419/211 250/418/211
f 242/406/212 243/408/212 252/420/212 251/419/212
f 243/408/213 244/410/213 253/421/213 252/420/213
f 244/412/214 140/302/214 141/304/214 253/422/214
f 245/414/215 246/413/215 255/423/215 254/424/215
f 246/413/216 247/415/216 256/425/216 255/423/216
f 247/415/217 248/416/217 257/426/217 256/425/217
f 248/416/218 249/417/218 258/427/218 257/426/218
f 249/417/219 250/418/219 259/428/219 258/427/219
f 250/418/220 251/419/220 260/429/220 259/428/220
f 251/419/221 252/420/221 261/430/221 260/429/221
f 252/420/222 253/421/222 262/431/222 261/430/222
f 253/422/223 141/304/223 142/305/223 262/432/223
f 254/424/224 255/423/224 264/433/224 263/434/224
f 255/423/225 256/425/225 265/435/225 264/433/225
f 256/425/226 257/426/226 266/436/226 265/435/226
f 257/426/227 258/427/227 267/437/227 266/436/227
f 258/427/228 259/428/228 268/438/228 267/437/228
f 259/428/229 260/429/229 269/439/229 268/438/229
f 260/429/230 261/430/230 270/440/230 269/439/230
f 261/430/231 262/431/231 271/441/231 270/440/231
f 262/432/232 142/305/232 143/306/232 271/442/232
f 263/434/233 264/433/233 273/443/233 272/444/233
f 264/433/234 265/435/234 274/445/234 273/443/234
f 265/435/235 266/436/235 275/446/235 274/445/235
f 266/436/236 267/437/236 276/447/236 275/446/236
f 267/437/237 268/438/237 277/448/237 276/447/237
f 268/438/238 269/439/238 278/449/238 277/448/238
f 269/439/239 270/440/239 279/450/239 278/449/239
f 270/440/240 271/441/240 280/451/240 279/450/240
f 271/442/241 143/306/241 144/307/241 280/452/241
f 272/444/242 273/443/242 282/453/242 281/454/242
f 273/443/243 274/445/243 283/455/243 282/453/243
f 274/445/244 275/446/244 284/456/244 283/455/244
f 275/446/245 276/447/245 285/457/245 284/456/245
f 276/447/246 277/448/246 286/458/246 285/457/246
f 277/448/247 278/449/247 287/459/247 286/458/247
f 278/449/248 279/450/248 288/460/248 287/459/248
f 279/450/249 280/451/249 289/461/249 288/460/249
f 280/452/250 144/307/250 145/308/250 289/462/250
f 281/454/251 282/453/251 291/463/251 290/464/251
f 282/453/252 283/455/252 292/465/252 291/463/252
f 283/455/253 284/456/253 293/466/253 292/465/253
f 284/456/254 285/457/254 294/467/254 293/466/254
f 285/457/255 286/458/255 295/468/255 294/467/255
f 286/458/256 287/459/256 296/469/256 295/468/256
f 287/459/257 288/460/257 297/470/257 296/469/257
f 288/460/258 289/461/258 298/471/258 297/470/258
f 289/462/259 145/308/259 146/309/259 298/472/259
f 290/464/260 291/463/260 300/473/260 299/474/260
f 291/463/261 292/465/261 301/475/261 300/473/261
f 292/465/262 293/466/262 302/476/262 301/475/262
f 293/466/263 294/467/263 303/477/263 302/476/263
f 294/467/264 295/468/264 304/478/264 303/477/264
f 295/468/265 296/469/265 305/479/265 304/478/265
f 296/469/266 297/470/266 306/480/266 305/479/266
f 297/470/267 298/471/267 307/481/267 306/480/267
f 298/472/268 146/309/268 147/310/268 307/482/268
f 147/312/269 227/311/269 307/392/269
f 326/209/270 329/483/270 338/484/270 337/485/270
f 329/483/271 330/486/271 339/487/271 338/484/271
f 330/486/272 331/488/272 340/489/272 339/487/272
f 331/488/273 332/490/273 341/491/273 340/489/273
f 332/490/274 333/492/274 342/493/274 341/491/274
f 333/492/275 334/494/275 343/495/275 342/493/275
f 334/494/276 335/496/276 344/497/276 343/495/276
f 335/496/277 336/498/277 345/499/277 344/497/277
f 336/498/278 480/500/278 481/501/278 345/499/278
f 337/485/279 338/484/279 347/502/279 346/503/279
f 338/484/280 339/487/280 348/504/280 347/502/280
f 339/487/281 340/489/281 349/505/281 348/504/281
f 340/489/282 341/491/282 350/506/282 349/505/282
f 341/491/283 342/493/283 351/507/283 350/506/283
f 342/493/284 343/495/284 352/508/284 351/507/284
f 343/495/285 344/497/285 353/509/285 352/508/285
f 344/497/286 345/499/286 354/510/286 353/509/286
f 345/499/287 481/501/287 482/511/287 354/510/287
f 346/503/288 347/502/288 356/512/288 355/513/288
f 347/502/289 348/504/289 357/514/289 356/512/289
f 348/504/290 349/505/290 358/515/290 357/514/290
f 349/505/291 350/506/291 359/516/291 358/515/291
f 350/506/292 351/507/292 360/517/292 359/516/292
f 351/507/293 352/508/293 361/518/293 360/517/293
f 352/508/294 353/509/294 362/519/294 361/518/294
f 353/509/295 354/510/295 363/520/295 362/519/295
f 354/510/296 482/511/296 483/521/296 363/520/296
f 355/513/297 356/512/297 365/522/297 364/523/297
f 356/512/298 357/514/298 366/524/298 365/522/298
f 357/514/299 358/515/299 367/525/299 366/524/299
f 358/515/300 359/516/300 368/526/300 367/525/300
f 359/516/301 360/517/301 369/527/301 368/526/301
f 360/517/302 361/518/302 370/528/302 369/527/302
f 361/518/303 362/519/303 371/529/303 370/528/303
f 362/519/304 363/520/304 372/530/304 371/529/304
f 363/520/305 483/521/305 484/531/305 372/530/305
f 364/523/306 365/522/306 374/532/306 373/533/306
f 365/522/307 366/524/307 375/534/307 374/532/307
f 366/524/308 367/525/308 376/535/308 375/534/308
f 367/525/309 368/526/309 377/536/309 376/535/309
f 368/526/310 369/527/310 378/537/310 377/536/310
f 369/527/311 370/528/311 379/538/311 378/537/311
f 370/528/312 371/529/312 380/539/312 379/538/312
f 371/529/313 372/530/313 381/540/313 380/539/313
f 372/530/314 484/531/314 485/541/314 381/540/314
f 373/533/315 374/532/315 383/542/315 382/543/315
f 374/532/316 375/534/316 384/544/316 383/542/316
f 375/534/317 376/535/317 385/545/317 384/544/317
f 376/535/318 377/536/318 386/546/318 385/545/318
f 377/536/319 378/537/319 387/547/319 386/546/319
f 378/537/320 379/538/320 388/548/320 387/547/320
f 379/538/321 380/539/321 389/549/321 388/548/321
f 380/539/322 381/540/322 390/550/322 389/549/322
f 381/540/323 485/541/323 486/551/323 390/550/323
f 382/543/324 383/542/324 392/552/324 391/553/324
f 383/542/325 384/544/325 393/554/325 392/552/325
f 384/544/326 385/545/326 394/555/326 393/554/326
f 385/545/327 386/546/327 395/556/327 394/555/327
f 386/546/328 387/547/328 396/557/328 395/556/328
f 387/547/329 388/548/329 397/558/329 396/557/329
f 388/548/330 389/549/330 398/559/330 397/558/330
f 389/549/331 390/550/331 399/560/331 398/559/331
f 390/550/332 486/551/332 487/561/332 399/560/332
f 391/553/333 392/552/333 401/562/333 400/563/333
f 392/552/334 393/554/334 402/564/334 401/562/334
f 393/554/335 394/555/335 403/565/335 402/564/335
f 394/555/336 395/556/336 404/566/336 403/565/336
f 395/556/337 396/557/337 405/567/337 404/566/337
f 396/557/338 397/558/338 406/568/338 405/567/338
f 397/558/339 398/559/339 407/569/339 406/568/339
f 398/559/340 399/560/340 408/570/340 407/569/340
f 399/560/341 487/561/341 488/571/341 408/570/341
f 327/151/342 409/572/342 418/573/342 417/574/342
f 409/572/343 410/575/343 419/576/343 418/573/343
f 410/575/344 411/577/344 420/578/344 419/576/344
f 411/577/345 412/579/345 421/580/345 420/578/345
f 412/579/346 413/581/346 422/582/346 421/580/346
f 413/581/347 414/583/347 423/584/347 422/582/347
f 414/583/348 415/585/348 424/586/348 423/584/348
f 415/585/349 416/587/349 425/588/349 424/586/349
f 416/587/350 560/589/350 561/590/350 425/588/350
f 417/574/351 418/573/351 427/591/351 426/592/351
f 418/573/352 419/576/352 428/593/352 427/591/352
f 419/576/353 420/578/353 429/594/353 428/593/353
f 420/578/354 421/580/354 430/595/354 429/594/354
f 421/580/355 422/582/355 431/596/355 430/595/355
f 422/582/356 423/584/356 432/597/356 431/596/356
f 423/584/357 424/586/357 433/598/357 432/597/357
f 424/586/358 425/588/358 434/599/358 433/598/358
f 425/588/359 561/590/359 562/600/359 434/599/359
f 426/592/360 427/591/360 436/601/360 435/602/360
f 427/591/361 428/593/361 437/603/361 436/601/361
f 428/593/362 429/594/362 438/604/362 437/603/362
f 429/594/363 430/595/363 439/605/363 438/604/363
f 430/595/364 431/596/364 440/606/364 439/605/364
f 431/596/365 432/597/365 441/607/365 440/606/365
f 432/597/366 433/598/366 442/608/366 441/607/366
f 433/598/367 434/599/367 443/609/367 442/608/367
f 434/599/368 562/600/368 563/610/368 443/609/368
f 435/602/369 436/601/369 445/611/369 444/612/369
f 436/601/370 437/603/370 446/613/370 445/611/370
f 437/603/371 438/604/371 447/614/371 446/613/371
f 438/604/372 439/605/372 448/615/372 447/614/372
f 439/605/373 440/606/373 449/616/373 448/615/373
f 440/606/374 441/607/374 450/617/374 449/616/374
f 441/607/375 442/608/375 451/618/375 450/617/375
f 442/608/376 443/609/376 452/619/376 451/618/376
f 443/609/377 563/610/377 564/620/377 452/619/377
f 444/612/378 445/611/378 454/621/378 453/622/378
f 445/611/379 446/613/379 455/623/379 454/621/379
f 446/613/380 447/614/380 456/624/380 455/623/380
f 447/614/381 448/615/381 457/625/381 456/624/381
f 448/615/382 449/616/382 458/626/382 457/625/382
f 449/616/383 450/617/383 459/627/383 458/626/383
f 450/617/384 451/618/384 460/628/384 459/627/384
f 451/618/385 452/619/385 461/629/385 460/628/385
f 452/619/386 564/620/386 565/630/386 461/629/386
f 453/622/387 454/621/387 463/631/387 462/632/387
f 454/621/388 455/623/388 464/633/388 463/631/388
f 455/623/389 456/624/389 465/634/389 464/633/389
f 456/624/390 457/625/390 466/635/390 465/634/390
f 457/625/391 458/626/391 467/636/391 466/635/391
f 458/626/392 459/627/392 468/637/392 467/636/392
f 459/627/393 460/628/393 469/638/393 468/637/393
f 460/628/394 461/629/394 470/639/394 469/638/394
f 461/629/395 565/630/395 566/640/395 470/639/395
f 462/632/396 463/631/396 472/641/396 471/642/396
f 463/631/397 464/633/397 473/643/397 472/641/397
f 464/633/398 465/634/398 474/644/398 473/643/398
f 465/634/399 466/635/399 475/645/399 474/644/399
f 466/635/400 467/636/400 476/646/400 475/645/400
f 467/636/401 468/637/401 477/647/401 476/646/401
f 468/637/402 469/638/402 478/648/402 477/647/402
f 469/638/403 470/639/403 479/649/403 478/648/403
f 470/639/404 566/640/404 567/650/404 479/649/404
f 471/642/405 472/641/405 481/501/405 480/500/405
f 472/641/406 473/643/406 482/511/406 481/501/406
f 473/643/407 474/644/407 483/521/407 482/511/407
f 474/644/408 475/645/408 484/531/408 483/521/408
f 475/645/409 476/646/409 485/541/409 484/531/409
f 476/646/410 477/647/410 486/551/410 485/541/410
f 477/647/411 478/648/411 487/561/411 486/551/411
f 478/648/412 479/649/412 488/571/412 487/561/412
f 479/649/413 567/650/413 568/651/413 488/571/413
f 328/135/414 489/652/414 498/653/414 497/654/414
f 489/652/415 490/655/415 499/656/415 498/653/415
f 490/655/416 491/657/416 500/658/416 499/656/416
f 491/657/417 492/659/417 501/660/417 500/658/417
f 492/659/418 493/661/418 502/662/418 501/660/418
f 493/661/419 494/663/419 503/664/419 502/662/419
f 494/663/420 495/665/420 504/666/420 503/664/420
f 495/665/421 496/667/421 505/668/421 504/666/421
f 496/667/422 400/669/422 401/670/422 505/668/422
f 497/654/423 498/653/423 507/671/423 506/672/423
f 498/653/424 499/656/424 508/673/424 507/671/424
f 499/656/425 500/658/425 509/674/425 508/673/425
f 500/658/426 501/660/426 510/675/426 509/674/426
f 501/660/427 502/662/427 511/676/427 510/675/427
f 502/662/428 503/664/428 512/677/428 511/676/428
f 503/664/429 504/666/429 513/678/429 512/677/429
f 504/666/430 505/668/430 514/679/430 513/678/430
f 505/668/431 401/670/431 402/680/431 514/679/431
f 506/672/432 507/671/432 516/681/432 515/682/432
f 507/671/433 508/673/433 517/683/433 516/681/433
f 508/673/434 509/674/434 518/684/434 517/683/434
f 509/674/435 510/675/435 519/685/435 518/684/435
f 510/675/436 511/676/436 520/686/436 519/685/436
f 511/676/437 512/677/437 521/687/437 520/686/437
f 512/677/438 513/678/438 522/688/438 521/687/438
f 513/678/439 514/679/439 523/689/439 522/688/439
f 514/679/440 402/680/440 403/690/440 523/689/440
f 515/682/441 516/681/441 525/691/441 524/692/441
f 516/681/442 517/683/442 526/693/442 525/691/442
f 517/683/443 518/684/443 527/694/443 526/693/443
f 518/684/444 519/685/444 528/695/444 527/694/444
f 519/685/445 520/686/445 529/696/445 528/695/445
f 520/686/446 521/687/446 530/697/446 529/696/446
f 521/687/447 522/688/447 531/698/447 530/697/447
f 522/688/448 523/689/448 532/699/448 531/698/448
f 523/689/449 403/690/449 404/700/449 532/699/449
f 524/692/450 525/691/450 534/701/450 533/702/450
f 525/691/451 526/693/451 535/703/451 534/701/451
f 526/693/452 527/694/452 536/704/452 535/703/452
f 527/694/453 528/695/453 537/705/453 536/704/453
f 528/695/454 529/696/454 538/706/454 537/705/454
f 529/696/455 530/697/455 539/707/455 538/706/455
f 530/697/456 531/698/456 540/708/456 539/707/456
f 531/698/457 532/699/457 541/709/457 540/708/457
f 532/699/458 404/700/458 405/710/458 541/709/458
f 533/702/459 534/701/459 543/711/459 542/712/459
f 534/701/460 535/703/460 544/713/460 543/711/460
f 535/703/461 536/704/461 545/714/461 544/713/461
f 536/704/462 537/705/462 546/715/462 545/714/462
f 537/705/463 538/706/463 547/716/463 546/715/463
f 538/706/464 539/707/464 548/717/464 547/716/464
f 539/707/465 540/708/465 549/718/465 548/717/465
f 540/708/466 541/709/466 550/719/466 549/718/466
f 541/709/467 405/710/467 406/720/467 550/719/467
f 542/712/468 543/711/468 552/721/468 551/722/468
f 543/711/469 544/713/469 553/723/469 552/721/469
f 544/713/470 545/714/470 554/724/470 553/723/470
f 545/714/471 546/715/471 555/725/471 554/724/471
f 546/715/472 547/716/472 556/726/472 555/725/472
f 547/716/473 548/717/473 557/727/473 556/726/473
f 548/717/474 549/718/474 558/728/474 557/727/474
f 549/718/475 550/719/475 559/729/475 558/728/475
f 550/719/476 406/720/476 407/730/476 559/729/476
f 551/722/477 552/721/477 561/731/477 560/732/477
f 552/721/478 553/723/478 562/733/478 561/731/478
f 553/723/479 554/724/479 563/734/479 562/733/479
f 554/724/480 555/725/480 564/735/480 563/734/480
f 555/725/481 556/726/481 565/736/481 564/735/481
f 556/726/482 557/727/482 566/737/482 565/736/482
f 557/727/483 558/728/483 567/738/483 566/737/483
f 558/728/484 559/729/484 568/739/484 567/738/484
f 559/729/485 407/730/485 408/740/485 568/739/485
f 408/741/486 488/571/486 568/651/486
f 587/205/487 590/742/487 599/743/487 598/744/487
f 590/742/488 591/745/488 600/746/488 599/743/488
f 591/745/489 592/747/489 601/748/489 600/746/489
f 592/747/490 593/749/490 602/750/490 601/748/490
f 593/749/491 594/751/491 603/752/491 602/750/491
f 594/751/492 595/753/492 604/754/492 603/752/492
f 595/753/493 596/755/493 605/756/493 604/754/493
f 596/755/494 597/757/494 606/758/494 605/756/494
f 597/757/495 741/759/495 742/760/495 606/758/495
f 598/744/496 599/743/496 608/761/496 607/762/496
f 599/743/497 600/746/497 609/763/497 608/761/497
f 600/746/498 601/748/498 610/764/498 609/763/498
f 601/748/499 602/750/499 611/765/499 610/764/499
f 602/750/500 603/752/500 612/766/500 611/765/500
f 603/752/501 604/754/501 613/767/501 612/766/501
f 604/754/502 605/756/502 614/768/502 613/767/502
f 605/756/503 606/758/503 615/769/503 614/768/503
f 606/758/504 742/760/504 743/770/504 615/769/504
f 607/762/505 608/761/505 617/771/505 616/772/505
f 608/761/506 609/763/506 618/773/506 617/771/506
f 609/763/507 610/764/507 619/774/507 618/773/507
f 610/764/508 611/765/508 620/775/508 619/774/508
f 611/765/509 612/766/509 621/776/509 620/775/509
f 612/766/510 613/767/510 622/777/510 621/776/510
f 613/767/511 614/768/511 623/778/511 622/777/511
f 614/768/512 615/769/512 624/779/512 623/778/512
f 615/769/513 743/770/513 744/780/513 624/779/513
f 616/772/514 617/771/514 626/781/514 625/782/514
f 617/771/515 618/773/515 627/783/515 626/781/515
f 618/773/516 619/774/516 628/784/516 627/783/516
f 619/774/517 620/775/517 629/785/517 628/784/517
f 620/775/518 621/776/518 630/786/518 629/785/518
f 621/776/519 622/777/519 631/787/519 630/786/519
f 622/777/520 623/778/520 632/788/520 631/787/520
f 623/778/521 624/779/521 633/789/521 632/788/521
f 624/779/522 744/780/522 745/790/522 633/789/522
f 625/782/523 626/781/523 635/791/523 634/792/523
f 626/781/524 627/783/524 636/793/524 635/791/524
f 627/783/525 628/784/525 637/794/525 636/793/525
f 628/784/526 629/785/526 638/795/526 637/794/526
f 629/785/527 630/786/527 639/796/527 638/795/527
f 630/786/528 631/787/528 640/797/528 639/796/528
f 631/787/529 632/788/529 641/798/529 640/797/529
f 632/788/530 633/789/530 642/799/530 641/798/530
f 633/789/531 745/790/531 746/800/531 642/799/531
f 634/792/532 635/791/532 644/801/532 643/802/532
f 635/791/533 636/793/533 645/803/533 644/801/533
f 636/793/534 637/794/534 646/804/534 645/803/534
f 637/794/535 638/795/535 647/805/535 646/804/535
f 638/795/536 639/796/536 648/806/536 647/805/536
f 639/796/537 640/797/537 649/807/537 648/806/537
f 640/797/538 641/798/538 650/808/538 649/807/538
f 641/798/539 642/799/539 651/809/539 650/808/539
f 642/799/540 746/800/540 747/810/540 651/809/540
f 643/802/541 644/801/541 653/811/541 652/812/541
f 644/801/542 645/803/542 654/813/542 653/811/542
f 645/803/543 646/804/543 655/814/543 654/813/543
f 646/804/544 647/805/544 656/815/544 655/814/544
f 647/805/545 648/806/545 657/816/545 656/815/545
f 648/806/546 649/807/546 658/817/546 657/816/546
f 649/807/547 650/808/547 659/818/547 658/817/547
f 650/808/548 651/809/548 660/819/548 659/818/548
f 651/809/549 747/810/549 748/820/549 660/819/549
f 652/812/550 653/811/550 662/821/550 661/822/550
f 653/811/551 654/813/551 663/823/551 662/821/551
f 654/813/552 655/814/552 664/824/552 663/823/552
f 655/814/553 656/815/553 665/825/553 664/824/553
f 656/815/554 657/816/554 666/826/554 665/825/554
f 657/816/555 658/817/555 667/827/555 666/826/555
f 658/817/556 659/818/556 668/828/556 667/827/556
f 659/818/557 660/819/557 669/829/557 668/828/557
f 660/819/558 748/820/558 749/830/558 669/829/558
f 588/190/559 670/831/559 679/832/559 678/833/559
f 670/831/560 671/834/560 680/835/560 679/832/560
f 671/834/561 672/836/561 681/837/561 680/835/561
f 672/836/562 673/838/562 682/839/562 681/837/562
f 673/838/563 674/840/563 683/841/563 682/839/563
f 674/840/564 675/842/564 684/843/564 683/841/564
f 675/842/565 676/844/565 685/845/565 684/843/565
f 676/844/566 677/846/566 686/847/566 685/845/566
f 677/846/567 821/848/567 822/849/567 686/847/567
f 678/833/568 679/832/568 688/850/568 687/851/568
f 679/832/569 680/835/569 689/852/569 688/850/569
f 680/835/570 681/837/570 690/853/570 689/852/570
f 681/837/571 682/839/571 691/854/571 690/853/571
f 682/839/572 683/841/572 692/855/572 691/854/572
f 683/841/573 684/843/573 693/856/573 692/855/573
f 684/843/574 685/845/574 694/857/574 693/856/574
f 685/845/575 686/847/575 695/858/575 694/857/575
f 686/847/576 822/849/576 823/859/576 695/858/576
f 687/851/577 688/850/577 697/860/577 696/861/577
f 688/850/578 689/852/578 698/862/578 697/860/578
f 689/852/579 690/853/579 699/863/579 698/862/579
f 690/853/580 691/854/580 700/864/580 699/863/580
f 691/854/581 692/855/581 701/865/581 700/864/581
f 692/855/582 693/856/582 702/866/582 701/865/582
f 693/856/583 694/857/583 703/867/583 702/866/583
f 694/857/584 695/858/584 704/868/584 703/867/584
f 695/858/585 823/859/585 824/869/585 704/868/585
f 696/861/586 697/860/586 706/870/586 705/871/586
f 697/860/587 698/862/587 707/872/587 706/870/587
f 698/862/588 699/863/588 708/873/588 707/872/588
f 699/863/589 700/864/589 709/874/589 708/873/589
f 700/864/590 701/865/590 710/875/590 709/874/590
f 701/865/591 702/866/591 711/876/591 710/875/591
f 702/866/592 703/867/592 712/877/592 711/876/592
f 703/867/593 704/868/593 713/878/593 712/877/593
f 704/868/594 824/869/594 825/879/594 713/878/594
f 705/871/595 706/870/595 715/880/595 714/881/595
f 706/870/596 707/872/596 716/882/596 715/880/596
f 707/872/597 708/873/597 717/883/597 716/882/597
f 708/873/598 709/874/598 718/884/598 717/883/598
f 709/874/599 710/875/599 719/885/599 718/884/599
f 710/875/600 711/876/600 720/886/600 719/885/600
f 711/876/601 712/877/601 721/887/601 720/886/601
f 712/877/602 713/878/602 722/888/602 721/887/602
f 713/878/603 825/879/603 826/889/603 722/888/603
f 714/881/604 715/880/604 724/890/604 723/891/604
f 715/880/605 716/882/605 725/892/605 724/890/605
f 716/882/606 717/883/606 726/893/606 725/892/606
f 717/883/607 718/884/607 727/894/607 726/893/607
f 718/884/608 719/885/608 728/895/608 727/894/608
f 719/885/609 720/886/609 729/896/609 728/895/609
f 720/886/610 721/887/610 730/897/610 729/896/610
f 721/887/611 722/888/611 731/898/611 730/897/611
f 722/888/612 826/889/612 827/899/612 731/898/612
f 723/891/613 724/890/613 733/900/613 732/901/613
f 724/890/614 725/892/614 734/902/614 733/900/614
f 725/892/615 726/893/615 735/903/615 734/902/615
f 726/893/616 727/894/616 736/904/616 735/903/616
f 727/894/617 728/895/617 737/905/617 736/904/617
f 728/895/618 729/896/618 738/906/618 737/905/618
f 729/896/619 730/897/619 739/907/619 738/906/619
f 730/897/620 731/898/620 740/908/620 739/907/620
f 731/898/621 827/899/621 828/909/621 740/908/621
f 732/901/622 733/900/622 742/760/622 741/759/622
f 733/900/623 734/902/623 743/770/623 742/760/623
f 734/902/624 735/903/624 744/780/624 743/770/624
f 735/903/625 736/904/625 745/790/625 744/780/625
f 736/904/626 737/905/626 746/800/626 745/790/626
f 737/905/627 738/906/627 747/810/627 746/800/627
f 738/906/628 739/907/628 748/820/628 747/810/628
f 739/907/629 740/908/629 749/830/629 748/820/629
f 740/908/630 828/909/630 829/910/630 749/830/630
f 589/145/631 750/911/631 759/912/631 758/913/631
f 750/911/632 751/914/632 760/915/632 759/912/632
f 751/914/633 752/916/633 761/917/633 760/915/633
f 752/916/634 753/918/634 762/919/634 761/917/634
f 753/918/635 754/920/635 763/921/635 762/919/635
f 754/920/636 755/922/636 764/923/636 763/921/636
f 755/922/637 756/924/637 765/925/637 764/923/637
f 756/924/638 757/926/638 766/927/638 765/925/638
f 757/926/639 661/822/639 662/821/639 766/927/639
f 758/913/640 759/912/640 768/928/640 767/929/640
f 759/912/641 760/915/641 769/930/641 768/928/641
f 760/915/642 761/917/642 770/931/642 769/930/642
f 761/917/643 762/919/643 771/932/643 770/931/643
f 762/919/644 763/921/644 772/933/644 771/932/644
f 763/921/645 764/923/645 773/934/645 772/933/645
f 764/923/646 765/925/646 774/935/646 773/934/646
f 765/925/647 766/927/647 775/936/647 774/935/647
f 766/927/648 662/821/648 663/823/648 775/936/648
f 767/929/649 768/928/649 777/937/649 776/938/649
f 768/928/650 769/930/650 778/939/650 777/937/650
f 769/930/651 770/931/651 779/940/651 778/939/651
f 770/931/652 771/932/652 780/941/652 779/940/652
f 771/932/653 772/933/653 781/942/653 780/941/653
f 772/933/654 773/934/654 782/943/654 781/942/654
f 773/934/655 774/935/655 783/944/655 782/943/655
f 774/935/656 775/936/656 784/945/656 783/944/656
f 775/936/657 663/823/657 664/824/657 784/945/657
f 776/938/658 777/937/658 786/946/658 785/947/658
f 777/937/659 778/939/659 787/948/659 786/946/659
f 778/939/660 779/940/660 788/949/660 787/948/660
f 779/940/661 780/941/661 789/950/661 788/949/661
f 780/941/662 781/942/662 790/951/662 789/950/662
f 781/942/663 782/943/663 791/952/663 790/951/663
f 782/943/664 783/944/664 792/953/664 791/952/664
f 783/944/665 784/945/665 793/954/665 792/953/665
f 784/945/666 664/824/666 665/825/666 793/954/666
f 785/947/667 786/946/667 795/955/667 794/956/667
f 786/946/668 787/948/668 796/957/668 795/955/668
f 787/948/669 788/949/669 797/958/669 796/957/669
f 788/949/670 789/950/670 798/959/670 797/958/670
f 789/950/671 790/951/671 799/960/671 798/959/671
f 790/951/672 791/952/672 800/961/672 799/960/672
f 791/952/673 792/953/673 801/962/673 800/961/673
f 792/953/674 793/954/674 802/963/674 801/962/674
f 793/954/675 665/825/675 666/826/675 802/963/675
f 794/956/676 795/955/676 804/964/676 803/965/676
f 795/955/677 796/957/677 805/966/677 804/964/677
f 796/957/678 797/958/678 806/967/678 805/966/678
f 797/958/679 798/959/679 807/968/679 806/967/679
f 798/959/680 799/960/680 808/969/680 807/968/680
f 799/960/681 800/961/681 809/970/681 808/969/681
f 800/961/682 801/962/682 810/971/682 809/970/682
f 801/962/683 802/963/683 811/972/683 810/971/683
f 802/963/684 666/826/684 667/827/684 811/972/684
f 803/965/685 804/964/685 813/973/685 812/974/685
f 804/964/686 805/966/686 814/975/686 813/973/686
f 805/966/687 806/967/687 815/976/687 814/975/687
f 806/967/688 807/968/688 816/977/688 815/976/688
f 807/968/689 808/969/689 817/978/689 816/977/689
f 808/969/690 809/970/690 818/979/690 817/978/690
f 809/970/691 810/971/691 819/980/691 818/979/691
f 810/971/692 811/972/692 820/981/692 819/980/692
f 811/972/693 667/827/693 668/828/693 820/981/693
f 812/974/694 813/973/694 822/982/694 821/983/694
f 813/973/695 814/975/695 823/984/695 822/982/695
f 814/975/696 815/976/696 824/985/696 823/984/696
f 815/976/697 816/977/697 825/986/697 824/985/697
f 816/977/698 817/978/698 826/987/698 825/986/698
f 817/978/699 818/979/699 827/988/699 826/987/699
f 818/979/700 819/980/700 828/989/700 827/988/700
f 819/980/701 820/981/701 829/990/701 828/989/701
f 820/981/702 668/828/702 669/829/702 829/990/702
f 669/991/703 749/830/703 829/910/703
f 848/136/704 851/992/704 860/993/704 859/994/704
f 851/992/705 852/995/705 861/996/705 860/993/705
f 852/995/706 853/997/706 862/998/706 861/996/706
f 853/997/707 854/999/707 863/1000/707 862/998/707
f 854/999/708 855/1001/708 864/1002/708 863/1000/708
f 855/1001/709 856/1003/709 865/1004/709 864/1002/709
f 856/1003/710 857/1005/710 866/1006/710 865/1004/710
f 857/1005/711 858/1007/711 867/1008/711 866/1006/711
f 858/1009/712 1002/1010/712 1003/1011/712 867/1012/712
f 859/994/713 860/993/713 869/1013/713 868/1014/713
f 860/993/714 861/996/714 870/1015/714 869/1013/714
f 861/996/715 862/998/715 871/1016/715 870/1015/715
f 862/998/716 863/1000/716 872/1017/716 871/1016/716
f 863/1000/717 864/1002/717 873/1018/717 872/1017/717
f 864/1002/718 865/1004/718 874/1019/718 873/1018/718
f 865/1004/719 866/1006/719 875/1020/719 874/1019/719
f 866/1006/720 867/1008/720 876/1021/720 875/1020/720
f 867/1012/721 1003/1011/721 1004/1022/721 876/1023/721
f 868/1014/722 869/1013/722 878/1024/722 877/1025/722
f 869/1013/723 870/1015/723 879/1026/723 878/1024/723
f 870/1015/724 871/1016/724 880/1027/724 879/1026/724
f 871/1016/725 872/1017/725 881/1028/725 880/1027/725
f 872/1017/726 873/1018/726 882/1029/726 881/1028/726
f 873/1018/727 874/1019/727 883/1030/727 882/1029/727
f 874/1019/728 875/1020/728 884/1031/728 883/1030/728
f 875/1020/729 876/1021/729 885/1032/729 884/1031/729
f 876/1023/730 1004/1022/730 1005/1033/730 885/1034/730
f 877/1025/731 878/1024/731 887/1035/731 886/1036/731
f 878/1024/732 879/1026/732 888/1037/732 887/1035/732
f 879/1026/733 880/1027/733 889/1038/733 888/1037/733
f 880/1027/734 881/1028/734 890/1039/734 889/1038/734
f 881/1028/735 882/1029/735 891/1040/735 890/1039/735
f 882/1029/736 883/1030/736 892/1041/736 891/1040/736
f 883/1030/737 884/1031/737 893/1042/737 892/1041/737
f 884/1031/738 885/1032/738 894/1043/738 893/1042/738
f 885/1034/739 1005/1033/739 1006/1044/739 894/1045/739
f 886/1036/740 887/1035/740 896/1046/740 895/1047/740
f 887/1035/741 888/1037/741 897/1048/741 896/1046/741
f 888/1037/742 889/1038/742 898/1049/742 897/1048/742
f 889/1038/743 890/1039/743 899/1050/743 898/1049/743
f 890/1039/744 891/1040/744 900/1051/744 899/1050/744
f 891/1040/745 892/1041/745 901/1052/745 900/1051/745
f 892/1041/746 893/1042/746 902/1053/746 901/1052/746
f 893/1042/747 894/1043/747 903/1054/747 902/1053/747
f 894/1045/748 1006/1044/748 1007/1055/748 903/1056/748
f 895/1047/749 896/1046/749 905/1057/749 904/1058/749
f 896/1046/750 897/1048/750 906/1059/750 905/1057/750
f 897/1048/751 898/1049/751 907/1060/751 906/1059/751
f 898/1049/752 899/1050/752 908/1061/752 907/1060/752
f 899/1050/753 900/1051/753 909/1062/753 908/1061/753
f 900/1051/754 901/1052/754 910/1063/754 909/1062/754
f 901/1052/755 902/1053/755 911/1064/755 910/1063/755
f 902/1053/756 903/1054/756 912/1065/756 911/1064/756
f 903/1056/757 1007/1055/757 1008/1066/757 912/1067/757
f 904/1058/758 905/1057/758 914/1068/758 913/1069/758
f 905/1057/759 906/1059/759 915/1070/759 914/1068/759
f 906/1059/760 907/1060/760 916/1071/760 915/1070/760
f 907/1060/761 908/1061/761 917/1072/761 916/1071/761
f 908/1061/762 909/1062/762 918/1073/762 917/1072/762
f 909/1062/763 910/1063/763 919/1074/763 918/1073/763
f 910/1063/764 911/1064/764 920/1075/764 919/1074/764
f 911/1064/765 912/1065/765 921/1076/765 920/1075/765
f 912/1067/766 1008/1066/766 1009/1077/766 921/1078/766
f 913/1069/767 914/1068/767 923/1079/767 922/1080/767
f 914/1068/768 915/1070/768 924/1081/768 923/1079/768
f 915/1070/769 916/1071/769 925/1082/769 924/1081/769
f 916/1071/770 917/1072/770 926/1083/770 925/1082/770
f 917/1072/771 918/1073/771 927/1084/771 926/1083/771
f 918/1073/772 919/1074/772 928/1085/772 927/1084/772
f 919/1074/773 920/1075/773 929/1086/773 928/1085/773
f 920/1075/774 921/1076/774 930/1087/774 929/1086/774
f 921/1078/775 1009/1077/775 1010/1088/775 930/1089/775
f 849/154/776 931/1090/776 940/1091/776 939/1092/776
f 931/1090/777 932/1093/777 941/1094/777 940/1091/777
f 932/1093/778 933/1095/778 942/1096/778 941/1094/778
f 933/1095/779 934/1097/779 943/1098/779 942/1096/779
f 934/1097/780 935/1099/780 944/1100/780 943/1098/780
f 935/1099/781 936/1101/781 945/1102/781 944/1100/781
f 936/1101/782 937/1103/782 946/1104/782 945/1102/782
f 937/1103/783 938/1105/783 947/1106/783 946/1104/783
f 938/1105/784 1082/1107/784 1083/1108/784 947/1106/784
f 939/1092/785 940/1091/785 949/1109/785 948/1110/785
f 940/1091/786 941/1094/786 950/1111/786 949/1109/786
f 941/1094/787 942/1096/787 951/1112/787 950/1111/787
f 942/1096/788 943/1098/788 952/1113/788 951/1112/788
f 943/1098/789 944/1100/789 953/1114/789 952/1113/789
f 944/1100/790 945/1102/790 954/1115/790 953/1114/790
f 945/1102/791 946/1104/791 955/1116/791 954/1115/791
f 946/1104/792 947/1106/792 956/1117/792 955/1116/792
f 947/1106/793 1083/1108/793 1084/1118/793 956/1117/793
f 948/1110/794 949/1109/794 958/1119/794 957/1120/794
f 949/1109/795 950/1111/795 959/1121/795 958/1119/795
f 950/1111/796 951/1112/796 960/1122/796 959/1121/796
f 951/1112/797 952/1113/797 961/1123/797 960/1122/797
f 952/1113/798 953/1114/798 962/1124/798 961/1123/798
f 953/1114/799 954/1115/799 963/1125/799 962/1124/799
f 954/1115/800 955/1116/800 964/1126/800 963/1125/800
f 955/1116/801 956/1117/801 965/1127/801 964/1126/801
f 956/1117/802 1084/1118/802 1085/1128/802 965/1127/802
f 957/1120/803 958/1119/803 967/1129/803 966/1130/803
f 958/1119/804 959/1121/804 968/1131/804 967/1129/804
f 959/1121/805 960/1122/805 969/1132/805 968/1131/805
f 960/1122/806 961/1123/806 970/1133/806 969/1132/806
f 961/1123/807 962/1124/807 971/1134/807 970/1133/807
f 962/1124/808 963/1125/808 972/1135/808 971/1134/808
f 963/1125/809 964/1126/809 973/1136/809 972/1135/809
f 964/1126/810 965/1127/810 974/1137/810 973/1136/810
f 965/1127/811 1085/1128/811 1086/1138/811 974/1137/811
f 966/1130/812 967/1129/812 976/1139/812 975/1140/812
f 967/1129/813 968/1131/813 977/1141/813 976/1139/813
f 968/1131/814 969/1132/814 978/1142/814 977/1141/814
f 969/1132/815 970/1133/815 979/1143/815 978/1142/815
f 970/1133/816 971/1134/816 980/1144/816 979/1143/816
f 971/1134/817 972/1135/817 981/1145/817 980/1144/817
f 972/1135/818 973/1136/818 982/1146/818 981/1145/818
f 973/1136/819 974/1137/819 983/1147/819 982/1146/819
f 974/1137/820 1086/1138/820 1087/1148/820 983/1147/820
f 975/1140/821 976/1139/821 985/1149/821 984/1150/821
f 976/1139/822 977/1141/822 986/1151/822 985/1149/822
f 977/1141/823 978/1142/823 987/1152/823 986/1151/823
f 978/1142/824 979/1143/824 988/1153/824 987/1152/824
f 979/1143/825 980/1144/825 989/1154/825 988/1153/825
f 980/1144/826 981/1145/826 990/1155/826 989/1154/826
f 981/1145/827 982/1146/827 991/1156/827 990/1155/827
f 982/1146/828 983/1147/828 992/1157/828 991/1156/828
f 983/1147/829 1087/1148/829 1088/1158/829 992/1157/829
f 984/1150/830 985/1149/830 994/1159/830 993/1160/830
f 985/1149/831 986/1151/831 995/1161/831 994/1159/831
f 986/1151/832 987/1152/832 996/1162/832 995/1161/832
f 987/1152/833 988/1153/833 997/1163/833 996/1162/833
f 988/1153/834 989/1154/834 998/1164/834 997/1163/834
f 989/1154/835 990/1155/835 999/1165/835 998/1164/835
f 990/1155/836 991/1156/836 1000/1166/836 999/1165/836
f 991/1156/837 992/1157/837 1001/1167/837 1000/1166/837
f 992/1157/838 1088/1158/838 1089/1168/838 1001/1167/838
f 993/1160/839 994/1159/839 1003/1011/839 1002/1010/839
f 994/1159/840 995/1161/840 1004/1022/840 1003/1011/840
f 995/1161/841 996/1162/841 1005/1033/841 1004/1022/841
f 996/1162/842 997/1163/842 1006/1044/842 1005/1033/842
f 997/1163/843 998/1164/843 1007/1055/843 1006/1044/843
f 998/1164/844 999/1165/844 1008/1066/844 1007/1055/844
f 999/1165/845 1000/1166/845 1009/1077/845 1008/1066/845
f 1000/1166/846 1001/1167/846 1010/1088/846 1009/1077/846
f 1001/1167/847 1089/1168/847 1090/1169/847 1010/1088/847
f 850/139/848 1011/1170/848 1020/1171/848 1019/1172/848
f 1011/1170/849 1012/1173/849 1021/1174/849 1020/1171/849
f 1012/1173/850 1013/1175/850 1022/1176/850 1021/1174/850
f 1013/1175/851 1014/1177/851 1023/1178/851 1022/1176/851
f 1014/1177/852 1015/1179/852 1024/1180/852 1023/1178/852
f 1015/1179/853 1016/1181/853 1025/1182/853 1024/1180/853
f 1016/1181/854 1017/1183/854 1026/1184/854 1025/1182/854
f 1017/1183/855 1018/1185/855 1027/1186/855 1026/1184/855
f 1018/1185/856 922/1080/856 923/1079/856 1027/1186/856
f 1019/1172/857 1020/1171/857 1029/1187/857 1028/1188/857
f 1020/1171/858 1021/1174/858 1030/1189/858 1029/1187/858
f 1021/1174/859 1022/1176/859 1031/1190/859 1030/1189/859
f 1022/1176/860 1023/1178/860 1032/1191/860 1031/1190/860
f 1023/1178/861 1024/1180/861 1033/1192/861 1032/1191/861
f 1024/1180/862 1025/1182/862 1034/1193/862 1033/1192/862
f 1025/1182/863 1026/1184/863 1035/1194/863 1034/1193/863
f 1026/1184/864 1027/1186/864 1036/1195/864 1035/1194/864
f 1027/1186/865 923/1079/865 924/1081/865 1036/1195/865
f 1028/1188/866 1029/1187/866 1038/1196/866 1037/1197/866
f 1029/1187/867 1030/1189/867 1039/1198/867 1038/1196/867
f 1030/1189/868 1031/1190/868 1040/1199/868 1039/1198/868
f 1031/1190/869 1032/1191/869 1041/1200/869 1040/1199/869
f 1032/1191/870 1033/1192/870 1042/1201/870 1041/1200/870
f 1033/1192/871 1034/1193/871 1043/1202/871 1042/1201/871
f 1034/1193/872 1035/1194/872 1044/1203/872 1043/1202/872
f 1035/1194/873 1036/1195/873 1045/1204/873 1044/1203/873
f 1036/1195/874 924/1081/874 925/1082/874 1045/1204/874
f 1037/1197/875 1038/1196/875 1047/1205/875 1046/1206/875
f 1038/1196/876 1039/1198/876 1048/1207/876 1047/1205/876
f 1039/1198/877 1040/1199/877 1049/1208/877 1048/1207/877
f 1040/1199/878 1041/1200/878 1050/1209/878 1049/1208/878
f 1041/1200/879 1042/1201/879 1051/1210/879 1050/1209/879
f 1042/1201/880 1043/1202/880 1052/1211/880 1051/1210/880
f 1043/1202/881 1044/1203/881 1053/1212/881 1052/1211/881
f 1044/1203/882 1045/1204/882 1054/1213/882 1053/1212/882
f 1045/1204/883 925/1082/883 926/1083/883 1054/1213/883
f 1046/1206/884 1047/1205/884 1056/1214/884 1055/1215/884
f 1047/1205/885 1048/1207/885 1057/1216/885 1056/1214/885
f 1048/1207/886 1049/1208/886 1058/1217/886 1057/1216/886
f 1049/1208/887 1050/1209/887 1059/1218/887 1058/1217/887
f 1050/1209/888 1051/1210/888 1060/1219/888 1059/1218/888
f 1051/1210/889 1052/1211/889 1061/1220/889 1060/1219/889
f 1052/1211/890 1053/1212/890 1062/1221/890 1061/1220/890
f 1053/1212/891 1054/1213/891 1063/1222/891 1062/1221/891
f 1054/1213/892 926/1083/892 927/1084/892 1063/1222/892
f 1055/1215/893 1056/1214/893 1065/1223/893 1064/1224/893
f 1056/1214/894 1057/1216/894 1066/1225/894 1065/1223/894
f 1057/1216/895 1058/1217/895 1067/1226/895 1066/1225/895
f 1058/1217/896 1059/1218/896 1068/1227/896 1067/1226/896
f 1059/1218/897 1060/1219/897 1069/1228/897 1068/1227/897
f 1060/1219/898 1061/1220/898 1070/1229/898 1069/1228/898
f 1061/1220/899 1062/1221/899 1071/1230/899 1070/1229/899
f 1062/1221/900 1063/1222/900 1072/1231/900 1071/1230/900
f 1063/1222/901 927/1084/901 928/1085/901 1072/1231/901
f 1064/1224/902 1065/1223/902 1074/1232/902 1073/1233/902
f 1065/1223/903 1066/1225/903 1075/1234/903 1074/1232/903
f 1066/1225/904 1067/1226/904 1076/1235/904 1075/1234/904
f 1067/1226/905 1068/1227/905 1077/1236/905 1076/1235/905
f 1068/1227/906 1069/1228/906 1078/1237/906 1077/1236/906
f 1069/1228/907 1070/1229/907 1079/1238/907 1078/1237/907
f 1070/1229/908 1071/1230/908 1080/1239/908 1079/1238/908
f 1071/1230/909 1072/1231/909 1081/1240/909 1080/1239/909
f 1072/1231/910 928/1085/910 929/1086/910 1081/1240/910
f 1073/1233/911 1074/1232/911 1083/1108/911 1082/1107/911
f 1074/1232/912 1075/1234/912 1084/1118/912 1083/1108/912
f 1075/1234/913 1076/1235/913 1085/1128/913 1084/1118/913
f 1076/1235/914 1077/1236/914 1086/1138/914 1085/1128/914
f 1077/1236/915 1078/1237/915 1087/1148/915 1086/1138/915
f 1078/1237/916 1079/1238/916 1088/1158/916 1087/1148/916
f 1079/1238/917 1080/1239/917 1089/1168/917 1088/1158/917
f 1080/1239/918 1081/1240/918 1090/1169/918 1089/1168/918
f 1081/1240/919 929/1086/919 930/1087/919 1090/1169/919
f 930/1089/920 1010/1088/920 1090/1241/920
f 1181/162/921 1185/1242/921 1194/1243/921 1193/1244/921
f 1185/1242/922 1186/1245/922 1195/1246/922 1194/1243/922
f 1186/1245/923 1187/1247/923 1196/1248/923 1195/1246/923
f 1187/1247/924 1188/1249/924 1197/1250/924 1196/1248/924
f 1188/1249/925 1189/1251/925 1198/1252/925 1197/1250/925
f 1189/1251/926 1190/1253/926 1199/1254/926 1198/1252/926
f 1190/1253/927 1191/1255/927 1200/1256/927 1199/1254/927
f 1191/1255/928 1192/1257/928 1201/1258/928 1200/1256/928
f 1192/1257/929 1336/1259/929 1337/1260/929 1201/1258/929
f 1193/1244/930 1194/1243/930 1203/1261/930 1202/1262/930
f 1194/1243/931 1195/1246/931 1204/1263/931 1203/1261/931
f 1195/1246/932 1196/1248/932 1205/1264/932 1204/1263/932
f 1196/1248/933 1197/1250/933 1206/1265/933 1205/1264/933
f 1197/1250/934 1198/1252/934 1207/1266/934 1206/1265/934
f 1198/1252/935 1199/1254/935 1208/1267/935 1207/1266/935
f 1199/1254/936 1200/1256/936 1209/1268/936 1208/1267/936
f 1200/1256/937 1201/1258/937 1210/1269/937 1209/1268/937
f 1201/1258/938 1337/1260/938 1338/1270/938 1210/1269/938
f 1202/1262/939 1203/1261/939 1212/1271/939 1211/1272/939
f 1203/1261/940 1204/1263/940 1213/1273/940 1212/1271/940
f 1204/1263/941 1205/1264/941 1214/1274/941 1213/1273/941
f 1205/1264/942 1206/1265/942 1215/1275/942 1214/1274/942
f 1206/1265/943 1207/1266/943 1216/1276/943 1215/1275/943
f 1207/1266/944 1208/1267/944 1217/1277/944 1216/1276/944
f 1208/1267/945 1209/1268/945 1218/1278/945 1217/1277/945
f 1209/1268/946 1210/1269/946 1219/1279/946 1218/1278/946
f 1210/1269/947 1338/1270/947 1339/1280/947 1219/1279/947
f 1211/1272/948 1212/1271/948 1221/1281/948 1220/1282/948
f 1212/1271/949 1213/1273/949 1222/1283/949 1221/1281/949
f 1213/1273/950 1214/1274/950 1223/1284/950 1222/1283/950
f 1214/1274/951 1215/1275/951 1224/1285/951 1223/1284/951
f 1215/1275/952 1216/1276/952 1225/1286/952 1224/1285/952
f 1216/1276/953 1217/1277/953 1226/1287/953 1225/1286/953
f 1217/1277/954 1218/1278/954 1227/1288/954 1226/1287/954
f 1218/1278/955 1219/1279/955 1228/1289/955 1227/1288/955
f 1219/1279/956 1339/1280/956 1340/1290/956 1228/1289/956
f 1220/1282/957 1221/1281/957 1230/1291/957 1229/1292/957
f 1221/1281/958 1222/1283/958 1231/1293/958 1230/1291/958
f 1222/1283/959 1223/1284/959 1232/1294/959 1231/1293/959
f 1223/1284/960 1224/1285/960 1233/1295/960 1232/1294/960
f 1224/1285/961 1225/1286/961 1234/1296/961 1233/1295/961
f 1225/1286/962 1226/1287/962 1235/1297/962 1234/1296/962
f 1226/1287/963 1227/1288/963 1236/1298/963 1235/1297/963
f 1227/1288/964 1228/1289/964 1237/1299/964 1236/1298/964
f 1228/1289/965 1340/1290/965 1341/1300/965 1237/1299/965
f 1229/1292/966 1230/1291/966 1239/1301/966 1238/1302/966
f 1230/1291/967 1231/1293/967 1240/1303/967 1239/1301/967
f 1231/1293/968 1232/1294/968 1241/1304/968 1240/1303/968
f 1232/1294/969 1233/1295/969 1242/1305/969 1241/1304/969
f 1233/1295/970 1234/1296/970 1243/1306/970 1242/1305/970
f 1234/1296/971 1235/1297/971 1244/1307/971 1243/1306/971
f 1235/1297/972 1236/1298/972 1245/1308/972 1244/1307/972
f 1236/1298/973 1237/1299/973 1246/1309/973 1245/1308/973
f 1237/1299/974 1341/1300/974 1342/1310/974 1246/1309/974
f 1238/1302/975 1239/1301/975 1248/1311/975 1247/1312/975
f 1239/1301/976 1240/1303/976 1249/1313/976 1248/1311/976
f 1240/1303/977 1241/1304/977 1250/1314/977 1249/1313/977
f 1241/1304/978 1242/1305/978 1251/1315/978 1250/1314/978
f 1242/1305/979 1243/1306/979 1252/1316/979 1251/1315/979
f 1243/1306/980 1244/1307/980 1253/1317/980 1252/1316/980
f 1244/1307/981 1245/1308/981 1254/1318/981 1253/1317/981
f 1245/1308/982 1246/1309/982 1255/1319/982 1254/1318/982
f 1246/1309/983 1342/1310/983 1343/1320/983 1255/1319/983
f 1247/1312/984 1248/1311/984 1257/1321/984 1256/1322/984
f 1248/1311/985 1249/1313/985 1258/1323/985 1257/1321/985
f 1249/1313/986 1250/1314/986 1259/1324/986 1258/1323/986
f 1250/1314/987 1251/1315/987 1260/1325/987 1259/1324/987
f 1251/1315/988 1252/1316/988 1261/1326/988 1260/1325/988
f 1252/1316/989 1253/1317/989 1262/1327/989 1261/1326/989
f 1253/1317/990 1254/1318/990 1263/1328/990 1262/1327/990
f 1254/1318/991 1255/1319/991 1264/1329/991 1263/1328/991
f 1255/1319/992 1343/1320/992 1344/1330/992 1264/1329/992
f 1182/169/993 1265/1331/993 1274/1332/993 1273/1333/993
f 1265/1331/994 1266/1334/994 1275/1335/994 1274/1332/994
f 1266/1334/995 1267/1336/995 1276/1337/995 1275/1335/995
f 1267/1336/996 1268/1338/996 1277/1339/996 1276/1337/996
f 1268/1338/997 1269/1340/997 1278/1341/997 1277/1339/997
f 1269/1340/998 1270/1342/998 1279/1343/998 1278/1341/998
f 1270/1342/999 1271/1344/999 1280/1345/999 1279/1343/999
f 1271/1344/1000 1272/1346/1000 1281/1347/1000 1280/1345/1000
f 1272/1346/1001 1416/1348/1001 1417/1349/1001 1281/1347/1001
f 1273/1333/1002 1274/1332/1002 1283/1350/1002 1282/1351/1002
f 1274/1332/1003 1275/1335/1003 1284/1352/1003 1283/1350/1003
f 1275/1335/1004 1276/1337/1004 1285/1353/1004 1284/1352/1004
f 1276/1337/1005 1277/1339/1005 1286/1354/1005 1285/1353/1005
f 1277/1339/1006 1278/1341/1006 1287/1355/1006 1286/1354/1006
f 1278/1341/1007 1279/1343/1007 1288/1356/1007 1287/1355/1007
f 1279/1343/1008 1280/1345/1008 1289/1357/1008 1288/1356/1008
f 1280/1345/1009 1281/1347/1009 1290/1358/1009 1289/1357/1009
f 1281/1347/1010 1417/1349/1010 1418/1359/1010 1290/1358/1010
f 1282/1351/1011 1283/1350/1011 1292/1360/1011 1291/1361/1011
f 1283/1350/1012 1284/1352/1012 1293/1362/1012 1292/1360/1012
f 1284/1352/1013 1285/1353/1013 1294/1363/1013 1293/1362/1013
f 1285/1353/1014 1286/1354/1014 1295/1364/1014 1294/1363/1014
f 1286/1354/1015 1287/1355/1015 1296/1365/1015 1295/1364/1015
f 1287/1355/1016 1288/1356/1016 1297/1366/1016 1296/1365/1016
f 1288/1356/1017 1289/1357/1017 1298/1367/1017 1297/1366/1017
f 1289/1357/1018 1290/1358/1018 1299/1368/1018 1298/1367/1018
f 1290/1358/1019 1418/1359/1019 1419/1369/1019 1299/1368/1019
f 1291/1361/1020 1292/1360/1020 1301/1370/1020 1300/1371/1020
f 1292/1360/1021 1293/1362/1021 1302/1372/1021 1301/1370/1021
f 1293/1362/1022 1294/1363/1022 1303/1373/1022 1302/1372/1022
f 1294/1363/1023 1295/1364/1023 1304/1374/1023 1303/1373/1023
f 1295/1364/1024 1296/1365/1024 1305/1375/1024 1304/1374/1024
f 1296/1365/1025 1297/1366/1025 1306/1376/1025 1305/1375/1025
f 1297/1366/1026 1298/1367/1026 1307/1377/1026 1306/1376/1026
f 1298/1367/1027 1299/1368/1027 1308/1378/1027 1307/1377/1027
f 1299/1368/1028 1419/1369/1028 1420/1379/1028 1308/1378/1028
f 1300/1371/1029 1301/1370/1029 1310/1380/1029 1309/1381/1029
f 1301/1370/1030 1302/1372/1030 1311/1382/1030 1310/1380/1030
f 1302/1372/1031 1303/1373/1031 1312/1383/1031 1311/1382/1031
f 1303/1373/1032 1304/1374/1032 1313/1384/1032 1312/1383/1032
f 1304/1374/1033 1305/1375/1033 1314/1385/1033 1313/1384/1033
f 1305/1375/1034 1306/1376/1034 1315/1386/1034 1314/1385/1034
f 1306/1376/1035 1307/1377/1035 1316/1387/1035 1315/1386/1035
f 1307/1377/1036 1308/1378/1036 1317/1388/1036 1316/1387/1036
f 1308/1378/1037 1420/1379/1037 1421/1389/1037 1317/1388/1037
f 1309/1381/1038 1310/1380/1038 1319/1390/1038 1318/1391/1038
f 1310/1380/1039 1311/1382/1039 1320/1392/1039 1319/1390/1039
f 1311/1382/1040 1312/1383/1040 1321/1393/1040 1320/1392/1040
f 1312/1383/1041 1313/1384/1041 1322/1394/1041 1321/1393/1041
f 1313/1384/1042 1314/1385/1042 1323/1395/1042 1322/1394/1042
f 1314/1385/1043 1315/1386/1043 1324/1396/1043 1323/1395/1043
f 1315/1386/1044 1316/1387/1044 1325/1397/1044 1324/1396/1044
f 1316/1387/1045 1317/1388/1045 1326/1398/1045 1325/1397/1045
f 1317/1388/1046 1421/1389/1046 1422/1399/1046 1326/1398/1046
f 1318/1391/1047 1319/1390/1047 1328/1400/1047 1327/1401/1047
f 1319/1390/1048 1320/1392/1048 1329/1402/1048 1328/1400/1048
f 1320/1392/1049 1321/1393/1049 1330/1403/1049 1329/1402/1049
f 1321/1393/1050 1322/1394/1050 1331/1404/1050 1330/1403/1050
f 1322/1394/1051 1323/1395/1051 1332/1405/1051 1331/1404/1051
f 1323/1395/1052 1324/1396/1052 1333/1406/1052 1332/1405/1052
f 1324/1396/1053 1325/1397/1053 1334/1407/1053 1333/1406/1053
f 1325/1397/1054 1326/1398/1054 1335/1408/1054 1334/1407/1054
f 1326/1398/1055 1422/1399/1055 1423/1409/1055 1335/1408/1055
f 1327/1401/1056 1328/1400/1056 1337/1260/1056 1336/1259/1056
f 1328/1400/1057 1329/1402/1057 1338/1270/1057 1337/1260/1057
f 1329/1402/1058 1330/1403/1058 1339/1280/1058 1338/1270/1058
f 1330/1403/1059 1331/1404/1059 1340/1290/1059 1339/1280/1059
f 1331/1404/1060 1332/1405/1060 1341/1300/1060 1340/1290/1060
f 1332/1405/1061 1333/1406/1061 1342/1310/1061 1341/1300/1061
f 1333/1406/1062 1334/1407/1062 1343/1320/1062 1342/1310/1062
f 1334/1407/1063 1335/1408/1063 1344/1330/1063 1343/1320/1063
f 1335/1408/1064 1423/1409/1064 1424/1410/1064 1344/1330/1064
f 1183/166/1065 1345/1411/1065 1354/1412/1065 1353/1413/1065
f 1345/1411/1066 1346/1414/1066 1355/1415/1066 1354/1412/1066
f 1346/1414/1067 1347/1416/1067 1356/1417/1067 1355/1415/1067
f 1347/1416/1068 1348/1418/1068 1357/1419/1068 1356/1417/1068
f 1348/1418/1069 1349/1420/1069 1358/1421/1069 1357/1419/1069
f 1349/1420/1070 1350/1422/1070 1359/1423/1070 1358/1421/1070
f 1350/1422/1071 1351/1424/1071 1360/1425/1071 1359/1423/1071
f 1351/1424/1072 1352/1426/1072 1361/1427/1072 1360/1425/1072
f 1352/1426/1073 1496/1428/1073 1497/1429/1073 1361/1427/1073
f 1353/1413/1074 1354/1412/1074 1363/1430/1074 1362/1431/1074
f 1354/1412/1075 1355/1415/1075 1364/1432/1075 1363/1430/1075
f 1355/1415/1076 1356/1417/1076 1365/1433/1076 1364/1432/1076
f 1356/1417/1077 1357/1419/1077 1366/1434/1077 1365/1433/1077
f 1357/1419/1078 1358/1421/1078 1367/1435/1078 1366/1434/1078
f 1358/1421/1079 1359/1423/1079 1368/1436/1079 1367/1435/1079
f 1359/1423/1080 1360/1425/1080 1369/1437/1080 1368/1436/1080
f 1360/1425/1081 1361/1427/1081 1370/1438/1081 1369/1437/1081
f 1361/1427/1082 1497/1429/1082 1498/1439/1082 1370/1438/1082
f 1362/1431/1083 1363/1430/1083 1372/1440/1083 1371/1441/1083
f 1363/1430/1084 1364/1432/1084 1373/1442/1084 1372/1440/1084
f 1364/1432/1085 1365/1433/1085 1374/1443/1085 1373/1442/1085
f 1365/1433/1086 1366/1434/1086 1375/1444/1086 1374/1443/1086
f 1366/1434/1087 1367/1435/1087 1376/1445/1087 1375/1444/1087
f 1367/1435/1088 1368/1436/1088 1377/1446/1088 1376/1445/1088
f 1368/1436/1089 1369/1437/1089 1378/1447/1089 1377/1446/1089
f 1369/1437/1090 1370/1438/1090 1379/1448/1090 1378/1447/1090
f 1370/1438/1091 1498/1439/1091 1499/1449/1091 1379/1448/1091
f 1371/1441/1092 1372/1440/1092 1381/1450/1092 1380/1451/1092
f 1372/1440/1093 1373/1442/1093 1382/1452/1093 1381/1450/1093
f 1373/1442/1094 1374/1443/1094 1383/1453/1094 1382/1452/1094
f 1374/1443/1095 1375/1444/1095 1384/1454/1095 1383/1453/1095
f 1375/1444/1096 1376/1445/1096 1385/1455/1096 1384/1454/1096
f 1376/1445/1097 1377/1446/1097 1386/1456/1097 1385/1455/1097
f 1377/1446/1098 1378/1447/1098 1387/1457/1098 1386/1456/1098
f 1378/1447/1099 1379/1448/1099 1388/1458/1099 1387/1457/1099
f 1379/1448/1100 1499/1449/1100 1500/1459/1100 1388/1458/1100
f 1380/1451/1101 1381/1450/1101 1390/1460/1101 1389/1461/1101
f 1381/1450/1102 1382/1452/1102 1391/1462/1102 1390/1460/1102
f 1382/1452/1103 1383/1453/1103 1392/1463/1103 1391/1462/1103
f 1383/1453/1104 1384/1454/1104 1393/1464/1104 1392/1463/1104
f 1384/1454/1105 1385/1455/1105 1394/1465/1105 1393/1464/1105
f 1385/1455/1106 1386/1456/1106 1395/1466/1106 1394/1465/1106
f 1386/1456/1107 1387/1457/1107 1396/1467/1107 1395/1466/1107
f 1387/1457/1108 1388/1458/1108 1397/1468/1108 1396/1467/1108
f 1388/1458/1109 1500/1459/1109 1501/1469/1109 1397/1468/1109
f 1389/1461/1110 1390/1460/1110 1399/1470/1110 1398/1471/1110
f 1390/1460/1111 1391/1462/1111 1400/1472/1111 1399/1470/1111
f 1391/1462/1112 1392/1463/1112 1401/1473/1112 1400/1472/1112
f 1392/1463/1113 1393/1464/1113 1402/1474/1113 1401/1473/1113
f 1393/1464/1114 1394/1465/1114 1403/1475/1114 1402/1474/1114
f 1394/1465/1115 1395/1466/1115 1404/1476/1115 1403/1475/1115
f 1395/1466/1116 1396/1467/1116 1405/1477/1116 1404/1476/1116
f 1396/1467/1117 1397/1468/1117 1406/1478/1117 1405/1477/1117
f 1397/1468/1118 1501/1469/1118 1502/1479/1118 1406/1478/1118
f 1398/1471/1119 1399/1470/1119 1408/1480/1119 1407/1481/1119
f 1399/1470/1120 1400/1472/1120 1409/1482/1120 1408/1480/1120
f 1400/1472/1121 1401/1473/1121 1410/1483/1121 1409/1482/1121
f 1401/1473/1122 1402/1474/1122 1411/1484/1122 1410/1483/1122
f 1402/1474/1123 1403/1475/1123 1412/1485/1123 1411/1484/1123
f 1403/1475/1124 1404/1476/1124 1413/1486/1124 1412/1485/1124
f 1404/1476/1125 1405/1477/1125 1414/1487/1125 1413/1486/1125
f 1405/1477/1126 1406/1478/1126 1415/1488/1126 1414/1487/1126
f 1406/1478/1127 1502/1479/1127 1503/1489/1127 1415/1488/1127
f 1407/1481/1128 1408/1480/1128 1417/1490/1128 1416/1491/1128
f 1408/1480/1129 1409/1482/1129 1418/1492/1129 1417/1490/1129
f 1409/1482/1130 1410/1483/1130 1419/1493/1130 1418/1492/1130
f 1410/1483/1131 1411/1484/1131 1420/1494/1131 1419/1493/1131
f 1411/1484/1132 1412/1485/1132 1421/1495/1132 1420/1494/1132
f 1412/1485/1133 1413/1486/1133 1422/1496/1133 1421/1495/1133
f 1413/1486/1134 1414/1487/1134 1423/1497/1134 1422/1496/1134
f 1414/1487/1135 1415/1488/1135 1424/1498/1135 1423/1497/1135
f 1415/1488/1136 1503/1489/1136 1504/1499/1136 1424/1498/1136
f 1184/186/1137 1425/1500/1137 1434/1501/1137 1433/1502/1137
f 1425/1500/1138 1426/1503/1138 1435/1504/1138 1434/1501/1138
f 1426/1503/1139 1427/1505/1139 1436/1506/1139 1435/1504/1139
f 1427/1505/1140 1428/1507/1140 1437/1508/1140 1436/1506/1140
f 1428/1507/1141 1429/1509/1141 1438/1510/1141 1437/1508/1141
f 1429/1509/1142 1430/1511/1142 1439/1512/1142 1438/1510/1142
f 1430/1511/1143 1431/1513/1143 1440/1514/1143 1439/1512/1143
f 1431/1513/1144 1432/1515/1144 1441/1516/1144 1440/1514/1144
f 1432/1517/1145 1256/1322/1145 1257/1321/1145 1441/1518/1145
f 1433/1502/1146 1434/1501/1146 1443/1519/1146 1442/1520/1146
f 1434/1501/1147 1435/1504/1147 1444/1521/1147 1443/1519/1147
f 1435/1504/1148 1436/1506/1148 1445/1522/1148 1444/1521/1148
f 1436/1506/1149 1437/1508/1149 1446/1523/1149 1445/1522/1149
f 1437/1508/1150 1438/1510/1150 1447/1524/1150 1446/1523/1150
f 1438/1510/1151 1439/1512/1151 1448/1525/1151 1447/1524/1151
f 1439/1512/1152 1440/1514/1152 1449/1526/1152 1448/1525/1152
f 1440/1514/1153 1441/1516/1153 1450/1527/1153 1449/1526/1153
f 1441/1518/1154 1257/1321/1154 1258/1323/1154 1450/1528/1154
f 1442/1520/1155 1443/1519/1155 1452/1529/1155 1451/1530/1155
f 1443/1519/1156 1444/1521/1156 1453/1531/1156 1452/1529/1156
f 1444/1521/1157 1445/1522/1157 1454/1532/1157 1453/1531/1157
f 1445/1522/1158 1446/1523/1158 1455/1533/1158 1454/1532/1158
f 1446/1523/1159 1447/1524/1159 1456/1534/1159 1455/1533/1159
f 1447/1524/1160 1448/1525/1160 1457/1535/1160 1456/1534/1160
f 1448/1525/1161 1449/1526/1161 1458/1536/1161 1457/1535/1161
f 1449/1526/1162 1450/1527/1162 1459/1537/1162 1458/1536/1162
f 1450/1528/1163 1258/1323/1163 1259/1324/1163 1459/1538/1163
f 1451/1530/1164 1452/1529/1164 1461/1539/1164 1460/1540/1164
f 1452/1529/1165 1453/1531/1165 1462/1541/1165 1461/1539/1165
f 1453/1531/1166 1454/1532/1166 1463/1542/1166 1462/1541/1166
f 1454/1532/1167 1455/1533/1167 1464/1543/1167 1463/1542/1167
f 1455/1533/1168 1456/1534/1168 1465/1544/1168 1464/1543/1168
f 1456/1534/1169 1457/1535/1169 1466/1545/1169 1465/1544/1169
f 1457/1535/1170 1458/1536/1170 1467/1546/1170 1466/1545/1170
f 1458/1536/1171 1459/1537/1171 1468/1547/1171 1467/1546/1171
f 1459/1538/1172 1259/1324/1172 1260/1325/1172 1468/1548/1172
f 1460/1540/1173 1461/1539/1173 1470/1549/1173 1469/1550/1173
f 1461/1539/1174 1462/1541/1174 1471/1551/1174 1470/1549/1174
f 1462/1541/1175 1463/1542/1175 1472/1552/1175 1471/1551/1175
f 1463/1542/1176 1464/1543/1176 1473/1553/1176 1472/1552/1176
f 1464/1543/1177 1465/1544/1177 1474/1554/1177 1473/1553/1177
f 1465/1544/1178 1466/1545/1178 1475/1555/1178 1474/1554/1178
f 1466/1545/1179 1467/1546/1179 1476/1556/1179 1475/1555/1179
f 1467/1546/1180 1468/1547/1180 1477/1557/1180 1476/1556/1180
f 1468/1548/1181 1260/1325/1181 1261/1326/1181 1477/1558/1181
f 1469/1550/1182 1470/1549/1182 1479/1559/1182 1478/1560/1182
f 1470/1549/1183 1471/1551/1183 1480/1561/1183 1479/1559/1183
f 1471/1551/1184 1472/1552/1184 1481/1562/1184 1480/1561/1184
f 1472/1552/1185 1473/1553/1185 1482/1563/1185 1481/1562/1185
f 1473/1553/1186 1474/1554/1186 1483/1564/1186 1482/1563/1186
f 1474/1554/1187 1475/1555/1187 1484/1565/1187 1483/1564/1187
f 1475/1555/1188 1476/1556/1188 1485/1566/1188 1484/1565/1188
f 1476/1556/1189 1477/1557/1189 1486/1567/1189 1485/1566/1189
f 1477/1558/1190 1261/1326/1190 1262/1327/1190 1486/1568/1190
f 1478/1560/1191 1479/1559/1191 1488/1569/1191 1487/1570/1191
f 1479/1559/1192 1480/1561/1192 1489/1571/1192 1488/1569/1192
f 1480/1561/1193 1481/1562/1193 1490/1572/1193 1489/1571/1193
f 1481/1562/1194 1482/1563/1194 1491/1573/1194 1490/1572/1194
f 1482/1563/1195 1483/1564/1195 1492/1574/1195 1491/1573/1195
f 1483/1564/1196 1484/1565/1196 1493/1575/1196 1492/1574/1196
f 1484/1565/1197 1485/1566/1197 1494/1576/1197 1493/1575/1197
f 1485/1566/1198 1486/1567/1198 1495/1577/1198 1494/1576/1198
f 1486/1568/1199 1262/1327/1199 1263/1328/1199 1495/1578/1199
f 1487/1570/1200 1488/1569/1200 1497/1429/1200 1496/1428/1200
f 1488/1569/1201 1489/1571/1201 1498/1439/1201 1497/1429/1201
f 1489/1571/1202 1490/1572/1202 1499/1449/1202 1498/1439/1202
f 1490/1572/1203 1491/1573/1203 1500/1459/1203 1499/1449/1203
f 1491/1573/1204 1492/1574/1204 1501/1469/1204 1500/1459/1204
f 1492/1574/1205 1493/1575/1205 1502/1479/1205 1501/1469/1205
f 1493/1575/1206 1494/1576/1206 1503/1489/1206 1502/1479/1206
f 1494/1576/1207 1495/1577/1207 1504/1499/1207 1503/1489/1207
f 1495/1578/1208 1263/1328/1208 1264/1329/1208 1504/1579/1208
f 1264/1329/1209 1344/1580/1209 1424/1581/1209 1504/1579/1209
f 1505/157/1210 1509/1582/1210 1518/1583/1210 1517/1584/1210
f 1509/1582/1211 1510/1585/1211 1519/1586/1211 1518/1583/1211
f 1510/1585/1212 1511/1587/1212 1520/1588/1212 1519/1586/1212
f 1511/1587/1213 1512/1589/1213 1521/1590/1213 1520/1588/1213
f 1512/1589/1214 1513/1591/1214 1522/1592/1214 1521/1590/1214
f 1513/1591/1215 1514/1593/1215 1523/1594/1215 1522/1592/1215
f 1514/1593/1216 1515/1595/1216 1524/1596/1216 1523/1594/1216
f 1515/1595/1217 1516/1597/1217 1525/1598/1217 1524/1596/1217
f 1516/1597/1218 1660/1599/1218 1661/1600/1218 1525/1598/1218
f 1517/1584/1219 1518/1583/1219 1527/1601/1219 1526/1602/1219
f 1518/1583/1220 1519/1586/1220 1528/1603/1220 1527/1601/1220
f 1519/1586/1221 1520/1588/1221 1529/1604/1221 1528/1603/1221
f 1520/1588/1222 1521/1590/1222 1530/1605/1222 1529/1604/1222
f 1521/1590/1223 1522/1592/1223 1531/1606/1223 1530/1605/1223
f 1522/1592/1224 1523/1594/1224 1532/1607/1224 1531/1606/1224
f 1523/1594/1225 1524/1596/1225 1533/1608/1225 1532/1607/1225
f 1524/1596/1226 1525/1598/1226 1534/1609/1226 1533/1608/1226
f 1525/1598/1227 1661/1600/1227 1662/1610/1227 1534/1609/1227
f 1526/1602/1228 1527/1601/1228 1536/1611/1228 1535/1612/1228
f 1527/1601/1229 1528/1603/1229 1537/1613/1229 1536/1611/1229
f 1528/1603/1230 1529/1604/1230 1538/1614/1230 1537/1613/1230
f 1529/1604/1231 1530/1605/1231 1539/1615/1231 1538/1614/1231
f 1530/1605/1232 1531/1606/1232 1540/1616/1232 1539/1615/1232
f 1531/1606/1233 1532/1607/1233 1541/1617/1233 1540/1616/1233
f 1532/1607/1234 1533/1608/1234 1542/1618/1234 1541/1617/1234
f 1533/1608/1235 1534/1609/1235 1543/1619/1235 1542/1618/1235
f 1534/1609/1236 1662/1610/1236 1663/1620/1236 1543/1619/1236
f 1535/1612/1237 1536/1611/1237 1545/1621/1237 1544/1622/1237
f 1536/1611/1238 1537/1613/1238 1546/1623/1238 1545/1621/1238
f 1537/1613/1239 1538/1614/1239 1547/1624/1239 1546/1623/1239
f 1538/1614/1240 1539/1615/1240 1548/1625/1240 1547/1624/1240
f 1539/1615/1241 1540/1616/1241 1549/1626/1241 1548/1625/1241
f 1540/1616/1242 1541/1617/1242 1550/1627/1242 1549/1626/1242
f 1541/1617/1243 1542/1618/1243 1551/1628/1243 1550/1627/1243
f 1542/1618/1244 1543/1619/1244 1552/1629/1244 1551/1628/1244
f 1543/1619/1245 1663/1620/1245 1664/1630/1245 1552/1629/1245
f 1544/1622/1246 1545/1621/1246 1554/1631/1246 1553/1632/1246
f 1545/1621/1247 1546/1623/1247 1555/1633/1247 1554/1631/1247
f 1546/1623/1248 1547/1624/1248 1556/1634/1248 1555/1633/1248
f 1547/1624/1249 1548/1625/1249 1557/1635/1249 1556/1634/1249
f 1548/1625/1250 1549/1626/1250 1558/1636/1250 1557/1635/1250
f 1549/1626/1251 1550/1627/1251 1559/1637/1251 1558/1636/1251
f 1550/1627/1252 1551/1628/1252 1560/1638/1252 1559/1637/1252
f 1551/1628/1253 1552/1629/1253 1561/1639/1253 1560/1638/1253
f 1552/1629/1254 1664/1630/1254 1665/1640/1254 1561/1639/1254
f 1553/1632/1255 1554/1631/1255 1563/1641/1255 1562/1642/1255
f 1554/1631/1256 1555/1633/1256 1564/1643/1256 1563/1641/1256
f 1555/1633/1257 1556/1634/1257 1565/1644/1257 1564/1643/1257
f 1556/1634/1258 1557/1635/1258 1566/1645/1258 1565/1644/1258
f 1557/1635/1259 1558/1636/1259 1567/1646/1259 1566/1645/1259
f 1558/1636/1260 1559/1637/1260 1568/1647/1260 1567/1646/1260
f 1559/1637/1261 1560/1638/1261 1569/1648/1261 1568/1647/1261
f 1560/1638/1262 1561/1639/1262 1570/1649/1262 1569/1648/1262
f 1561/1639/1263 1665/1640/1263 1666/1650/1263 1570/1649/1263
f 1562/1642/1264 1563/1641/1264 1572/1651/1264 1571/1652/1264
f 1563/1641/1265 1564/1643/1265 1573/1653/1265 1572/1651/1265
f 1564/1643/1266 1565/1644/1266 1574/1654/1266 1573/1653/1266
f 1565/1644/1267 1566/1645/1267 1575/1655/1267 1574/1654/1267
f 1566/1645/1268 1567/1646/1268 1576/1656/1268 1575/1655/1268
f 1567/1646/1269 1568/1647/1269 1577/1657/1269 1576/1656/1269
f 1568/1647/1270 1569/1648/1270 1578/1658/1270 1577/1657/1270
f 1569/1648/1271 1570/1649/1271 1579/1659/1271 1578/1658/1271
f 1570/1649/1272 1666/1650/1272 1667/1660/1272 1579/1659/1272
f 1571/1652/1273 1572/1651/1273 1581/1661/1273 1580/1662/1273
f 1572/1651/1274 1573/1653/1274 1582/1663/1274 1581/1661/1274
f 1573/1653/1275 1574/1654/1275 1583/1664/1275 1582/1663/1275
f 1574/1654/1276 1575/1655/1276 1584/1665/1276 1583/1664/1276
f 1575/1655/1277 1576/1656/1277 1585/1666/1277 1584/1665/1277
f 1576/1656/1278 1577/1657/1278 1586/1667/1278 1585/1666/1278
f 1577/1657/1279 1578/1658/1279 1587/1668/1279 1586/1667/1279
f 1578/1658/1280 1579/1659/1280 1588/1669/1280 1587/1668/1280
f 1579/1659/1281 1667/1660/1281 1668/1670/1281 1588/1669/1281
f 1506/176/1282 1589/1671/1282 1598/1672/1282 1597/1673/1282
f 1589/1671/1283 1590/1674/1283 1599/1675/1283 1598/1672/1283
f 1590/1674/1284 1591/1676/1284 1600/1677/1284 1599/1675/1284
f 1591/1676/1285 1592/1678/1285 1601/1679/1285 1600/1677/1285
f 1592/1678/1286 1593/1680/1286 1602/1681/1286 1601/1679/1286
f 1593/1680/1287 1594/1682/1287 1603/1683/1287 1602/1681/1287
f 1594/1682/1288 1595/1684/1288 1604/1685/1288 1603/1683/1288
f 1595/1684/1289 1596/1686/1289 1605/1687/1289 1604/1685/1289
f 1596/1686/1290 1740/1688/1290 1741/1689/1290 1605/1687/1290
f 1597/1673/1291 1598/1672/1291 1607/1690/1291 1606/1691/1291
f 1598/1672/1292 1599/1675/1292 1608/1692/1292 1607/1690/1292
f 1599/1675/1293 1600/1677/1293 1609/1693/1293 1608/1692/1293
f 1600/1677/1294 1601/1679/1294 1610/1694/1294 1609/1693/1294
f 1601/1679/1295 1602/1681/1295 1611/1695/1295 1610/1694/1295
f 1602/1681/1296 1603/1683/1296 1612/1696/1296 1611/1695/1296
f 1603/1683/1297 1604/1685/1297 1613/1697/1297 1612/1696/1297
f 1604/1685/1298 1605/1687/1298 1614/1698/1298 1613/1697/1298
f 1605/1687/1299 1741/1689/1299 1742/1699/1299 1614/1698/1299
f 1606/1691/1300 1607/1690/1300 1616/1700/1300 1615/1701/1300
f 1607/1690/1301 1608/1692/1301 1617/1702/1301 1616/1700/1301
f 1608/1692/1302 1609/1693/1302 1618/1703/1302 1617/1702/1302
f 1609/1693/1303 1610/1694/1303 1619/1704/1303 1618/1703/1303
f 1610/1694/1304 1611/1695/1304 1620/1705/1304 1619/1704/1304
f 1611/1695/1305 1612/1696/1305 1621/1706/1305 1620/1705/1305
f 1612/1696/1306 1613/1697/1306 1622/1707/1306 1621/1706/1306
f 1613/1697/1307 1614/1698/1307 1623/1708/1307 1622/1707/1307
f 1614/1698/1308 1742/1699/1308 1743/1709/1308 1623/1708/1308
f 1615/1701/1309 1616/1700/1309 1625/1710/1309 1624/1711/1309
f 1616/1700/1310 1617/1702/1310 1626/1712/1310 1625/1710/1310
f 1617/1702/1311 1618/1703/1311 1627/1713/1311 1626/1712/1311
f 1618/1703/1312 1619/1704/1312 1628/1714/1312 1627/1713/1312
f 1619/1704/1313 1620/1705/1313 1629/1715/1313 1628/1714/1313
f 1620/1705/1314 1621/1706/1314 1630/1716/1314 1629/1715/1314
f 1621/1706/1315 1622/1707/1315 1631/1717/1315 1630/1716/1315
f 1622/1707/1316 1623/1708/1316 1632/1718/1316 1631/1717/1316
f 1623/1708/1317 1743/1709/1317 1744/1719/1317 1632/1718/1317
f 1624/1711/1318 1625/1710/1318 1634/1720/1318 1633/1721/1318
f 1625/1710/1319 1626/1712/1319 1635/1722/1319 1634/1720/1319
f 1626/1712/1320 1627/1713/1320 1636/1723/1320 1635/1722/1320
f 1627/1713/1321 1628/1714/1321 1637/1724/1321 1636/1723/1321
f 1628/1714/1322 1629/1715/1322 1638/1725/1322 1637/1724/1322
f 1629/1715/1323 1630/1716/1323 1639/1726/1323 1638/1725/1323
f 1630/1716/1324 1631/1717/1324 1640/1727/1324 1639/1726/1324
f 1631/1717/1325 1632/1718/1325 1641/1728/1325 1640/1727/1325
f 1632/1718/1326 1744/1719/1326 1745/1729/1326 1641/1728/1326
f 1633/1721/1327 1634/1720/1327 1643/1730/1327 1642/1731/1327
f 1634/1720/1328 1635/1722/1328 1644/1732/1328 1643/1730/1328
f 1635/1722/1329 1636/1723/1329 1645/1733/1329 1644/1732/1329
f 1636/1723/1330 1637/1724/1330 1646/1734/1330 1645/1733/1330
f 1637/1724/1331 1638/1725/1331 1647/1735/1331 1646/1734/1331
f 1638/1725/1332 1639/1726/1332 1648/1736/1332 1647/1735/1332
f 1639/1726/1333 1640/1727/1333 1649/1737/1333 1648/1736/1333
f 1640/1727/1334 1641/1728/1334 1650/1738/1334 1649/1737/1334
f 1641/1728/1335 1745/1729/1335 1746/1739/1335 1650/1738/1335
f 1642/1731/1336 1643/1730/1336 1652/1740/1336 1651/1741/1336
f 1643/1730/1337 1644/1732/1337 1653/1742/1337 1652/1740/1337
f 1644/1732/1338 1645/1733/1338 1654/1743/1338 1653/1742/1338
f 1645/1733/1339 1646/1734/1339 1655/1744/1339 1654/1743/1339
f 1646/1734/1340 1647/1735/1340 1656/1745/1340 1655/1744/1340
f 1647/1735/1341 1648/1736/1341 1657/1746/1341 1656/1745/1341
f 1648/1736/1342 1649/1737/1342 1658/1747/1342 1657/1746/1342
f 1649/1737/1343 1650/1738/1343 1659/1748/1343 1658/1747/1343
f 1650/1738/1344 1746/1739/1344 1747/1749/1344 1659/1748/1344
f 1651/1741/1345 1652/1740/1345 1661/1600/1345 1660/1599/1345
f 1652/1740/1346 1653/1742/1346 1662/1610/1346 1661/1600/1346
f 1653/1742/1347 1654/1743/1347 1663/1620/1347 1662/1610/1347
f 1654/1743/1348 1655/1744/1348 1664/1630/1348 1663/1620/1348
f 1655/1744/1349 1656/1745/1349 1665/1640/1349 1664/1630/1349
f 1656/1745/1350 1657/1746/1350 1666/1650/1350 1665/1640/1350
f 1657/1746/1351 1658/1747/1351 1667/1660/1351 1666/1650/1351
f 1658/1747/1352 1659/1748/1352 1668/1670/1352 1667/1660/1352
f 1659/1748/1353 1747/1749/1353 1748/1750/1353 1668/1670/1353
f 1507/198/1354 1669/1751/1354 1678/1752/1354 1677/1753/1354
f 1669/1751/1355 1670/1754/1355 1679/1755/1355 1678/1752/1355
f 1670/1754/1356 1671/1756/1356 1680/1757/1356 1679/1755/1356
f 1671/1756/1357 1672/1758/1357 1681/1759/1357 1680/1757/1357
f 1672/1758/1358 1673/1760/1358 1682/1761/1358 1681/1759/1358
f 1673/1760/1359 1674/1762/1359 1683/1763/1359 1682/1761/1359
f 1674/1762/1360 1675/1764/1360 1684/1765/1360 1683/1763/1360
f 1675/1764/1361 1676/1766/1361 1685/1767/1361 1684/1765/1361
f 1676/1766/1362 1820/1768/1362 1821/1769/1362 1685/1767/1362
f 1677/1753/1363 1678/1752/1363 1687/1770/1363 1686/1771/1363
f 1678/1752/1364 1679/1755/1364 1688/1772/1364 1687/1770/1364
f 1679/1755/1365 1680/1757/1365 1689/1773/1365 1688/1772/1365
f 1680/1757/1366 1681/1759/1366 1690/1774/1366 1689/1773/1366
f 1681/1759/1367 1682/1761/1367 1691/1775/1367 1690/1774/1367
f 1682/1761/1368 1683/1763/1368 1692/1776/1368 1691/1775/1368
f 1683/1763/1369 1684/1765/1369 1693/1777/1369 1692/1776/1369
f 1684/1765/1370 1685/1767/1370 1694/1778/1370 1693/1777/1370
f 1685/1767/1371 1821/1769/1371 1822/1779/1371 1694/1778/1371
f 1686/1771/1372 1687/1770/1372 1696/1780/1372 1695/1781/1372
f 1687/1770/1373 1688/1772/1373 1697/1782/1373 1696/1780/1373
f 1688/1772/1374 1689/1773/1374 1698/1783/1374 1697/1782/1374
f 1689/1773/1375 1690/1774/1375 1699/1784/1375 1698/1783/1375
f 1690/1774/1376 1691/1775/1376 1700/1785/1376 1699/1784/1376
f 1691/1775/1377 1692/1776/1377 1701/1786/1377 1700/1785/1377
f 1692/1776/1378 1693/1777/1378 1702/1787/1378 1701/1786/1378
f 1693/1777/1379 1694/1778/1379 1703/1788/1379 1702/1787/1379
f 1694/1778/1380 1822/1779/1380 1823/1789/1380 1703/1788/1380
f 1695/1781/1381 1696/1780/1381 1705/1790/1381 1704/1791/1381
f 1696/1780/1382 1697/1782/1382 1706/1792/1382 1705/1790/1382
f 1697/1782/1383 1698/1783/1383 1707/1793/1383 1706/1792/1383
f 1698/1783/1384 1699/1784/1384 1708/1794/1384 1707/1793/1384
f 1699/1784/1385 1700/1785/1385 1709/1795/1385 1708/1794/1385
f 1700/1785/1386 1701/1786/1386 1710/1796/1386 1709/1795/1386
f 1701/1786/1387 1702/1787/1387 1711/1797/1387 1710/1796/1387
f 1702/1787/1388 1703/1788/1388 1712/1798/1388 1711/1797/1388
f 1703/1788/1389 1823/1789/1389 1824/1799/1389 1712/1798/1389
f 1704/1791/1390 1705/1790/1390 1714/1800/1390 1713/1801/1390
f 1705/1790/1391 1706/1792/1391 1715/1802/1391 1714/1800/1391
f 1706/1792/1392 1707/1793/1392 1716/1803/1392 1715/1802/1392
f 1707/1793/1393 1708/1794/1393 1717/1804/1393 1716/1803/1393
f 1708/1794/1394 1709/1795/1394 1718/1805/1394 1717/1804/1394
f 1709/1795/1395 1710/1796/1395 1719/1806/1395 1718/1805/1395
f 1710/1796/1396 1711/1797/1396 1720/1807/1396 1719/1806/1396
f 1711/1797/1397 1712/1798/1397 1721/1808/1397 1720/1807/1397
f 1712/1798/1398 1824/1799/1398 1825/1809/1398 1721/1808/1398
f 1713/1801/1399 1714/1800/1399 1723/1810/1399 1722/1811/1399
f 1714/1800/1400 1715/1802/1400 1724/1812/1400 1723/1810/1400
f 1715/1802/1401 1716/1803/1401 1725/1813/1401 1724/1812/1401
f 1716/1803/1402 1717/1804/1402 1726/1814/1402 1725/1813/1402
f 1717/1804/1403 1718/1805/1403 1727/1815/1403 1726/1814/1403
f 1718/1805/1404 1719/1806/1404 1728/1816/1404 1727/1815/1404
f 1719/1806/1405 1720/1807/1405 1729/1817/1405 1728/1816/1405
f 1720/1807/1406 1721/1808/1406 1730/1818/1406 1729/1817/1406
f 1721/1808/1407 1825/1809/1407 1826/1819/1407 1730/1818/1407
f 1722/1811/1408 1723/1810/1408 1732/1820/1408 1731/1821/1408
f 1723/1810/1409 1724/1812/1409 1733/1822/1409 1732/1820/1409
f 1724/1812/1410 1725/1813/1410 1734/1823/1410 1733/1822/1410
f 1725/1813/1411 1726/1814/1411 1735/1824/1411 1734/1823/1411
f 1726/1814/1412 1727/1815/1412 1736/1825/1412 1735/1824/1412
f 1727/1815/1413 1728/1816/1413 1737/1826/1413 1736/1825/1413
f 1728/1816/1414 1729/1817/1414 1738/1827/1414 1737/1826/1414
f 1729/1817/1415 1730/1818/1415 1739/1828/1415 1738/1827/1415
f 1730/1818/1416 1826/1819/1416 1827/1829/1416 1739/1828/1416
f 1731/1821/1417 1732/1820/1417 1741/1689/1417 1740/1688/1417
f 1732/1820/1418 1733/1822/1418 1742/1699/1418 1741/1689/1418
f 1733/1822/1419 1734/1823/1419 1743/1709/1419 1742/1699/1419
f 1734/1823/1420 1735/1824/1420 1744/1719/1420 1743/1709/1420
f 1735/1824/1421 1736/1825/1421 1745/1729/1421 1744/1719/1421
f 1736/1825/1422 1737/1826/1422 1746/1739/1422 1745/1729/1422
f 1737/1826/1423 1738/1827/1423 1747/1749/1423 1746/1739/1423
f 1738/1827/1424 1739/1828/1424 1748/1750/1424 1747/1749/1424
f 1739/1828/1425 1827/1829/1425 1828/1830/1425 1748/1750/1425
f 1508/195/1426 1749/1831/1426 1758/1832/1426 1757/1833/1426
f 1749/1831/1427 1750/1834/1427 1759/1835/1427 1758/1832/1427
f 1750/1834/1428 1751/1836/1428 1760/1837/1428 1759/1835/1428
f 1751/1836/1429 1752/1838/1429 1761/1839/1429 1760/1837/1429
f 1752/1838/1430 1753/1840/1430 1762/1841/1430 1761/1839/1430
f 1753/1840/1431 1754/1842/1431 1763/1843/1431 1762/1841/1431
f 1754/1842/1432 1755/1844/1432 1764/1845/1432 1763/1843/1432
f 1755/1844/1433 1756/1846/1433 1765/1847/1433 1764/1845/1433
f 1756/1846/1434 1580/1662/1434 1581/1661/1434 1765/1847/1434
f 1757/1833/1435 1758/1832/1435 1767/1848/1435 1766/1849/1435
f 1758/1832/1436 1759/1835/1436 1768/1850/1436 1767/1848/1436
f 1759/1835/1437 1760/1837/1437 1769/1851/1437 1768/1850/1437
f 1760/1837/1438 1761/1839/1438 1770/1852/1438 1769/1851/1438
f 1761/1839/1439 1762/1841/1439 1771/1853/1439 1770/1852/1439
f 1762/1841/1440 1763/1843/1440 1772/1854/1440 1771/1853/1440
f 1763/1843/1441 1764/1845/1441 1773/1855/1441 1772/1854/1441
f 1764/1845/1442 1765/1847/1442 1774/1856/1442 1773/1855/1442
f 1765/1847/1443 1581/1661/1443 1582/1663/1443 1774/1856/1443
f 1766/1849/1444 1767/1848/1444 1776/1857/1444 1775/1858/1444
f 1767/1848/1445 1768/1850/1445 1777/1859/1445 1776/1857/1445
f 1768/1850/1446 1769/1851/1446 1778/1860/1446 1777/1859/1446
f 1769/1851/1447 1770/1852/1447 1779/1861/1447 1778/1860/1447
f 1770/1852/1448 1771/1853/1448 1780/1862/1448 1779/1861/1448
f 1771/1853/1449 1772/1854/1449 1781/1863/1449 1780/1862/1449
f 1772/1854/1450 1773/1855/1450 1782/1864/1450 1781/1863/1450
f 1773/1855/1451 1774/1856/1451 1783/1865/1451 1782/1864/1451
f 1774/1856/1452 1582/1663/1452 1583/1664/1452 1783/1865/1452
f 1775/1858/1453 1776/1857/1453 1785/1866/1453 1784/1867/1453
f 1776/1857/1454 1777/1859/1454 1786/1868/1454 1785/1866/1454
f 1777/1859/1455 1778/1860/1455 1787/1869/1455 1786/1868/1455
f 1778/1860/1456 1779/1861/1456 1788/1870/1456 1787/1869/1456
f 1779/1861/1457 1780/1862/1457 1789/1871/1457 1788/1870/1457
f 1780/1862/1458 1781/1863/1458 1790/1872/1458 1789/1871/1458
f 1781/1863/1459 1782/1864/1459 1791/1873/1459 1790/1872/1459
f 1782/1864/1460 1783/1865/1460 1792/1874/1460 1791/1873/1460
f 1783/1865/1461 1583/1664/1461 1584/1665/1461 1792/1874/1461
f 1784/1867/1462 1785/1866/1462 1794/1875/1462 1793/1876/1462
f 1785/1866/1463 1786/1868/1463 1795/1877/1463 1794/1875/1463
f 1786/1868/1464 1787/1869/1464 1796/1878/1464 1795/1877/1464
f 1787/1869/1465 1788/1870/1465 1797/1879/1465 1796/1878/1465
f 1788/1870/1466 1789/1871/1466 1798/1880/1466 1797/1879/1466
f 1789/1871/1467 1790/1872/1467 1799/1881/1467 1798/1880/1467
f 1790/1872/1468 1791/1873/1468 1800/1882/1468 1799/1881/1468
f 1791/1873/1469 1792/1874/1469 1801/1883/1469 1800/1882/1469
f 1792/1874/1470 1584/1665/1470 1585/1666/1470 1801/1883/1470
f 1793/1876/1471 1794/1875/1471 1803/1884/1471 1802/1885/1471
f 1794/1875/1472 1795/1877/1472 1804/1886/1472 1803/1884/1472
f 1795/1877/1473 1796/1878/1473 1805/1887/1473 1804/1886/1473
f 1796/1878/1474 1797/1879/1474 1806/1888/1474 1805/1887/1474
f 1797/1879/1475 1798/1880/1475 1807/1889/1475 1806/1888/1475
f 1798/1880/1476 1799/1881/1476 1808/1890/1476 1807/1889/1476
f 1799/1881/1477 1800/1882/1477 1809/1891/1477 1808/1890/1477
f 1800/1882/1478 1801/1883/1478 1810/1892/1478 1809/1891/1478
f 1801/1883/1479 1585/1666/1479 1586/1667/1479 1810/1892/1479
f 1802/1885/1480 1803/1884/1480 1812/1893/1480 1811/1894/1480
f 1803/1884/1481 1804/1886/1481 1813/1895/1481 1812/1893/1481
f 1804/1886/1482 1805/1887/1482 1814/1896/1482 1813/1895/1482
f 1805/1887/1483 1806/1888/1483 1815/1897/1483 1814/1896/1483
f 1806/1888/1484 1807/1889/1484 1816/1898/1484 1815/1897/1484
f 1807/1889/1485 1808/1890/1485 1817/1899/1485 1816/1898/1485
f 1808/1890/1486 1809/1891/1486 1818/1900/1486 1817/1899/1486
f 1809/1891/1487 1810/1892/1487 1819/1901/1487 1818/1900/1487
f 1810/1892/1488 1586/1667/1488 1587/1668/1488 1819/1901/1488
f 1811/1894/1489 1812/1893/1489 1821/1769/1489 1820/1768/1489
f 1812/1893/1490 1813/1895/1490 1822/1779/1490 1821/1769/1490
f 1813/1895/1491 1814/1896/1491 1823/1789/1491 1822/1779/1491
f 1814/1896/1492 1815/1897/1492 1824/1799/1492 1823/1789/1492
f 1815/1897/1493 1816/1898/1493 1825/1809/1493 1824/1799/1493
f 1816/1898/1494 1817/1899/1494 1826/1819/1494 1825/1809/1494
f 1817/1899/1495 1818/1900/1495 1827/1829/1495 1826/1819/1495
f 1818/1900/1496 1819/1901/1496 1828/1830/1496 1827/1829/1496
f 1819/1901/1497 1587/1668/1497 1588/1669/1497 1828/1830/1497
f 1588/1669/1498 1668/1670/1498 1748/1750/1498 1828/1830/1498
f 1829/175/1499 1833/1902/1499 1842/1903/1499 1841/1904/1499
f 1833/1902/1500 1834/1905/1500 1843/1906/1500 1842/1903/1500
f 1834/1905/1501 1835/1907/1501 1844/1908/1501 1843/1906/1501
f 1835/1907/1502 1836/1909/1502 1845/1910/1502 1844/1908/1502
f 1836/1909/1503 1837/1911/1503 1846/1912/1503 1845/1910/1503
f 1837/1911/1504 1838/1913/1504 1847/1914/1504 1846/1912/1504
f 1838/1913/1505 1839/1915/1505 1848/1916/1505 1847/1914/1505
f 1839/1915/1506 1840/1917/1506 1849/1918/1506 1848/1916/1506
f 1840/1919/1507 1984/1920/1507 1985/1921/1507 1849/1922/1507
f 1841/1904/1508 1842/1903/1508 1851/1923/1508 1850/1924/1508
f 1842/1903/1509 1843/1906/1509 1852/1925/1509 1851/1923/1509
f 1843/1906/1510 1844/1908/1510 1853/1926/1510 1852/1925/1510
f 1844/1908/1511 1845/1910/1511 1854/1927/1511 1853/1926/1511
f 1845/1910/1512 1846/1912/1512 1855/1928/1512 1854/1927/1512
f 1846/1912/1513 1847/1914/1513 1856/1929/1513 1855/1928/1513
f 1847/1914/1514 1848/1916/1514 1857/1930/1514 1856/1929/1514
f 1848/1916/1515 1849/1918/1515 1858/1931/1515 1857/1930/1515
f 1849/1922/1516 1985/1921/1516 1986/1932/1516 1858/1933/1516
f 1850/1924/1517 1851/1923/1517 1860/1934/1517 1859/1935/1517
f 1851/1923/1518 1852/1925/1518 1861/1936/1518 1860/1934/1518
f 1852/1925/1519 1853/1926/1519 1862/1937/1519 1861/1936/1519
f 1853/1926/1520 1854/1927/1520 1863/1938/1520 1862/1937/1520
f 1854/1927/1521 1855/1928/1521 1864/1939/1521 1863/1938/1521
f 1855/1928/1522 1856/1929/1522 1865/1940/1522 1864/1939/1522
f 1856/1929/1523 1857/1930/1523 1866/1941/1523 1865/1940/1523
f 1857/1930/1524 1858/1931/1524 1867/1942/1524 1866/1941/1524
f 1858/1933/1525 1986/1932/1525 1987/1943/1525 1867/1944/1525
f 1859/1935/1526 1860/1934/1526 1869/1945/1526 1868/1946/1526
f 1860/1934/1527 1861/1936/1527 1870/1947/1527 1869/1945/1527
f 1861/1936/1528 1862/1937/1528 1871/1948/1528 1870/1947/1528
f 1862/1937/1529 1863/1938/1529 1872/1949/1529 1871/1948/1529
f 1863/1938/1530 1864/1939/1530 1873/1950/1530 1872/1949/1530
f 1864/1939/1531 1865/1940/1531 1874/1951/1531 1873/1950/1531
f 1865/1940/1532 1866/1941/1532 1875/1952/1532 1874/1951/1532
f 1866/1941/1533 1867/1942/1533 1876/1953/1533 1875/1952/1533
f 1867/1944/1534 1987/1943/1534 1988/1954/1534 1876/1955/1534
f 1868/1946/1535 1869/1945/1535 1878/1956/1535 1877/1957/1535
f 1869/1945/1536 1870/1947/1536 1879/1958/1536 1878/1956/1536
f 1870/1947/1537 1871/1948/1537 1880/1959/1537 1879/1958/1537
f 1871/1948/1538 1872/1949/1538 1881/1960/1538 1880/1959/1538
f 1872/1949/1539 1873/1950/1539 1882/1961/1539 1881/1960/1539
f 1873/1950/1540 1874/1951/1540 1883/1962/1540 1882/1961/1540
f 1874/1951/1541 1875/1952/1541 1884/1963/1541 1883/1962/1541
f 1875/1952/1542 1876/1953/1542 1885/1964/1542 1884/1963/1542
f 1876/1955/1543 1988/1954/1543 1989/1965/1543 1885/1966/1543
f 1877/1957/1544 1878/1956/1544 1887/1967/1544 1886/1968/1544
f 1878/1956/1545 1879/1958/1545 1888/1969/1545 1887/1967/1545
f 1879/1958/1546 1880/1959/1546 1889/1970/1546 1888/1969/1546
f 1880/1959/1547 1881/1960/1547 1890/1971/1547 1889/1970/1547
f 1881/1960/1548 1882/1961/1548 1891/1972/1548 1890/1971/1548
f 1882/1961/1549 1883/1962/1549 1892/1973/1549 1891/1972/1549
f 1883/1962/1550 1884/1963/1550 1893/1974/1550 1892/1973/1550
f 1884/1963/1551 1885/1964/1551 1894/1975/1551 1893/1974/1551
f 1885/1966/1552 1989/1965/1552 1990/1976/1552 1894/1977/1552
f 1886/1968/1553 1887/1967/1553 1896/1978/1553 1895/1979/1553
f 1887/1967/1554 1888/1969/1554 1897/1980/1554 1896/1978/1554
f 1888/1969/1555 1889/1970/1555 1898/1981/1555 1897/1980/1555
f 1889/1970/1556 1890/1971/1556 1899/1982/1556 1898/1981/1556
f 1890/1971/1557 1891/1972/1557 1900/1983/1557 1899/1982/1557
f 1891/1972/1558 1892/1973/1558 1901/1984/1558 1900/1983/1558
f 1892/1973/1559 1893/1974/1559 1902/1985/1559 1901/1984/1559
f 1893/1974/1560 1894/1975/1560 1903/1986/1560 1902/1985/1560
f 1894/1977/1561 1990/1976/1561 1991/1987/1561 1903/1988/1561
f 1895/1979/1562 1896/1978/1562 1905/1989/1562 1904/1990/1562
f 1896/1978/1563 1897/1980/1563 1906/1991/1563 1905/1989/1563
f 1897/1980/1564 1898/1981/1564 1907/1992/1564 1906/1991/1564
f 1898/1981/1565 1899/1982/1565 1908/1993/1565 1907/1992/1565
f 1899/1982/1566 1900/1983/1566 1909/1994/1566 1908/1993/1566
f 1900/1983/1567 1901/1984/1567 1910/1995/1567 1909/1994/1567
f 1901/1984/1568 1902/1985/1568 1911/1996/1568 1910/1995/1568
f 1902/1985/1569 1903/1986/1569 1912/1997/1569 1911/1996/1569
f 1903/1988/1570 1991/1987/1570 1992/1998/1570 1912/1999/1570
f 1830/187/1571 1913/2000/1571 1922/2001/1571 1921/2002/1571
f 1913/2000/1572 1914/2003/1572 1923/2004/1572 1922/2001/1572
f 1914/2003/1573 1915/2005/1573 1924/2006/1573 1923/2004/1573
f 1915/2005/1574 1916/2007/1574 1925/2008/1574 1924/2006/1574
f 1916/2007/1575 1917/2009/1575 1926/2010/1575 1925/2008/1575
f 1917/2009/1576 1918/2011/1576 1927/2012/1576 1926/2010/1576
f 1918/2011/1577 1919/2013/1577 1928/2014/1577 1927/2012/1577
f 1919/2013/1578 1920/2015/1578 1929/2016/1578 1928/2014/1578
f 1920/2015/1579 2064/2017/1579 2065/2018/1579 1929/2016/1579
f 1921/2002/1580 1922/2001/1580 1931/2019/1580 1930/2020/1580
f 1922/2001/1581 1923/2004/1581 1932/2021/1581 1931/2019/1581
f 1923/2004/1582 1924/2006/1582 1933/2022/1582 1932/2021/1582
f 1924/2006/1583 1925/2008/1583 1934/2023/1583 1933/2022/1583
f 1925/2008/1584 1926/2010/1584 1935/2024/1584 1934/2023/1584
f 1926/2010/1585 1927/2012/1585 1936/2025/1585 1935/2024/1585
f 1927/2012/1586 1928/2014/1586 1937/2026/1586 1936/2025/1586
f 1928/2014/1587 1929/2016/1587 1938/2027/1587 1937/2026/1587
f 1929/2016/1588 2065/2018/1588 2066/2028/1588 1938/2027/1588
f 1930/2020/1589 1931/2019/1589 1940/2029/1589 1939/2030/1589
f 1931/2019/1590 1932/2021/1590 1941/2031/1590 1940/2029/1590
f 1932/2021/1591 1933/2022/1591 1942/2032/1591 1941/2031/1591
f 1933/2022/1592 1934/2023/1592 1943/2033/1592 1942/2032/1592
f 1934/2023/1593 1935/2024/1593 1944/2034/1593 1943/2033/1593
f 1935/2024/1594 1936/2025/1594 1945/2035/1594 1944/2034/1594
f 1936/2025/1595 1937/2026/1595 1946/2036/1595 1945/2035/1595
f 1937/2026/1596 1938/2027/1596 1947/2037/1596 1946/2036/1596
f 1938/2027/1597 2066/2028/1597 2067/2038/1597 1947/2037/1597
f 1939/2030/1598 1940/2029/1598 1949/2039/1598 1948/2040/1598
f 1940/2029/1599 1941/2031/1599 1950/2041/1599 1949/2039/1599
f 1941/2031/1600 1942/2032/1600 1951/2042/1600 1950/2041/1600
f 1942/2032/1601 1943/2033/1601 1952/2043/1601 1951/2042/1601
f 1943/2033/1602 1944/2034/1602 1953/2044/1602 1952/2043/1602
f 1944/2034/1603 1945/2035/1603 1954/2045/1603 1953/2044/1603
f 1945/2035/1604 1946/2036/1604 1955/2046/1604 1954/2045/1604
f 1946/2036/1605 1947/2037/1605 1956/2047/1605 1955/2046/1605
f 1947/2037/1606 2067/2038/1606 2068/2048/1606 1956/2047/1606
f 1948/2040/1607 1949/2039/1607 1958/2049/1607 1957/2050/1607
f 1949/2039/1608 1950/2041/1608 1959/2051/1608 1958/2049/1608
f 1950/2041/1609 1951/2042/1609 1960/2052/1609 1959/2051/1609
f 1951/2042/1610 1952/2043/1610 1961/2053/1610 1960/2052/1610
f 1952/2043/1611 1953/2044/1611 1962/2054/1611 1961/2053/1611
f 1953/2044/1612 1954/2045/1612 1963/2055/1612 1962/2054/1612
f 1954/2045/1613 1955/2046/1613 1964/2056/1613 1963/2055/1613
f 1955/2046/1614 1956/2047/1614 1965/2057/1614 1964/2056/1614
f 1956/2047/1615 2068/2048/1615 2069/2058/1615 1965/2057/1615
f 1957/2050/1616 1958/2049/1616 1967/2059/1616 1966/2060/1616
f 1958/2049/1617 1959/2051/1617 1968/2061/1617 1967/2059/1617
f 1959/2051/1618 1960/2052/1618 1969/2062/1618 1968/2061/1618
f 1960/2052/1619 1961/2053/1619 1970/2063/1619 1969/2062/1619
f 1961/2053/1620 1962/2054/1620 1971/2064/1620 1970/2063/1620
f 1962/2054/1621 1963/2055/1621 1972/2065/1621 1971/2064/1621
f 1963/2055/1622 1964/2056/1622 1973/2066/1622 1972/2065/1622
f 1964/2056/1623 1965/2057/1623 1974/2067/1623 1973/2066/1623
f 1965/2057/1624 2069/2058/1624 2070/2068/1624 1974/2067/1624
f 1966/2060/1625 1967/2059/1625 1976/2069/1625 1975/2070/1625
f 1967/2059/1626 1968/2061/1626 1977/2071/1626 1976/2069/1626
f 1968/2061/1627 1969/2062/1627 1978/2072/1627 1977/2071/1627
f 1969/2062/1628 1970/2063/1628 1979/2073/1628 1978/2072/1628
f 1970/2063/1629 1971/2064/1629 1980/2074/1629 1979/2073/1629
f 1971/2064/1630 1972/2065/1630 1981/2075/1630 1980/2074/1630
f 1972/2065/1631 1973/2066/1631 1982/2076/1631 1981/2075/1631
f 1973/2066/1632 1974/2067/1632 1983/2077/1632 1982/2076/1632
f 1974/2067/1633 2070/2068/1633 2071/2078/1633 1983/2077/1633
f 1975/2070/1634 1976/2069/1634 1985/1921/1634 1984/1920/1634
f 1976/2069/1635 1977/2071/1635 1986/1932/1635 1985/1921/1635
f 1977/2071/1636 1978/2072/1636 1987/1943/1636 1986/1932/1636
f 1978/2072/1637 1979/2073/1637 1988/1954/1637 1987/1943/1637
f 1979/2073/1638 1980/2074/1638 1989/1965/1638 1988/1954/1638
f 1980/2074/1639 1981/2075/1639 1990/1976/1639 1989/1965/1639
f 1981/2075/1640 1982/2076/1640 1991/1987/1640 1990/1976/1640
f 1982/2076/1641 1983/2077/1641 1992/1998/1641 1991/1987/1641
f 1983/2077/1642 2071/2078/1642 2072/2079/1642 1992/1998/1642
f 1831/165/1643 1993/2080/1643 2002/2081/1643 2001/2082/1643
f 1993/2080/1644 1994/2083/1644 2003/2084/1644 2002/2081/1644
f 1994/2083/1645 1995/2085/1645 2004/2086/1645 2003/2084/1645
f 1995/2085/1646 1996/2087/1646 2005/2088/1646 2004/2086/1646
f 1996/2087/1647 1997/2089/1647 2006/2090/1647 2005/2088/1647
f 1997/2089/1648 1998/2091/1648 2007/2092/1648 2006/2090/1648
f 1998/2091/1649 1999/2093/1649 2008/2094/1649 2007/2092/1649
f 1999/2093/1650 2000/2095/1650 2009/2096/1650 2008/2094/1650
f 2000/2095/1651 2144/2097/1651 2145/2098/1651 2009/2096/1651
f 2001/2082/1652 2002/2081/1652 2011/2099/1652 2010/2100/1652
f 2002/2081/1653 2003/2084/1653 2012/2101/1653 2011/2099/1653
f 2003/2084/1654 2004/2086/1654 2013/2102/1654 2012/2101/1654
f 2004/2086/1655 2005/2088/1655 2014/2103/1655 2013/2102/1655
f 2005/2088/1656 2006/2090/1656 2015/2104/1656 2014/2103/1656
f 2006/2090/1657 2007/2092/1657 2016/2105/1657 2015/2104/1657
f 2007/2092/1658 2008/2094/1658 2017/2106/1658 2016/2105/1658
f 2008/2094/1659 2009/2096/1659 2018/2107/1659 2017/2106/1659
f 2009/2096/1660 2145/2098/1660 2146/2108/1660 2018/2107/1660
f 2010/2100/1661 2011/2099/1661 2020/2109/1661 2019/2110/1661
f 2011/2099/1662 2012/2101/1662 2021/2111/1662 2020/2109/1662
f 2012/2101/1663 2013/2102/1663 2022/2112/1663 2021/2111/1663
f 2013/2102/1664 2014/2103/1664 2023/2113/1664 2022/2112/1664
f 2014/2103/1665 2015/2104/1665 2024/2114/1665 2023/2113/1665
f 2015/2104/1666 2016/2105/1666 2025/2115/1666 2024/2114/1666
f 2016/2105/1667 2017/2106/1667 2026/2116/1667 2025/2115/1667
f 2017/2106/1668 2018/2107/1668 2027/2117/1668 2026/2116/1668
f 2018/2107/1669 2146/2108/1669 2147/2118/1669 2027/2117/1669
f 2019/2110/1670 2020/2109/1670 2029/2119/1670 2028/2120/1670
f 2020/2109/1671 2021/2111/1671 2030/2121/1671 2029/2119/1671
f 2021/2111/1672 2022/2112/1672 2031/2122/1672 2030/2121/1672
f 2022/2112/1673 2023/2113/1673 2032/2123/1673 2031/2122/1673
f 2023/2113/1674 2024/2114/1674 2033/2124/1674 2032/2123/1674
f 2024/2114/1675 2025/2115/1675 2034/2125/1675 2033/2124/1675
f 2025/2115/1676 2026/2116/1676 2035/2126/1676 2034/2125/1676
f 2026/2116/1677 2027/2117/1677 2036/2127/1677 2035/2126/1677
f 2027/2117/1678 2147/2118/1678 2148/2128/1678 2036/2127/1678
f 2028/2120/1679 2029/2119/1679 2038/2129/1679 2037/2130/1679
f 2029/2119/1680 2030/2121/1680 2039/2131/1680 2038/2129/1680
f 2030/2121/1681 2031/2122/1681 2040/2132/1681 2039/2131/1681
f 2031/2122/1682 2032/2123/1682 2041/2133/1682 2040/2132/1682
f 2032/2123/1683 2033/2124/1683 2042/2134/1683 2041/2133/1683
f 2033/2124/1684 2034/2125/1684 2043/2135/1684 2042/2134/1684
f 2034/2125/1685 2035/2126/1685 2044/2136/1685 2043/2135/1685
f 2035/2126/1686 2036/2127/1686 2045/2137/1686 2044/2136/1686
f 2036/2127/1687 2148/2128/1687 2149/2138/1687 2045/2137/1687
f 2037/2130/1688 2038/2129/1688 2047/2139/1688 2046/2140/1688
f 2038/2129/1689 2039/2131/1689 2048/2141/1689 2047/2139/1689
f 2039/2131/1690 2040/2132/1690 2049/2142/1690 2048/2141/1690
f 2040/2132/1691 2041/2133/1691 2050/2143/1691 2049/2142/1691
f 2041/2133/1692 2042/2134/1692 2051/2144/1692 2050/2143/1692
f 2042/2134/1693 2043/2135/1693 2052/2145/1693 2051/2144/1693
f 2043/2135/1694 2044/2136/1694 2053/2146/1694 2052/2145/1694
f 2044/2136/1695 2045/2137/1695 2054/2147/1695 2053/2146/1695
f 2045/2137/1696 2149/2138/1696 2150/2148/1696 2054/2147/1696
f 2046/2140/1697 2047/2139/1697 2056/2149/1697 2055/2150/1697
f 2047/2139/1698 2048/2141/1698 2057/2151/1698 2056/2149/1698
f 2048/2141/1699 2049/2142/1699 2058/2152/1699 2057/2151/1699
f 2049/2142/1700 2050/2143/1700 2059/2153/1700 2058/2152/1700
f 2050/2143/1701 2051/2144/1701 2060/2154/1701 2059/2153/1701
f 2051/2144/1702 2052/2145/1702 2061/2155/1702 2060/2154/1702
f 2052/2145/1703 2053/2146/1703 2062/2156/1703 2061/2155/1703
f 2053/2146/1704 2054/2147/1704 2063/2157/1704 2062/2156/1704
f 2054/2147/1705 2150/2148/1705 2151/2158/1705 2063/2157/1705
f 2055/2150/1706 2056/2149/1706 2065/2018/1706 2064/2017/1706
f 2056/2149/1707 2057/2151/1707 2066/2028/1707 2065/2018/1707
f 2057/2151/1708 2058/2152/1708 2067/2038/1708 2066/2028/1708
f 2058/2152/1709 2059/2153/1709 2068/2048/1709 2067/2038/1709
f 2059/2153/1710 2060/2154/1710 2069/2058/1710 2068/2048/1710
f 2060/2154/1711 2061/2155/1711 2070/2068/1711 2069/2058/1711
f 2061/2155/1712 2062/2156/1712 2071/2078/1712 2070/2068/1712
f 2062/2156/1713 2063/2157/1713 2072/2079/1713 2071/2078/1713
f 2063/2157/1714 2151/2158/1714 2152/2159/1714 2072/2079/1714
f 1832/199/1715 2073/2160/1715 2082/2161/1715 2081/2162/1715
f 2073/2160/1716 2074/2163/1716 2083/2164/1716 2082/2161/1716
f 2074/2163/1717 2075/2165/1717 2084/2166/1717 2083/2164/1717
f 2075/2165/1718 2076/2167/1718 2085/2168/1718 2084/2166/1718
f 2076/2167/1719 2077/2169/1719 2086/2170/1719 2085/2168/1719
f 2077/2169/1720 2078/2171/1720 2087/2172/1720 2086/2170/1720
f 2078/2171/1721 2079/2173/1721 2088/2174/1721 2087/2172/1721
f 2079/2173/1722 2080/2175/1722 2089/2176/1722 2088/2174/1722
f 2080/2175/1723 1904/1990/1723 1905/1989/1723 2089/2176/1723
f 2081/2162/1724 2082/2161/1724 2091/2177/1724 2090/2178/1724
f 2082/2161/1725 2083/2164/1725 2092/2179/1725 2091/2177/1725
f 2083/2164/1726 2084/2166/1726 2093/2180/1726 2092/2179/1726
f 2084/2166/1727 2085/2168/1727 2094/2181/1727 2093/2180/1727
f 2085/2168/1728 2086/2170/1728 2095/2182/1728 2094/2181/1728
f 2086/2170/1729 2087/2172/1729 2096/2183/1729 2095/2182/1729
f 2087/2172/1730 2088/2174/1730 2097/2184/1730 2096/2183/1730
f 2088/2174/1731 2089/2176/1731 2098/2185/1731 2097/2184/1731
f 2089/2176/1732 1905/1989/1732 1906/1991/1732 2098/2185/1732
f 2090/2178/1733 2091/2177/1733 2100/2186/1733 2099/2187/1733
f 2091/2177/1734 2092/2179/1734 2101/2188/1734 2100/2186/1734
f 2092/2179/1735 2093/2180/1735 2102/2189/1735 2101/2188/1735
f 2093/2180/1736 2094/2181/1736 2103/2190/1736 2102/2189/1736
f 2094/2181/1737 2095/2182/1737 2104/2191/1737 2103/2190/1737
f 2095/2182/1738 2096/2183/1738 2105/2192/1738 2104/2191/1738
f 2096/2183/1739 2097/2184/1739 2106/2193/1739 2105/2192/1739
f 2097/2184/1740 2098/2185/1740 2107/2194/1740 2106/2193/1740
f 2098/2185/1741 1906/1991/1741 1907/1992/1741 2107/2194/1741
f 2099/2187/1742 2100/2186/1742 2109/2195/1742 2108/2196/1742
f 2100/2186/1743 2101/2188/1743 2110/2197/1743 2109/2195/1743
f 2101/2188/1744 2102/2189/1744 2111/2198/1744 2110/2197/1744
f 2102/2189/1745 2103/2190/1745 2112/2199/1745 2111/2198/1745
f 2103/2190/1746 2104/2191/1746 2113/2200/1746 2112/2199/1746
f 2104/2191/1747 2105/2192/1747 2114/2201/1747 2113/2200/1747
f 2105/2192/1748 2106/2193/1748 2115/2202/1748 2114/2201/1748
f 2106/2193/1749 2107/2194/1749 2116/2203/1749 2115/2202/1749
f 2107/2194/1750 1907/1992/1750 1908/1993/1750 2116/2203/1750
f 2108/2196/1751 2109/2195/1751 2118/2204/1751 2117/2205/1751
f 2109/2195/1752 2110/2197/1752 2119/2206/1752 2118/2204/1752
f 2110/2197/1753 2111/2198/1753 2120/2207/1753 2119/2206/1753
f 2111/2198/1754 2112/2199/1754 2121/2208/1754 2120/2207/1754
f 2112/2199/1755 2113/2200/1755 2122/2209/1755 2121/2208/1755
f 2113/2200/1756 2114/2201/1756 2123/2210/1756 2122/2209/1756
f 2114/2201/1757 2115/2202/1757 2124/2211/1757 2123/2210/1757
f 2115/2202/1758 2116/2203/1758 2125/2212/1758 2124/2211/1758
f 2116/2203/1759 1908/1993/1759 1909/1994/1759 2125/2212/1759
f 2117/2205/1760 2118/2204/1760 2127/2213/1760 2126/2214/1760
f 2118/2204/1761 2119/2206/1761 2128/2215/1761 2127/2213/1761
f 2119/2206/1762 2120/2207/1762 2129/2216/1762 2128/2215/1762
f 2120/2207/1763 2121/2208/1763 2130/2217/1763 2129/2216/1763
f 2121/2208/1764 2122/2209/1764 2131/2218/1764 2130/2217/1764
f 2122/2209/1765 2123/2210/1765 2132/2219/1765 2131/2218/1765
f 2123/2210/1766 2124/2211/1766 2133/2220/1766 2132/2219/1766
f 2124/2211/1767 2125/2212/1767 2134/2221/1767 2133/2220/1767
f 2125/2212/1768 1909/1994/1768 1910/1995/1768 2134/2221/1768
f 2126/2214/1769 2127/2213/1769 2136/2222/1769 2135/2223/1769
f 2127/2213/1770 2128/2215/1770 2137/2224/1770 2136/2222/1770
f 2128/2215/1771 2129/2216/1771 2138/2225/1771 2137/2224/1771
f 2129/2216/1772 2130/2217/1772 2139/2226/1772 2138/2225/1772
f 2130/2217/1773 2131/2218/1773 2140/2227/1773 2139/2226/1773
f 2131/2218/1774 2132/2219/1774 2141/2228/1774 2140/2227/1774
f 2132/2219/1775 2133/2220/1775 2142/2229/1775 2141/2228/1775
f 2133/2220/1776 2134/2221/1776 2143/2230/1776 2142/2229/1776
f 2134/2221/1777 1910/1995/1777 1911/1996/1777 2143/2230/1777
f 2135/2223/1778 2136/2222/1778 2145/2231/1778 2144/2232/1778
f 2136/2222/1779 2137/2224/1779 2146/2233/1779 2145/2231/1779
f 2137/2224/1780 2138/2225/1780 2147/2234/1780 2146/2233/1780
f 2138/2225/1781 2139/2226/1781 2148/2235/1781 2147/2234/1781
f 2139/2226/1782 2140/2227/1782 2149/2236/1782 2148/2235/1782
f 2140/2227/1783 2141/2228/1783 2150/2237/1783 2149/2236/1783
f 2141/2228/1784 2142/2229/1784 2151/2238/1784 2150/2237/1784
f 2142/2229/1785 2143/2230/1785 2152/2239/1785 2151/2238/1785
f 2143/2230/1786 1911/1996/1786 1912/1997/1786 2152/2239/1786
f 1912/2240/1787 1992/2241/1787 2072/2079/1787 2152/2159/1787
f 2153/158/1788 2157/2242/1788 2166/2243/1788 2165/2244/1788
f 2157/2242/1789 2158/2245/1789 2167/2246/1789 2166/2243/1789
f 2158/2245/1790 2159/2247/1790 2168/2248/1790 2167/2246/1790
f 2159/2247/1791 2160/2249/1791 2169/2250/1791 2168/2248/1791
f 2160/2249/1792 2161/2251/1792 2170/2252/1792 2169/2250/1792
f 2161/2251/1793 2162/2253/1793 2171/2254/1793 2170/2252/1793
f 2162/2253/1794 2163/2255/1794 2172/2256/1794 2171/2254/1794
f 2163/2255/1795 2164/2257/1795 2173/2258/1795 2172/2256/1795
f 2164/2257/1796 2308/2259/1796 2309/2260/1796 2173/2258/1796
f 2165/2244/1797 2166/2243/1797 2175/2261/1797 2174/2262/1797
f 2166/2243/1798 2167/2246/1798 2176/2263/1798 2175/2261/1798
f 2167/2246/1799 2168/2248/1799 2177/2264/1799 2176/2263/1799
f 2168/2248/1800 2169/2250/1800 2178/2265/1800 2177/2264/1800
f 2169/2250/1801 2170/2252/1801 2179/2266/1801 2178/2265/1801
f 2170/2252/1802 2171/2254/1802 2180/2267/1802 2179/2266/1802
f 2171/2254/1803 2172/2256/1803 2181/2268/1803 2180/2267/1803
f 2172/2256/1804 2173/2258/1804 2182/2269/1804 2181/2268/1804
f 2173/2258/1805 2309/2260/1805 2310/2270/1805 2182/2269/1805
f 2174/2262/1806 2175/2261/1806 2184/2271/1806 2183/2272/1806
f 2175/2261/1807 2176/2263/1807 2185/2273/1807 2184/2271/1807
f 2176/2263/1808 2177/2264/1808 2186/2274/1808 2185/2273/1808
f 2177/2264/1809 2178/2265/1809 2187/2275/1809 2186/2274/1809
f 2178/2265/1810 2179/2266/1810 2188/2276/1810 2187/2275/1810
f 2179/2266/1811 2180/2267/1811 2189/2277/1811 2188/2276/1811
f 2180/2267/1812 2181/2268/1812 2190/2278/1812 2189/2277/1812
f 2181/2268/1813 2182/2269/1813 2191/2279/1813 2190/2278/1813
f 2182/2269/1814 2310/2270/1814 2311/2280/1814 2191/2279/1814
f 2183/2272/1815 2184/2271/1815 2193/2281/1815 2192/2282/1815
f 2184/2271/1816 2185/2273/1816 2194/2283/1816 2193/2281/1816
f 2185/2273/1817 2186/2274/1817 2195/2284/1817 2194/2283/1817
f 2186/2274/1818 2187/2275/1818 2196/2285/1818 2195/2284/1818
f 2187/2275/1819 2188/2276/1819 2197/2286/1819 2196/2285/1819
f 2188/2276/1820 2189/2277/1820 2198/2287/1820 2197/2286/1820
f 2189/2277/1821 2190/2278/1821 2199/2288/1821 2198/2287/1821
f 2190/2278/1822 2191/2279/1822 2200/2289/1822 2199/2288/1822
f 2191/2279/1823 2311/2280/1823 2312/2290/1823 2200/2289/1823
f 2192/2282/1824 2193/2281/1824 2202/2291/1824 2201/2292/1824
f 2193/2281/1825 2194/2283/1825 2203/2293/1825 2202/2291/1825
f 2194/2283/1826 2195/2284/1826 2204/2294/1826 2203/2293/1826
f 2195/2284/1827 2196/2285/1827 2205/2295/1827 2204/2294/1827
f 2196/2285/1828 2197/2286/1828 2206/2296/1828 2205/2295/1828
f 2197/2286/1829 2198/2287/1829 2207/2297/1829 2206/2296/1829
f 2198/2287/1830 2199/2288/1830 2208/2298/1830 2207/2297/1830
f 2199/2288/1831 2200/2289/1831 2209/2299/1831 2208/2298/1831
f 2200/2289/1832 2312/2290/1832 2313/2300/1832 2209/2299/1832
f 2201/2292/1833 2202/2291/1833 2211/2301/1833 2210/2302/1833
f 2202/2291/1834 2203/2293/1834 2212/2303/1834 2211/2301/1834
f 2203/2293/1835 2204/2294/1835 2213/2304/1835 2212/2303/1835
f 2204/2294/1836 2205/2295/1836 2214/2305/1836 2213/2304/1836
f 2205/2295/1837 2206/2296/1837 2215/2306/1837 2214/2305/1837
f 2206/2296/1838 2207/2297/1838 2216/2307/1838 2215/2306/1838
f 2207/2297/1839 2208/2298/1839 2217/2308/1839 2216/2307/1839
f 2208/2298/1840 2209/2299/1840 2218/2309/1840 2217/2308/1840
f 2209/2299/1841 2313/2300/1841 2314/2310/1841 2218/2309/1841
f 2210/2302/1842 2211/2301/1842 2220/2311/1842 2219/2312/1842
f 2211/2301/1843 2212/2303/1843 2221/2313/1843 2220/2311/1843
f 2212/2303/1844 2213/2304/1844 2222/2314/1844 2221/2313/1844
f 2213/2304/1845 2214/2305/1845 2223/2315/1845 2222/2314/1845
f 2214/2305/1846 2215/2306/1846 2224/2316/1846 2223/2315/1846
f 2215/2306/1847 2216/2307/1847 2225/2317/1847 2224/2316/1847
f 2216/2307/1848 2217/2308/1848 2226/2318/1848 2225/2317/1848
f 2217/2308/1849 2218/2309/1849 2227/2319/1849 2226/2318/1849
f 2218/2309/1850 2314/2310/1850 2315/2320/1850 2227/2319/1850
f 2219/2312/1851 2220/2311/1851 2229/2321/1851 2228/2322/1851
f 2220/2311/1852 2221/2313/1852 2230/2323/1852 2229/2321/1852
f 2221/2313/1853 2222/2314/1853 2231/2324/1853 2230/2323/1853
f 2222/2314/1854 2223/2315/1854 2232/2325/1854 2231/2324/1854
f 2223/2315/1855 2224/2316/1855 2233/2326/1855 2232/2325/1855
f 2224/2316/1856 2225/2317/1856 2234/2327/1856 2233/2326/1856
f 2225/2317/1857 2226/2318/1857 2235/2328/1857 2234/2327/1857
f 2226/2318/1858 2227/2319/1858 2236/2329/1858 2235/2328/1858
f 2227/2319/1859 2315/2320/1859 2316/2330/1859 2236/2329/1859
f 2154/194/1860 2237/2331/1860 2246/2332/1860 2245/2333/1860
f 2237/2331/1861 2238/2334/1861 2247/2335/1861 2246/2332/1861
f 2238/2334/1862 2239/2336/1862 2248/2337/1862 2247/2335/1862
f 2239/2336/1863 2240/2338/1863 2249/2339/1863 2248/2337/1863
f 2240/2338/1864 2241/2340/1864 2250/2341/1864 2249/2339/1864
f 2241/2340/1865 2242/2342/1865 2251/2343/1865 2250/2341/1865
f 2242/2342/1866 2243/2344/1866 2252/2345/1866 2251/2343/1866
f 2243/2344/1867 2244/2346/1867 2253/2347/1867 2252/2345/1867
f 2244/2346/1868 2388/2348/1868 2389/2349/1868 2253/2347/1868
f 2245/2333/1869 2246/2332/1869 2255/2350/1869 2254/2351/1869
f 2246/2332/1870 2247/2335/1870 2256/2352/1870 2255/2350/1870
f 2247/2335/1871 2248/2337/1871 2257/2353/1871 2256/2352/1871
f 2248/2337/1872 2249/2339/1872 2258/2354/1872 2257/2353/1872
f 2249/2339/1873 2250/2341/1873 2259/2355/1873 2258/2354/1873
f 2250/2341/1874 2251/2343/1874 2260/2356/1874 2259/2355/1874
f 2251/2343/1875 2252/2345/1875 2261/2357/1875 2260/2356/1875
f 2252/2345/1876 2253/2347/1876 2262/2358/1876 2261/2357/1876
f 2253/2347/1877 2389/2349/1877 2390/2359/1877 2262/2358/1877
f 2254/2351/1878 2255/2350/1878 2264/2360/1878 2263/2361/1878
f 2255/2350/1879 2256/2352/1879 2265/2362/1879 2264/2360/1879
f 2256/2352/1880 2257/2353/1880 2266/2363/1880 2265/2362/1880
f 2257/2353/1881 2258/2354/1881 2267/2364/1881 2266/2363/1881
f 2258/2354/1882 2259/2355/1882 2268/2365/1882 2267/2364/1882
f 2259/2355/1883 2260/2356/1883 2269/2366/1883 2268/2365/1883
f 2260/2356/1884 2261/2357/1884 2270/2367/1884 2269/2366/1884
f 2261/2357/1885 2262/2358/1885 2271/2368/1885 2270/2367/1885
f 2262/2358/1886 2390/2359/1886 2391/2369/1886 2271/2368/1886
f 2263/2361/1887 2264/2360/1887 2273/2370/1887 2272/2371/1887
f 2264/2360/1888 2265/2362/1888 2274/2372/1888 2273/2370/1888
f 2265/2362/1889 2266/2363/1889 2275/2373/1889 2274/2372/1889
f 2266/2363/1890 2267/2364/1890 2276/2374/1890 2275/2373/1890
f 2267/2364/1891 2268/2365/1891 2277/2375/1891 2276/2374/1891
f 2268/2365/1892 2269/2366/1892 2278/2376/1892 2277/2375/1892
f 2269/2366/1893 2270/2367/1893 2279/2377/1893 2278/2376/1893
f 2270/2367/1894 2271/2368/1894 2280/2378/1894 2279/2377/1894
f 2271/2368/1895 2391/2369/1895 2392/2379/1895 2280/2378/1895
f 2272/2371/1896 2273/2370/1896 2282/2380/1896 2281/2381/1896
f 2273/2370/1897 2274/2372/1897 2283/2382/1897 2282/2380/1897
f 2274/2372/1898 2275/2373/1898 2284/2383/1898 2283/2382/1898
f 2275/2373/1899 2276/2374/1899 2285/2384/1899 2284/2383/1899
f 2276/2374/1900 2277/2375/1900 2286/2385/1900 2285/2384/1900
f 2277/2375/1901 2278/2376/1901 2287/2386/1901 2286/2385/1901
f 2278/2376/1902 2279/2377/1902 2288/2387/1902 2287/2386/1902
f 2279/2377/1903 2280/2378/1903 2289/2388/1903 2288/2387/1903
f 2280/2378/1904 2392/2379/1904 2393/2389/1904 2289/2388/1904
f 2281/2381/1905 2282/2380/1905 2291/2390/1905 2290/2391/1905
f 2282/2380/1906 2283/2382/1906 2292/2392/1906 2291/2390/1906
f 2283/2382/1907 2284/2383/1907 2293/2393/1907 2292/2392/1907
f 2284/2383/1908 2285/2384/1908 2294/2394/1908 2293/2393/1908
f 2285/2384/1909 2286/2385/1909 2295/2395/1909 2294/2394/1909
f 2286/2385/1910 2287/2386/1910 2296/2396/1910 2295/2395/1910
f 2287/2386/1911 2288/2387/1911 2297/2397/1911 2296/2396/1911
f 2288/2387/1912 2289/2388/1912 2298/2398/1912 2297/2397/1912
f 2289/2388/1913 2393/2389/1913 2394/2399/1913 2298/2398/1913
f 2290/2391/1914 2291/2390/1914 2300/2400/1914 2299/2401/1914
f 2291/2390/1915 2292/2392/1915 2301/2402/1915 2300/2400/1915
f 2292/2392/1916 2293/2393/1916 2302/2403/1916 2301/2402/1916
f 2293/2393/1917 2294/2394/1917 2303/2404/1917 2302/2403/1917
f 2294/2394/1918 2295/2395/1918 2304/2405/1918 2303/2404/1918
f 2295/2395/1919 2296/2396/1919 2305/2406/1919 2304/2405/1919
f 2296/2396/1920 2297/2397/1920 2306/2407/1920 2305/2406/1920
f 2297/2397/1921 2298/2398/1921 2307/2408/1921 2306/2407/1921
f 2298/2398/1922 2394/2399/1922 2395/2409/1922 2307/2408/1922
f 2299/2401/1923 2300/2400/1923 2309/2260/1923 2308/2259/1923
f 2300/2400/1924 2301/2402/1924 2310/2270/1924 2309/2260/1924
f 2301/2402/1925 2302/2403/1925 2311/2280/1925 2310/2270/1925
f 2302/2403/1926 2303/2404/1926 2312/2290/1926 2311/2280/1926
f 2303/2404/1927 2304/2405/1927 2313/2300/1927 2312/2290/1927
f 2304/2405/1928 2305/2406/1928 2314/2310/1928 2313/2300/1928
f 2305/2406/1929 2306/2407/1929 2315/2320/1929 2314/2310/1929
f 2306/2407/1930 2307/2408/1930 2316/2330/1930 2315/2320/1930
f 2307/2408/1931 2395/2409/1931 2396/2410/1931 2316/2330/1931
f 2155/170/1932 2317/2411/1932 2326/2412/1932 2325/2413/1932
f 2317/2411/1933 2318/2414/1933 2327/2415/1933 2326/2412/1933
f 2318/2414/1934 2319/2416/1934 2328/2417/1934 2327/2415/1934
f 2319/2416/1935 2320/2418/1935 2329/2419/1935 2328/2417/1935
f 2320/2418/1936 2321/2420/1936 2330/2421/1936 2329/2419/1936
f 2321/2420/1937 2322/2422/1937 2331/2423/1937 2330/2421/1937
f 2322/2422/1938 2323/2424/1938 2332/2425/1938 2331/2423/1938
f 2323/2424/1939 2324/2426/1939 2333/2427/1939 2332/2425/1939
f 2324/2426/1940 2468/2428/1940 2469/2429/1940 2333/2427/1940
f 2325/2413/1941 2326/2412/1941 2335/2430/1941 2334/2431/1941
f 2326/2412/1942 2327/2415/1942 2336/2432/1942 2335/2430/1942
f 2327/2415/1943 2328/2417/1943 2337/2433/1943 2336/2432/1943
f 2328/2417/1944 2329/2419/1944 2338/2434/1944 2337/2433/1944
f 2329/2419/1945 2330/2421/1945 2339/2435/1945 2338/2434/1945
f 2330/2421/1946 2331/2423/1946 2340/2436/1946 2339/2435/1946
f 2331/2423/1947 2332/2425/1947 2341/2437/1947 2340/2436/1947
f 2332/2425/1948 2333/2427/1948 2342/2438/1948 2341/2437/1948
f 2333/2427/1949 2469/2429/1949 2470/2439/1949 2342/2438/1949
f 2334/2431/1950 2335/2430/1950 2344/2440/1950 2343/2441/1950
f 2335/2430/1951 2336/2432/1951 2345/2442/1951 2344/2440/1951
f 2336/2432/1952 2337/2433/1952 2346/2443/1952 2345/2442/1952
f 2337/2433/1953 2338/2434/1953 2347/2444/1953 2346/2443/1953
f 2338/2434/1954 2339/2435/1954 2348/2445/1954 2347/2444/1954
f 2339/2435/1955 2340/2436/1955 2349/2446/1955 2348/2445/1955
f 2340/2436/1956 2341/2437/1956 2350/2447/1956 2349/2446/1956
f 2341/2437/1957 2342/2438/1957 2351/2448/1957 2350/2447/1957
f 2342/2438/1958 2470/2439/1958 2471/2449/1958 2351/2448/1958
f 2343/2441/1959 2344/2440/1959 2353/2450/1959 2352/2451/1959
f 2344/2440/1960 2345/2442/1960 2354/2452/1960 2353/2450/1960
f 2345/2442/1961 2346/2443/1961 2355/2453/1961 2354/2452/1961
f 2346/2443/1962 2347/2444/1962 2356/2454/1962 2355/2453/1962
f 2347/2444/1963 2348/2445/1963 2357/2455/1963 2356/2454/1963
f 2348/2445/1964 2349/2446/1964 2358/2456/1964 2357/2455/1964
f 2349/2446/1965 2350/2447/1965 2359/2457/1965 2358/2456/1965
f 2350/2447/1966 2351/2448/1966 2360/2458/1966 2359/2457/1966
f 2351/2448/1967 2471/2449/1967 2472/2459/1967 2360/2458/1967
f 2352/2451/1968 2353/2450/1968 2362/2460/1968 2361/2461/1968
f 2353/2450/1969 2354/2452/1969 2363/2462/1969 2362/2460/1969
f 2354/2452/1970 2355/2453/1970 2364/2463/1970 2363/2462/1970
f 2355/2453/1971 2356/2454/1971 2365/2464/1971 2364/2463/1971
f 2356/2454/1972 2357/2455/1972 2366/2465/1972 2365/2464/1972
f 2357/2455/1973 2358/2456/1973 2367/2466/1973 2366/2465/1973
f 2358/2456/1974 2359/2457/1974 2368/2467/1974 2367/2466/1974
f 2359/2457/1975 2360/2458/1975 2369/2468/1975 2368/2467/1975
f 2360/2458/1976 2472/2459/1976 2473/2469/1976 2369/2468/1976
f 2361/2461/1977 2362/2460/1977 2371/2470/1977 2370/2471/1977
f 2362/2460/1978 2363/2462/1978 2372/2472/1978 2371/2470/1978
f 2363/2462/1979 2364/2463/1979 2373/2473/1979 2372/2472/1979
f 2364/2463/1980 2365/2464/1980 2374/2474/1980 2373/2473/1980
f 2365/2464/1981 2366/2465/1981 2375/2475/1981 2374/2474/1981
f 2366/2465/1982 2367/2466/1982 2376/2476/1982 2375/2475/1982
f 2367/2466/1983 2368/2467/1983 2377/2477/1983 2376/2476/1983
f 2368/2467/1984 2369/2468/1984 2378/2478/1984 2377/2477/1984
f 2369/2468/1985 2473/2469/1985 2474/2479/1985 2378/2478/1985
f 2370/2471/1986 2371/2470/1986 2380/2480/1986 2379/2481/1986
f 2371/2470/1987 2372/2472/1987 2381/2482/1987 2380/2480/1987
f 2372/2472/1988 2373/2473/1988 2382/2483/1988 2381/2482/1988
f 2373/2473/1989 2374/2474/1989 2383/2484/1989 2382/2483/1989
f 2374/2474/1990 2375/2475/1990 2384/2485/1990 2383/2484/1990
f 2375/2475/1991 2376/2476/1991 2385/2486/1991 2384/2485/1991
f 2376/2476/1992 2377/2477/1992 2386/2487/1992 2385/2486/1992
f 2377/2477/1993 2378/2478/1993 2387/2488/1993 2386/2487/1993
f 2378/2478/1994 2474/2479/1994 2475/2489/1994 2387/2488/1994
f 2379/2481/1995 2380/2480/1995 2389/2349/1995 2388/2348/1995
f 2380/2480/1996 2381/2482/1996 2390/2359/1996 2389/2349/1996
f 2381/2482/1997 2382/2483/1997 2391/2369/1997 2390/2359/1997
f 2382/2483/1998 2383/2484/1998 2392/2379/1998 2391/2369/1998
f 2383/2484/1999 2384/2485/1999 2393/2389/1999 2392/2379/1999
f 2384/2485/2000 2385/2486/2000 2394/2399/2000 2393/2389/2000
f 2385/2486/2001 2386/2487/2001 2395/2409/2001 2394/2399/2001
f 2386/2487/2002 2387/2488/2002 2396/2410/2002 2395/2409/2002
f 2387/2488/2003 2475/2489/2003 2476/2490/2003 2396/2410/2003
f 2156/161/2004 2397/2491/2004 2406/2492/2004 2405/2493/2004
f 2397/2491/2005 2398/2494/2005 2407/2495/2005 2406/2492/2005
f 2398/2494/2006 2399/2496/2006 2408/2497/2006 2407/2495/2006
f 2399/2496/2007 2400/2498/2007 2409/2499/2007 2408/2497/2007
f 2400/2498/2008 2401/2500/2008 2410/2501/2008 2409/2499/2008
f 2401/2500/2009 2402/2502/2009 2411/2503/2009 2410/2501/2009
f 2402/2502/2010 2403/2504/2010 2412/2505/2010 2411/2503/2010
f 2403/2504/2011 2404/2506/2011 2413/2507/2011 2412/2505/2011
f 2404/2506/2012 2228/2322/2012 2229/2321/2012 2413/2507/2012
f 2405/2493/2013 2406/2492/2013 2415/2508/2013 2414/2509/2013
f 2406/2492/2014 2407/2495/2014 2416/2510/2014 2415/2508/2014
f 2407/2495/2015 2408/2497/2015 2417/2511/2015 2416/2510/2015
f 2408/2497/2016 2409/2499/2016 2418/2512/2016 2417/2511/2016
f 2409/2499/2017 2410/2501/2017 2419/2513/2017 2418/2512/2017
f 2410/2501/2018 2411/2503/2018 2420/2514/2018 2419/2513/2018
f 2411/2503/2019 2412/2505/2019 2421/2515/2019 2420/2514/2019
f 2412/2505/2020 2413/2507/2020 2422/2516/2020 2421/2515/2020
f 2413/2507/2021 2229/2321/2021 2230/2323/2021 2422/2516/2021
f 2414/2509/2022 2415/2508/2022 2424/2517/2022 2423/2518/2022
f 2415/2508/2023 2416/2510/2023 2425/2519/2023 2424/2517/2023
f 2416/2510/2024 2417/2511/2024 2426/2520/2024 2425/2519/2024
f 2417/2511/2025 2418/2512/2025 2427/2521/2025 2426/2520/2025
f 2418/2512/2026 2419/2513/2026 2428/2522/2026 2427/2521/2026
f 2419/2513/2027 2420/2514/2027 2429/2523/2027 2428/2522/2027
f 2420/2514/2028 2421/2515/2028 2430/2524/2028 2429/2523/2028
f 2421/2515/2029 2422/2516/2029 2431/2525/2029 2430/2524/2029
f 2422/2516/2030 2230/2323/2030 2231/2324/2030 2431/2525/2030
f 2423/2518/2031 2424/2517/2031 2433/2526/2031 2432/2527/2031
f 2424/2517/2032 2425/2519/2032 2434/2528/2032 2433/2526/2032
f 2425/2519/2033 2426/2520/2033 2435/2529/2033 2434/2528/2033
f 2426/2520/2034 2427/2521/2034 2436/2530/2034 2435/2529/2034
f 2427/2521/2035 2428/2522/2035 2437/2531/2035 2436/2530/2035
f 2428/2522/2036 2429/2523/2036 2438/2532/2036 2437/2531/2036
f 2429/2523/2037 2430/2524/2037 2439/2533/2037 2438/2532/2037
f 2430/2524/2038 2431/2525/2038 2440/2534/2038 2439/2533/2038
f 2431/2525/2039 2231/2324/2039 2232/2325/2039 2440/2534/2039
f 2432/2527/2040 2433/2526/2040 2442/2535/2040 2441/2536/2040
f 2433/2526/2041 2434/2528/2041 2443/2537/2041 2442/2535/2041
f 2434/2528/2042 2435/2529/2042 2444/2538/2042 2443/2537/2042
f 2435/2529/2043 2436/2530/2043 2445/2539/2043 2444/2538/2043
f 2436/2530/2044 2437/2531/2044 2446/2540/2044 2445/2539/2044
f 2437/2531/2045 2438/2532/2045 2447/2541/2045 2446/2540/2045
f 2438/2532/2046 2439/2533/2046 2448/2542/2046 2447/2541/2046
f 2439/2533/2047 2440/2534/2047 2449/2543/2047 2448/2542/2047
f 2440/2534/2048 2232/2325/2048 2233/2326/2048 2449/2543/2048
f 2441/2536/2049 2442/2535/2049 2451/2544/2049 2450/2545/2049
f 2442/2535/2050 2443/2537/2050 2452/2546/2050 2451/2544/2050
f 2443/2537/2051 2444/2538/2051 2453/2547/2051 2452/2546/2051
f 2444/2538/2052 2445/2539/2052 2454/2548/2052 2453/2547/2052
f 2445/2539/2053 2446/2540/2053 2455/2549/2053 2454/2548/2053
f 2446/2540/2054 2447/2541/2054 2456/2550/2054 2455/2549/2054
f 2447/2541/2055 2448/2542/2055 2457/2551/2055 2456/2550/2055
f 2448/2542/2056 2449/2543/2056 2458/2552/2056 2457/2551/2056
f 2449/2543/2057 2233/2326/2057 2234/2327/2057 2458/2552/2057
f 2450/2545/2058 2451/2544/2058 2460/2553/2058 2459/2554/2058
f 2451/2544/2059 2452/2546/2059 2461/2555/2059 2460/2553/2059
f 2452/2546/2060 2453/2547/2060 2462/2556/2060 2461/2555/2060
f 2453/2547/2061 2454/2548/2061 2463/2557/2061 2462/2556/2061
f 2454/2548/2062 2455/2549/2062 2464/2558/2062 2463/2557/2062
f 2455/2549/2063 2456/2550/2063 2465/2559/2063 2464/2558/2063
f 2456/2550/2064 2457/2551/2064 2466/2560/2064 2465/2559/2064
f 2457/2551/2065 2458/2552/2065 2467/2561/2065 2466/2560/2065
f 2458/2552/2066 2234/2327/2066 2235/2328/2066 2467/2561/2066
f 2459/2554/2067 2460/2553/2067 2469/2429/2067 2468/2428/2067
f 2460/2553/2068 2461/2555/2068 2470/2439/2068 2469/2429/2068
f 2461/2555/2069 2462/2556/2069 2471/2449/2069 2470/2439/2069
f 2462/2556/2070 2463/2557/2070 2472/2459/2070 2471/2449/2070
f 2463/2557/2071 2464/2558/2071 2473/2469/2071 2472/2459/2071
f 2464/2558/2072 2465/2559/2072 2474/2479/2072 2473/2469/2072
f 2465/2559/2073 2466/2560/2073 2475/2489/2073 2474/2479/2073
f 2466/2560/2074 2467/2561/2074 2476/2490/2074 2475/2489/2074
f 2467/2561/2075 2235/2328/2075 2236/2329/2075 2476/2490/2075
f 2236/2329/2076 2316/2330/2076 2396/2410/2076 2476/2490/2076
f 2477/210/2077 2481/2562/2077 2490/2563/2077 2489/2564/2077
f 2481/2562/2078 2482/2565/2078 2491/2566/2078 2490/2563/2078
f 2482/2565/2079 2483/2567/2079 2492/2568/2079 2491/2566/2079
f 2483/2567/2080 2484/2569/2080 2493/2570/2080 2492/2568/2080
f 2484/2569/2081 2485/2571/2081 2494/2572/2081 2493/2570/2081
f 2485/2571/2082 2486/2573/2082 2495/2574/2082 2494/2572/2082
f 2486/2573/2083 2487/2575/2083 2496/2576/2083 2495/2574/2083
f 2487/2575/2084 2488/2577/2084 2497/2578/2084 2496/2576/2084
f 2488/2579/2085 2632/2580/2085 2633/2581/2085 2497/2582/2085
f 2489/2564/2086 2490/2563/2086 2499/2583/2086 2498/2584/2086
f 2490/2563/2087 2491/2566/2087 2500/2585/2087 2499/2583/2087
f 2491/2566/2088 2492/2568/2088 2501/2586/2088 2500/2585/2088
f 2492/2568/2089 2493/2570/2089 2502/2587/2089 2501/2586/2089
f 2493/2570/2090 2494/2572/2090 2503/2588/2090 2502/2587/2090
f 2494/2572/2091 2495/2574/2091 2504/2589/2091 2503/2588/2091
f 2495/2574/2092 2496/2576/2092 2505/2590/2092 2504/2589/2092
f 2496/2576/2093 2497/2578/2093 2506/2591/2093 2505/2590/2093
f 2497/2582/2094 2633/2581/2094 2634/2592/2094 2506/2593/2094
f 2498/2584/2095 2499/2583/2095 2508/2594/2095 2507/2595/2095
f 2499/2583/2096 2500/2585/2096 2509/2596/2096 2508/2594/2096
f 2500/2585/2097 2501/2586/2097 2510/2597/2097 2509/2596/2097
f 2501/2586/2098 2502/2587/2098 2511/2598/2098 2510/2597/2098
f 2502/2587/2099 2503/2588/2099 2512/2599/2099 2511/2598/2099
f 2503/2588/2100 2504/2589/2100 2513/2600/2100 2512/2599/2100
f 2504/2589/2101 2505/2590/2101 2514/2601/2101 2513/2600/2101
f 2505/2590/2102 2506/2591/2102 2515/2602/2102 2514/2601/2102
f 2506/2593/2103 2634/2592/2103 2635/2603/2103 2515/2604/2103
f 2507/2595/2104 2508/2594/2104 2517/2605/2104 2516/2606/2104
f 2508/2594/2105 2509/2596/2105 2518/2607/2105 2517/2605/2105
f 2509/2596/2106 2510/2597/2106 2519/2608/2106 2518/2607/2106
f 2510/2597/2107 2511/2598/2107 2520/2609/2107 2519/2608/2107
f 2511/2598/2108 2512/2599/2108 2521/2610/2108 2520/2609/2108
f 2512/2599/2109 2513/2600/2109 2522/2611/2109 2521/2610/2109
f 2513/2600/2110 2514/2601/2110 2523/2612/2110 2522/2611/2110
f 2514/2601/2111 2515/2602/2111 2524/2613/2111 2523/2612/2111
f 2515/2604/2112 2635/2603/2112 2636/2614/2112 2524/2615/2112
f 2516/2606/2113 2517/2605/2113 2526/2616/2113 2525/2617/2113
f 2517/2605/2114 2518/2607/2114 2527/2618/2114 2526/2616/2114
f 2518/2607/2115 2519/2608/2115 2528/2619/2115 2527/2618/2115
f 2519/2608/2116 2520/2609/2116 2529/2620/2116 2528/2619/2116
f 2520/2609/2117 2521/2610/2117 2530/2621/2117 2529/2620/2117
f 2521/2610/2118 2522/2611/2118 2531/2622/2118 2530/2621/2118
f 2522/2611/2119 2523/2612/2119 2532/2623/2119 2531/2622/2119
f 2523/2612/2120 2524/2613/2120 2533/2624/2120 2532/2623/2120
f 2524/2615/2121 2636/2614/2121 2637/2625/2121 2533/2626/2121
f 2525/2617/2122 2526/2616/2122 2535/2627/2122 2534/2628/2122
f 2526/2616/2123 2527/2618/2123 2536/2629/2123 2535/2627/2123
f 2527/2618/2124 2528/2619/2124 2537/2630/2124 2536/2629/2124
f 2528/2619/2125 2529/2620/2125 2538/2631/2125 2537/2630/2125
f 2529/2620/2126 2530/2621/2126 2539/2632/2126 2538/2631/2126
f 2530/2621/2127 2531/2622/2127 2540/2633/2127 2539/2632/2127
f 2531/2622/2128 2532/2623/2128 2541/2634/2128 2540/2633/2128
f 2532/2623/2129 2533/2624/2129 2542/2635/2129 2541/2634/2129
f 2533/2626/2130 2637/2625/2130 2638/2636/2130 2542/2637/2130
f 2534/2628/2131 2535/2627/2131 2544/2638/2131 2543/2639/2131
f 2535/2627/2132 2536/2629/2132 2545/2640/2132 2544/2638/2132
f 2536/2629/2133 2537/2630/2133 2546/2641/2133 2545/2640/2133
f 2537/2630/2134 2538/2631/2134 2547/2642/2134 2546/2641/2134
f 2538/2631/2135 2539/2632/2135 2548/2643/2135 2547/2642/2135
f 2539/2632/2136 2540/2633/2136 2549/2644/2136 2548/2643/2136
f 2540/2633/2137 2541/2634/2137 2550/2645/2137 2549/2644/2137
f 2541/2634/2138 2542/2635/2138 2551/2646/2138 2550/2645/2138
f 2542/2637/2139 2638/2636/2139 2639/2647/2139 2551/2648/2139
f 2543/2639/2140 2544/2638/2140 2553/2649/2140 2552/2650/2140
f 2544/2638/2141 2545/2640/2141 2554/2651/2141 2553/2649/2141
f 2545/2640/2142 2546/2641/2142 2555/2652/2142 2554/2651/2142
f 2546/2641/2143 2547/2642/2143 2556/2653/2143 2555/2652/2143
f 2547/2642/2144 2548/2643/2144 2557/2654/2144 2556/2653/2144
f 2548/2643/2145 2549/2644/2145 2558/2655/2145 2557/2654/2145
f 2549/2644/2146 2550/2645/2146 2559/2656/2146 2558/2655/2146
f 2550/2645/2147 2551/2646/2147 2560/2657/2147 2559/2656/2147
f 2551/2648/2148 2639/2647/2148 2640/2658/2148 2560/2659/2148
f 2478/172/2149 2561/2660/2149 2570/2661/2149 2569/2662/2149
f 2561/2660/2150 2562/2663/2150 2571/2664/2150 2570/2661/2150
f 2562/2663/2151 2563/2665/2151 2572/2666/2151 2571/2664/2151
f 2563/2665/2152 2564/2667/2152 2573/2668/2152 2572/2666/2152
f 2564/2667/2153 2565/2669/2153 2574/2670/2153 2573/2668/2153
f 2565/2669/2154 2566/2671/2154 2575/2672/2154 2574/2670/2154
f 2566/2671/2155 2567/2673/2155 2576/2674/2155 2575/2672/2155
f 2567/2673/2156 2568/2675/2156 2577/2676/2156 2576/2674/2156
f 2568/2675/2157 2712/2677/2157 2713/2678/2157 2577/2676/2157
f 2569/2662/2158 2570/2661/2158 2579/2679/2158 2578/2680/2158
f 2570/2661/2159 2571/2664/2159 2580/2681/2159 2579/2679/2159
f 2571/2664/2160 2572/2666/2160 2581/2682/2160 2580/2681/2160
f 2572/2666/2161 2573/2668/2161 2582/2683/2161 2581/2682/2161
f 2573/2668/2162 2574/2670/2162 2583/2684/2162 2582/2683/2162
f 2574/2670/2163 2575/2672/2163 2584/2685/2163 2583/2684/2163
f 2575/2672/2164 2576/2674/2164 2585/2686/2164 2584/2685/2164
f 2576/2674/2165 2577/2676/2165 2586/2687/2165 2585/2686/2165
f 2577/2676/2166 2713/2678/2166 2714/2688/2166 2586/2687/2166
f 2578/2680/2167 2579/2679/2167 2588/2689/2167 2587/2690/2167
f 2579/2679/2168 2580/2681/2168 2589/2691/2168 2588/2689/2168
f 2580/2681/2169 2581/2682/2169 2590/2692/2169 2589/2691/2169
f 2581/2682/2170 2582/2683/2170 2591/2693/2170 2590/2692/2170
f 2582/2683/2171 2583/2684/2171 2592/2694/2171 2591/2693/2171
f 2583/2684/2172 2584/2685/2172 2593/2695/2172 2592/2694/2172
f 2584/2685/2173 2585/2686/2173 2594/2696/2173 2593/2695/2173
f 2585/2686/2174 2586/2687/2174 2595/2697/2174 2594/2696/2174
f 2586/2687/2175 2714/2688/2175 2715/2698/2175 2595/2697/2175
f 2587/2690/2176 2588/2689/2176 2597/2699/2176 2596/2700/2176
f 2588/2689/2177 2589/2691/2177 2598/2701/2177 2597/2699/2177
f 2589/2691/2178 2590/2692/2178 2599/2702/2178 2598/2701/2178
f 2590/2692/2179 2591/2693/2179 2600/2703/2179 2599/2702/2179
f 2591/2693/2180 2592/2694/2180 2601/2704/2180 2600/2703/2180
f 2592/2694/2181 2593/2695/2181 2602/2705/2181 2601/2704/2181
f 2593/2695/2182 2594/2696/2182 2603/2706/2182 2602/2705/2182
f 2594/2696/2183 2595/2697/2183 2604/2707/2183 2603/2706/2183
f 2595/2697/2184 2715/2698/2184 2716/2708/2184 2604/2707/2184
f 2596/2700/2185 2597/2699/2185 2606/2709/2185 2605/2710/2185
f 2597/2699/2186 2598/2701/2186 2607/2711/2186 2606/2709/2186
f 2598/2701/2187 2599/2702/2187 2608/2712/2187 2607/2711/2187
f 2599/2702/2188 2600/2703/2188 2609/2713/2188 2608/2712/2188
f 2600/2703/2189 2601/2704/2189 2610/2714/2189 2609/2713/2189
f 2601/2704/2190 2602/2705/2190 2611/2715/2190 2610/2714/2190
f 2602/2705/2191 2603/2706/2191 2612/2716/2191 2611/2715/2191
f 2603/2706/2192 2604/2707/2192 2613/2717/2192 2612/2716/2192
f 2604/2707/2193 2716/2708/2193 2717/2718/2193 2613/2717/2193
f 2605/2710/2194 2606/2709/2194 2615/2719/2194 2614/2720/2194
f 2606/2709/2195 2607/2711/2195 2616/2721/2195 2615/2719/2195
f 2607/2711/2196 2608/2712/2196 2617/2722/2196 2616/2721/2196
f 2608/2712/2197 2609/2713/2197 2618/2723/2197 2617/2722/2197
f 2609/2713/2198 2610/2714/2198 2619/2724/2198 2618/2723/2198
f 2610/2714/2199 2611/2715/2199 2620/2725/2199 2619/2724/2199
f 2611/2715/2200 2612/2716/2200 2621/2726/2200 2620/2725/2200
f 2612/2716/2201 2613/2717/2201 2622/2727/2201 2621/2726/2201
f 2613/2717/2202 2717/2718/2202 2718/2728/2202 2622/2727/2202
f 2614/2720/2203 2615/2719/2203 2624/2729/2203 2623/2730/2203
f 2615/2719/2204 2616/2721/2204 2625/2731/2204 2624/2729/2204
f 2616/2721/2205 2617/2722/2205 2626/2732/2205 2625/2731/2205
f 2617/2722/2206 2618/2723/2206 2627/2733/2206 2626/2732/2206
f 2618/2723/2207 2619/2724/2207 2628/2734/2207 2627/2733/2207
f 2619/2724/2208 2620/2725/2208 2629/2735/2208 2628/2734/2208
f 2620/2725/2209 2621/2726/2209 2630/2736/2209 2629/2735/2209
f 2621/2726/2210 2622/2727/2210 2631/2737/2210 2630/2736/2210
f 2622/2727/2211 2718/2728/2211 2719/2738/2211 2631/2737/2211
f 2623/2730/2212 2624/2729/2212 2633/2581/2212 2632/2580/2212
f 2624/2729/2213 2625/2731/2213 2634/2592/2213 2633/2581/2213
f 2625/2731/2214 2626/2732/2214 2635/2603/2214 2634/2592/2214
f 2626/2732/2215 2627/2733/2215 2636/2614/2215 2635/2603/2215
f 2627/2733/2216 2628/2734/2216 2637/2625/2216 2636/2614/2216
f 2628/2734/2217 2629/2735/2217 2638/2636/2217 2637/2625/2217
f 2629/2735/2218 2630/2736/2218 2639/2647/2218 2638/2636/2218
f 2630/2736/2219 2631/2737/2219 2640/2658/2219 2639/2647/2219
f 2631/2737/2220 2719/2738/2220 2720/2739/2220 2640/2658/2220
f 2479/202/2221 2641/2740/2221 2650/2741/2221 2649/2742/2221
f 2641/2740/2222 2642/2743/2222 2651/2744/2222 2650/2741/2222
f 2642/2743/2223 2643/2745/2223 2652/2746/2223 2651/2744/2223
f 2643/2745/2224 2644/2747/2224 2653/2748/2224 2652/2746/2224
f 2644/2747/2225 2645/2749/2225 2654/2750/2225 2653/2748/2225
f 2645/2749/2226 2646/2751/2226 2655/2752/2226 2654/2750/2226
f 2646/2751/2227 2647/2753/2227 2656/2754/2227 2655/2752/2227
f 2647/2753/2228 2648/2755/2228 2657/2756/2228 2656/2754/2228
f 2648/2757/2229 2792/2758/2229 2793/2759/2229 2657/2760/2229
f 2649/2742/2230 2650/2741/2230 2659/2761/2230 2658/2762/2230
f 2650/2741/2231 2651/2744/2231 2660/2763/2231 2659/2761/2231
f 2651/2744/2232 2652/2746/2232 2661/2764/2232 2660/2763/2232
f 2652/2746/2233 2653/2748/2233 2662/2765/2233 2661/2764/2233
f 2653/2748/2234 2654/2750/2234 2663/2766/2234 2662/2765/2234
f 2654/2750/2235 2655/2752/2235 2664/2767/2235 2663/2766/2235
f 2655/2752/2236 2656/2754/2236 2665/2768/2236 2664/2767/2236
f 2656/2754/2237 2657/2756/2237 2666/2769/2237 2665/2768/2237
f 2657/2760/2238 2793/2759/2238 2794/2770/2238 2666/2771/2238
f 2658/2762/2239 2659/2761/2239 2668/2772/2239 2667/2773/2239
f 2659/2761/2240 2660/2763/2240 2669/2774/2240 2668/2772/2240
f 2660/2763/2241 2661/2764/2241 2670/2775/2241 2669/2774/2241
f 2661/2764/2242 2662/2765/2242 2671/2776/2242 2670/2775/2242
f 2662/2765/2243 2663/2766/2243 2672/2777/2243 2671/2776/2243
f 2663/2766/2244 2664/2767/2244 2673/2778/2244 2672/2777/2244
f 2664/2767/2245 2665/2768/2245 2674/2779/2245 2673/2778/2245
f 2665/2768/2246 2666/2769/2246 2675/2780/2246 2674/2779/2246
f 2666/2771/2247 2794/2770/2247 2795/2781/2247 2675/2782/2247
f 2667/2773/2248 2668/2772/2248 2677/2783/2248 2676/2784/2248
f 2668/2772/2249 2669/2774/2249 2678/2785/2249 2677/2783/2249
f 2669/2774/2250 2670/2775/2250 2679/2786/2250 2678/2785/2250
f 2670/2775/2251 2671/2776/2251 2680/2787/2251 2679/2786/2251
f 2671/2776/2252 2672/2777/2252 2681/2788/2252 2680/2787/2252
f 2672/2777/2253 2673/2778/2253 2682/2789/2253 2681/2788/2253
f 2673/2778/2254 2674/2779/2254 2683/2790/2254 2682/2789/2254
f 2674/2779/2255 2675/2780/2255 2684/2791/2255 2683/2790/2255
f 2675/2782/2256 2795/2781/2256 2796/2792/2256 2684/2793/2256
f 2676/2784/2257 2677/2783/2257 2686/2794/2257 2685/2795/2257
f 2677/2783/2258 2678/2785/2258 2687/2796/2258 2686/2794/2258
f 2678/2785/2259 2679/2786/2259 2688/2797/2259 2687/2796/2259
f 2679/2786/2260 2680/2787/2260 2689/2798/2260 2688/2797/2260
f 2680/2787/2261 2681/2788/2261 2690/2799/2261 2689/2798/2261
f 2681/2788/2262 2682/2789/2262 2691/2800/2262 2690/2799/2262
f 2682/2789/2263 2683/2790/2263 2692/2801/2263 2691/2800/2263
f 2683/2790/2264 2684/2791/2264 2693/2802/2264 2692/2801/2264
f 2684/2793/2265 2796/2792/2265 2797/2803/2265 2693/2804/2265
f 2685/2795/2266 2686/2794/2266 2695/2805/2266 2694/2806/2266
f 2686/2794/2267 2687/2796/2267 2696/2807/2267 2695/2805/2267
f 2687/2796/2268 2688/2797/2268 2697/2808/2268 2696/2807/2268
f 2688/2797/2269 2689/2798/2269 2698/2809/2269 2697/2808/2269
f 2689/2798/2270 2690/2799/2270 2699/2810/2270 2698/2809/2270
f 2690/2799/2271 2691/2800/2271 2700/2811/2271 2699/2810/2271
f 2691/2800/2272 2692/2801/2272 2701/2812/2272 2700/2811/2272
f 2692/2801/2273 2693/2802/2273 2702/2813/2273 2701/2812/2273
f 2693/2804/2274 2797/2803/2274 2798/2814/2274 2702/2815/2274
f 2694/2806/2275 2695/2805/2275 2704/2816/2275 2703/2817/2275
f 2695/2805/2276 2696/2807/2276 2705/2818/2276 2704/2816/2276
f 2696/2807/2277 2697/2808/2277 2706/2819/2277 2705/2818/2277
f 2697/2808/2278 2698/2809/2278 2707/2820/2278 2706/2819/2278
f 2698/2809/2279 2699/2810/2279 2708/2821/2279 2707/2820/2279
f 2699/2810/2280 2700/2811/2280 2709/2822/2280 2708/2821/2280
f 2700/2811/2281 2701/2812/2281 2710/2823/2281 2709/2822/2281
f 2701/2812/2282 2702/2813/2282 2711/2824/2282 2710/2823/2282
f 2702/2815/2283 2798/2814/2283 2799/2825/2283 2711/2826/2283
f 2703/2817/2284 2704/2816/2284 2713/2678/2284 2712/2677/2284
f 2704/2816/2285 2705/2818/2285 2714/2688/2285 2713/2678/2285
f 2705/2818/2286 2706/2819/2286 2715/2698/2286 2714/2688/2286
f 2706/2819/2287 2707/2820/2287 2716/2708/2287 2715/2698/2287
f 2707/2820/2288 2708/2821/2288 2717/2718/2288 2716/2708/2288
f 2708/2821/2289 2709/2822/2289 2718/2728/2289 2717/2718/2289
f 2709/2822/2290 2710/2823/2290 2719/2738/2290 2718/2728/2290
f 2710/2823/2291 2711/2824/2291 2720/2739/2291 2719/2738/2291
f 2711/2826/2292 2799/2825/2292 2800/2827/2292 2720/2828/2292
f 2480/183/2293 2721/2829/2293 2730/2830/2293 2729/2831/2293
f 2721/2829/2294 2722/2832/2294 2731/2833/2294 2730/2830/2294
f 2722/2832/2295 2723/2834/2295 2732/2835/2295 2731/2833/2295
f 2723/2834/2296 2724/2836/2296 2733/2837/2296 2732/2835/2296
f 2724/2836/2297 2725/2838/2297 2734/2839/2297 2733/2837/2297
f 2725/2838/2298 2726/2840/2298 2735/2841/2298 2734/2839/2298
f 2726/2840/2299 2727/2842/2299 2736/2843/2299 2735/2841/2299
f 2727/2842/2300 2728/2844/2300 2737/2845/2300 2736/2843/2300
f 2728/2844/2301 2552/2650/2301 2553/2649/2301 2737/2845/2301
f 2729/2831/2302 2730/2830/2302 2739/2846/2302 2738/2847/2302
f 2730/2830/2303 2731/2833/2303 2740/2848/2303 2739/2846/2303
f 2731/2833/2304 2732/2835/2304 2741/2849/2304 2740/2848/2304
f 2732/2835/2305 2733/2837/2305 2742/2850/2305 2741/2849/2305
f 2733/2837/2306 2734/2839/2306 2743/2851/2306 2742/2850/2306
f 2734/2839/2307 2735/2841/2307 2744/2852/2307 2743/2851/2307
f 2735/2841/2308 2736/2843/2308 2745/2853/2308 2744/2852/2308
f 2736/2843/2309 2737/2845/2309 2746/2854/2309 2745/2853/2309
f 2737/2845/2310 2553/2649/2310 2554/2651/2310 2746/2854/2310
f 2738/2847/2311 2739/2846/2311 2748/2855/2311 2747/2856/2311
f 2739/2846/2312 2740/2848/2312 2749/2857/2312 2748/2855/2312
f 2740/2848/2313 2741/2849/2313 2750/2858/2313 2749/2857/2313
f 2741/2849/2314 2742/2850/2314 2751/2859/2314 2750/2858/2314
f 2742/2850/2315 2743/2851/2315 2752/2860/2315 2751/2859/2315
f 2743/2851/2316 2744/2852/2316 2753/2861/2316 2752/2860/2316
f 2744/2852/2317 2745/2853/2317 2754/2862/2317 2753/2861/2317
f 2745/2853/2318 2746/2854/2318 2755/2863/2318 2754/2862/2318
f 2746/2854/2319 2554/2651/2319 2555/2652/2319 2755/2863/2319
f 2747/2856/2320 2748/2855/2320 2757/2864/2320 2756/2865/2320
f 2748/2855/2321 2749/2857/2321 2758/2866/2321 2757/2864/2321
f 2749/2857/2322 2750/2858/2322 2759/2867/2322 2758/2866/2322
f 2750/2858/2323 2751/2859/2323 2760/2868/2323 2759/2867/2323
f 2751/2859/2324 2752/2860/2324 2761/2869/2324 2760/2868/2324
f 2752/2860/2325 2753/2861/2325 2762/2870/2325 2761/2869/2325
f 2753/2861/2326 2754/2862/2326 2763/2871/2326 2762/2870/2326
f 2754/2862/2327 2755/2863/2327 2764/2872/2327 2763/2871/2327
f 2755/2863/2328 2555/2652/2328 2556/2653/2328 2764/2872/2328
f 2756/2865/2329 2757/2864/2329 2766/2873/2329 2765/2874/2329
f 2757/2864/2330 2758/2866/2330 2767/2875/2330 2766/2873/2330
f 2758/2866/2331 2759/2867/2331 2768/2876/2331 2767/2875/2331
f 2759/2867/2332 2760/2868/2332 2769/2877/2332 2768/2876/2332
f 2760/2868/2333 2761/2869/2333 2770/2878/2333 2769/2877/2333
f 2761/2869/2334 2762/2870/2334 2771/2879/2334 2770/2878/2334
f 2762/2870/2335 2763/2871/2335 2772/2880/2335 2771/2879/2335
f 2763/2871/2336 2764/2872/2336 2773/2881/2336 2772/2880/2336
f 2764/2872/2337 2556/2653/2337 2557/2654/2337 2773/2881/2337
f 2765/2874/2338 2766/2873/2338 2775/2882/2338 2774/2883/2338
f 2766/2873/2339 2767/2875/2339 2776/2884/2339 2775/2882/2339
f 2767/2875/2340 2768/2876/2340 2777/2885/2340 2776/2884/2340
f 2768/2876/2341 2769/2877/2341 2778/2886/2341 2777/2885/2341
f 2769/2877/2342 2770/2878/2342 2779/2887/2342 2778/2886/2342
f 2770/2878/2343 2771/2879/2343 2780/2888/2343 2779/2887/2343
f 2771/2879/2344 2772/2880/2344 2781/2889/2344 2780/2888/2344
f 2772/2880/2345 2773/2881/2345 2782/2890/2345 2781/2889/2345
f 2773/2881/2346 2557/2654/2346 2558/2655/2346 2782/2890/2346
f 2774/2883/2347 2775/2882/2347 2784/2891/2347 2783/2892/2347
f 2775/2882/2348 2776/2884/2348 2785/2893/2348 2784/2891/2348
f 2776/2884/2349 2777/2885/2349 2786/2894/2349 2785/2893/2349
f 2777/2885/2350 2778/2886/2350 2787/2895/2350 2786/2894/2350
f 2778/2886/2351 2779/2887/2351 2788/2896/2351 2787/2895/2351
f 2779/2887/2352 2780/2888/2352 2789/2897/2352 2788/2896/2352
f 2780/2888/2353 2781/2889/2353 2790/2898/2353 2789/2897/2353
f 2781/2889/2354 2782/2890/2354 2791/2899/2354 2790/2898/2354
f 2782/2890/2355 2558/2655/2355 2559/2656/2355 2791/2899/2355
f 2783/2892/2356 2784/2891/2356 2793/2759/2356 2792/2758/2356
f 2784/2891/2357 2785/2893/2357 2794/2770/2357 2793/2759/2357
f 2785/2893/2358 2786/2894/2358 2795/2781/2358 2794/2770/2358
f 2786/2894/2359 2787/2895/2359 2796/2792/2359 2795/2781/2359
f 2787/2895/2360 2788/2896/2360 2797/2803/2360 2796/2792/2360
f 2788/2896/2361 2789/2897/2361 2798/2814/2361 2797/2803/2361
f 2789/2897/2362 2790/2898/2362 2799/2825/2362 2798/2814/2362
f 2790/2898/2363 2791/2899/2363 2800/2827/2363 2799/2825/2363
f 2791/2899/2364 2559/2656/2364 2560/2657/2364 2800/2827/2364
f 2560/2659/2365 2640/2658/2365 2720/2900/2365 2800/2901/2365
f 2801/168/2366 2805/2902/2366 2814/2903/2366 2813/2904/2366
f 2805/2902/2367 2806/2905/2367 2815/2906/2367 2814/2903/2367
f 2806/2905/2368 2807/2907/2368 2816/2908/2368 2815/2906/2368
f 2807/2907/2369 2808/2909/2369 2817/2910/2369 2816/2908/2369
f 2808/2909/2370 2809/2911/2370 2818/2912/2370 2817/2910/2370
f 2809/2911/2371 2810/2913/2371 2819/2914/2371 2818/2912/2371
f 2810/2913/2372 2811/2915/2372 2820/2916/2372 2819/2914/2372
f 2811/2915/2373 2812/2917/2373 2821/2918/2373 2820/2916/2373
f 2812/2917/2374 2956/2919/2374 2957/2920/2374 2821/2918/2374
f 2813/2904/2375 2814/2903/2375 2823/2921/2375 2822/2922/2375
f 2814/2903/2376 2815/2906/2376 2824/2923/2376 2823/2921/2376
f 2815/2906/2377 2816/2908/2377 2825/2924/2377 2824/2923/2377
f 2816/2908/2378 2817/2910/2378 2826/2925/2378 2825/2924/2378
f 2817/2910/2379 2818/2912/2379 2827/2926/2379 2826/2925/2379
f 2818/2912/2380 2819/2914/2380 2828/2927/2380 2827/2926/2380
f 2819/2914/2381 2820/2916/2381 2829/2928/2381 2828/2927/2381
f 2820/2916/2382 2821/2918/2382 2830/2929/2382 2829/2928/2382
f 2821/2918/2383 2957/2920/2383 2958/2930/2383 2830/2929/2383
f 2822/2922/2384 2823/2921/2384 2832/2931/2384 2831/2932/2384
f 2823/2921/2385 2824/2923/2385 2833/2933/2385 2832/2931/2385
f 2824/2923/2386 2825/2924/2386 2834/2934/2386 2833/2933/2386
f 2825/2924/2387 2826/2925/2387 2835/2935/2387 2834/2934/2387
f 2826/2925/2388 2827/2926/2388 2836/2936/2388 2835/2935/2388
f 2827/2926/2389 2828/2927/2389 2837/2937/2389 2836/2936/2389
f 2828/2927/2390 2829/2928/2390 2838/2938/2390 2837/2937/2390
f 2829/2928/2391 2830/2929/2391 2839/2939/2391 2838/2938/2391
f 2830/2929/2392 2958/2930/2392 2959/2940/2392 2839/2939/2392
f 2831/2932/2393 2832/2931/2393 2841/2941/2393 2840/2942/2393
f 2832/2931/2394 2833/2933/2394 2842/2943/2394 2841/2941/2394
f 2833/2933/2395 2834/2934/2395 2843/2944/2395 2842/2943/2395
f 2834/2934/2396 2835/2935/2396 2844/2945/2396 2843/2944/2396
f 2835/2935/2397 2836/2936/2397 2845/2946/2397 2844/2945/2397
f 2836/2936/2398 2837/2937/2398 2846/2947/2398 2845/2946/2398
f 2837/2937/2399 2838/2938/2399 2847/2948/2399 2846/2947/2399
f 2838/2938/2400 2839/2939/2400 2848/2949/2400 2847/2948/2400
f 2839/2939/2401 2959/2940/2401 2960/2950/2401 2848/2949/2401
f 2840/2942/2402 2841/2941/2402 2850/2951/2402 2849/2952/2402
f 2841/2941/2403 2842/2943/2403 2851/2953/2403 2850/2951/2403
f 2842/2943/2404 2843/2944/2404 2852/2954/2404 2851/2953/2404
f 2843/2944/2405 2844/2945/2405 2853/2955/2405 2852/2954/2405
f 2844/2945/2406 2845/2946/2406 2854/2956/2406 2853/2955/2406
f 2845/2946/2407 2846/2947/2407 2855/2957/2407 2854/2956/2407
f 2846/2947/2408 2847/2948/2408 2856/2958/2408 2855/2957/2408
f 2847/2948/2409 2848/2949/2409 2857/2959/2409 2856/2958/2409
f 2848/2949/2410 2960/2950/2410 2961/2960/2410 2857/2959/2410
f 2849/2952/2411 2850/2951/2411 2859/2961/2411 2858/2962/2411
f 2850/2951/2412 2851/2953/2412 2860/2963/2412 2859/2961/2412
f 2851/2953/2413 2852/2954/2413 2861/2964/2413 2860/2963/2413
f 2852/2954/2414 2853/2955/2414 2862/2965/2414 2861/2964/2414
f 2853/2955/2415 2854/2956/2415 2863/2966/2415 2862/2965/2415
f 2854/2956/2416 2855/2957/2416 2864/2967/2416 2863/2966/2416
f 2855/2957/2417 2856/2958/2417 2865/2968/2417 2864/2967/2417
f 2856/2958/2418 2857/2959/2418 2866/2969/2418 2865/2968/2418
f 2857/2959/2419 2961/2960/2419 2962/2970/2419 2866/2969/2419
f 2858/2962/2420 2859/2961/2420 2868/2971/2420 2867/2972/2420
f 2859/2961/2421 2860/2963/2421 2869/2973/2421 2868/2971/2421
f 2860/2963/2422 2861/2964/2422 2870/2974/2422 2869/2973/2422
f 2861/2964/2423 2862/2965/2423 2871/2975/2423 2870/2974/2423
f 2862/2965/2424 2863/2966/2424 2872/2976/2424 2871/2975/2424
f 2863/2966/2425 2864/2967/2425 2873/2977/2425 2872/2976/2425
f 2864/2967/2426 2865/2968/2426 2874/2978/2426 2873/2977/2426
f 2865/2968/2427 2866/2969/2427 2875/2979/2427 2874/2978/2427
f 2866/2969/2428 2962/2970/2428 2963/2980/2428 2875/2979/2428
f 2867/2972/2429 2868/2971/2429 2877/2981/2429 2876/2982/2429
f 2868/2971/2430 2869/2973/2430 2878/2983/2430 2877/2981/2430
f 2869/2973/2431 2870/2974/2431 2879/2984/2431 2878/2983/2431
f 2870/2974/2432 2871/2975/2432 2880/2985/2432 2879/2984/2432
f 2871/2975/2433 2872/2976/2433 2881/2986/2433 2880/2985/2433
f 2872/2976/2434 2873/2977/2434 2882/2987/2434 2881/2986/2434
f 2873/2977/2435 2874/2978/2435 2883/2988/2435 2882/2987/2435
f 2874/2978/2436 2875/2979/2436 2884/2989/2436 2883/2988/2436
f 2875/2979/2437 2963/2980/2437 2964/2990/2437 2884/2989/2437
f 2802/180/2438 2885/2991/2438 2894/2992/2438 2893/2993/2438
f 2885/2991/2439 2886/2994/2439 2895/2995/2439 2894/2992/2439
f 2886/2994/2440 2887/2996/2440 2896/2997/2440 2895/2995/2440
f 2887/2996/2441 2888/2998/2441 2897/2999/2441 2896/2997/2441
f 2888/2998/2442 2889/3000/2442 2898/3001/2442 2897/2999/2442
f 2889/3000/2443 2890/3002/2443 2899/3003/2443 2898/3001/2443
f 2890/3002/2444 2891/3004/2444 2900/3005/2444 2899/3003/2444
f 2891/3004/2445 2892/3006/2445 2901/3007/2445 2900/3005/2445
f 2892/3006/2446 3036/3008/2446 3037/3009/2446 2901/3007/2446
f 2893/2993/2447 2894/2992/2447 2903/3010/2447 2902/3011/2447
f 2894/2992/2448 2895/2995/2448 2904/3012/2448 2903/3010/2448
f 2895/2995/2449 2896/2997/2449 2905/3013/2449 2904/3012/2449
f 2896/2997/2450 2897/2999/2450 2906/3014/2450 2905/3013/2450
f 2897/2999/2451 2898/3001/2451 2907/3015/2451 2906/3014/2451
f 2898/3001/2452 2899/3003/2452 2908/3016/2452 2907/3015/2452
f 2899/3003/2453 2900/3005/2453 2909/3017/2453 2908/3016/2453
f 2900/3005/2454 2901/3007/2454 2910/3018/2454 2909/3017/2454
f 2901/3007/2455 3037/3009/2455 3038/3019/2455 2910/3018/2455
f 2902/3011/2456 2903/3010/2456 2912/3020/2456 2911/3021/2456
f 2903/3010/2457 2904/3012/2457 2913/3022/2457 2912/3020/2457
f 2904/3012/2458 2905/3013/2458 2914/3023/2458 2913/3022/2458
f 2905/3013/2459 2906/3014/2459 2915/3024/2459 2914/3023/2459
f 2906/3014/2460 2907/3015/2460 2916/3025/2460 2915/3024/2460
f 2907/3015/2461 2908/3016/2461 2917/3026/2461 2916/3025/2461
f 2908/3016/2462 2909/3017/2462 2918/3027/2462 2917/3026/2462
f 2909/3017/2463 2910/3018/2463 2919/3028/2463 2918/3027/2463
f 2910/3018/2464 3038/3019/2464 3039/3029/2464 2919/3028/2464
f 2911/3021/2465 2912/3020/2465 2921/3030/2465 2920/3031/2465
f 2912/3020/2466 2913/3022/2466 2922/3032/2466 2921/3030/2466
f 2913/3022/2467 2914/3023/2467 2923/3033/2467 2922/3032/2467
f 2914/3023/2468 2915/3024/2468 2924/3034/2468 2923/3033/2468
f 2915/3024/2469 2916/3025/2469 2925/3035/2469 2924/3034/2469
f 2916/3025/2470 2917/3026/2470 2926/3036/2470 2925/3035/2470
f 2917/3026/2471 2918/3027/2471 2927/3037/2471 2926/3036/2471
f 2918/3027/2472 2919/3028/2472 2928/3038/2472 2927/3037/2472
f 2919/3028/2473 3039/3029/2473 3040/3039/2473 2928/3038/2473
f 2920/3031/2474 2921/3030/2474 2930/3040/2474 2929/3041/2474
f 2921/3030/2475 2922/3032/2475 2931/3042/2475 2930/3040/2475
f 2922/3032/2476 2923/3033/2476 2932/3043/2476 2931/3042/2476
f 2923/3033/2477 2924/3034/2477 2933/3044/2477 2932/3043/2477
f 2924/3034/2478 2925/3035/2478 2934/3045/2478 2933/3044/2478
f 2925/3035/2479 2926/3036/2479 2935/3046/2479 2934/3045/2479
f 2926/3036/2480 2927/3037/2480 2936/3047/2480 2935/3046/2480
f 2927/3037/2481 2928/3038/2481 2937/3048/2481 2936/3047/2481
f 2928/3038/2482 3040/3039/2482 3041/3049/2482 2937/3048/2482
f 2929/3041/2483 2930/3040/2483 2939/3050/2483 2938/3051/2483
f 2930/3040/2484 2931/3042/2484 2940/3052/2484 2939/3050/2484
f 2931/3042/2485 2932/3043/2485 2941/3053/2485 2940/3052/2485
f 2932/3043/2486 2933/3044/2486 2942/3054/2486 2941/3053/2486
f 2933/3044/2487 2934/3045/2487 2943/3055/2487 2942/3054/2487
f 2934/3045/2488 2935/3046/2488 2944/3056/2488 2943/3055/2488
f 2935/3046/2489 2936/3047/2489 2945/3057/2489 2944/3056/2489
f 2936/3047/2490 2937/3048/2490 2946/3058/2490 2945/3057/2490
f 2937/3048/2491 3041/3049/2491 3042/3059/2491 2946/3058/2491
f 2938/3051/2492 2939/3050/2492 2948/3060/2492 2947/3061/2492
f 2939/3050/2493 2940/3052/2493 2949/3062/2493 2948/3060/2493
f 2940/3052/2494 2941/3053/2494 2950/3063/2494 2949/3062/2494
f 2941/3053/2495 2942/3054/2495 2951/3064/2495 2950/3063/2495
f 2942/3054/2496 2943/3055/2496 2952/3065/2496 2951/3064/2496
f 2943/3055/2497 2944/3056/2497 2953/3066/2497 2952/3065/2497
f 2944/3056/2498 2945/3057/2498 2954/3067/2498 2953/3066/2498
f 2945/3057/2499 2946/3058/2499 2955/3068/2499 2954/3067/2499
f 2946/3058/2500 3042/3059/2500 3043/3069/2500 2955/3068/2500
f 2947/3061/2501 2948/3060/2501 2957/2920/2501 2956/2919/2501
f 2948/3060/2502 2949/3062/2502 2958/2930/2502 2957/2920/2502
f 2949/3062/2503 2950/3063/2503 2959/2940/2503 2958/2930/2503
f 2950/3063/2504 2951/3064/2504 2960/2950/2504 2959/2940/2504
f 2951/3064/2505 2952/3065/2505 2961/2960/2505 2960/2950/2505
f 2952/3065/2506 2953/3066/2506 2962/2970/2506 2961/2960/2506
f 2953/3066/2507 2954/3067/2507 2963/2980/2507 2962/2970/2507
f 2954/3067/2508 2955/3068/2508 2964/2990/2508 2963/2980/2508
f 2955/3068/2509 3043/3069/2509 3044/3070/2509 2964/2990/2509
f 2803/214/2510 2965/3071/2510 2974/3072/2510 2973/3073/2510
f 2965/3071/2511 2966/3074/2511 2975/3075/2511 2974/3072/2511
f 2966/3074/2512 2967/3076/2512 2976/3077/2512 2975/3075/2512
f 2967/3076/2513 2968/3078/2513 2977/3079/2513 2976/3077/2513
f 2968/3078/2514 2969/3080/2514 2978/3081/2514 2977/3079/2514
f 2969/3080/2515 2970/3082/2515 2979/3083/2515 2978/3081/2515
f 2970/3082/2516 2971/3084/2516 2980/3085/2516 2979/3083/2516
f 2971/3084/2517 2972/3086/2517 2981/3087/2517 2980/3085/2517
f 2972/3086/2518 3116/3088/2518 3117/3089/2518 2981/3087/2518
f 2973/3073/2519 2974/3072/2519 2983/3090/2519 2982/3091/2519
f 2974/3072/2520 2975/3075/2520 2984/3092/2520 2983/3090/2520
f 2975/3075/2521 2976/3077/2521 2985/3093/2521 2984/3092/2521
f 2976/3077/2522 2977/3079/2522 2986/3094/2522 2985/3093/2522
f 2977/3079/2523 2978/3081/2523 2987/3095/2523 2986/3094/2523
f 2978/3081/2524 2979/3083/2524 2988/3096/2524 2987/3095/2524
f 2979/3083/2525 2980/3085/2525 2989/3097/2525 2988/3096/2525
f 2980/3085/2526 2981/3087/2526 2990/3098/2526 2989/3097/2526
f 2981/3087/2527 3117/3089/2527 3118/3099/2527 2990/3098/2527
f 2982/3091/2528 2983/3090/2528 2992/3100/2528 2991/3101/2528
f 2983/3090/2529 2984/3092/2529 2993/3102/2529 2992/3100/2529
f 2984/3092/2530 2985/3093/2530 2994/3103/2530 2993/3102/2530
f 2985/3093/2531 2986/3094/2531 2995/3104/2531 2994/3103/2531
f 2986/3094/2532 2987/3095/2532 2996/3105/2532 2995/3104/2532
f 2987/3095/2533 2988/3096/2533 2997/3106/2533 2996/3105/2533
f 2988/3096/2534 2989/3097/2534 2998/3107/2534 2997/3106/2534
f 2989/3097/2535 2990/3098/2535 2999/3108/2535 2998/3107/2535
f 2990/3098/2536 3118/3099/2536 3119/3109/2536 2999/3108/2536
f 2991/3101/2537 2992/3100/2537 3001/3110/2537 3000/3111/2537
f 2992/3100/2538 2993/3102/2538 3002/3112/2538 3001/3110/2538
f 2993/3102/2539 2994/3103/2539 3003/3113/2539 3002/3112/2539
f 2994/3103/2540 2995/3104/2540 3004/3114/2540 3003/3113/2540
f 2995/3104/2541 2996/3105/2541 3005/3115/2541 3004/3114/2541
f 2996/3105/2542 2997/3106/2542 3006/3116/2542 3005/3115/2542
f 2997/3106/2543 2998/3107/2543 3007/3117/2543 3006/3116/2543
f 2998/3107/2544 2999/3108/2544 3008/3118/2544 3007/3117/2544
f 2999/3108/2545 3119/3109/2545 3120/3119/2545 3008/3118/2545
f 3000/3111/2546 3001/3110/2546 3010/3120/2546 3009/3121/2546
f 3001/3110/2547 3002/3112/2547 3011/3122/2547 3010/3120/2547
f 3002/3112/2548 3003/3113/2548 3012/3123/2548 3011/3122/2548
f 3003/3113/2549 3004/3114/2549 3013/3124/2549 3012/3123/2549
f 3004/3114/2550 3005/3115/2550 3014/3125/2550 3013/3124/2550
f 3005/3115/2551 3006/3116/2551 3015/3126/2551 3014/3125/2551
f 3006/3116/2552 3007/3117/2552 3016/3127/2552 3015/3126/2552
f 3007/3117/2553 3008/3118/2553 3017/3128/2553 3016/3127/2553
f 3008/3118/2554 3120/3119/2554 3121/3129/2554 3017/3128/2554
f 3009/3121/2555 3010/3120/2555 3019/3130/2555 3018/3131/2555
f 3010/3120/2556 3011/3122/2556 3020/3132/2556 3019/3130/2556
f 3011/3122/2557 3012/3123/2557 3021/3133/2557 3020/3132/2557
f 3012/3123/2558 3013/3124/2558 3022/3134/2558 3021/3133/2558
f 3013/3124/2559 3014/3125/2559 3023/3135/2559 3022/3134/2559
f 3014/3125/2560 3015/3126/2560 3024/3136/2560 3023/3135/2560
f 3015/3126/2561 3016/3127/2561 3025/3137/2561 3024/3136/2561
f 3016/3127/2562 3017/3128/2562 3026/3138/2562 3025/3137/2562
f 3017/3128/2563 3121/3129/2563 3122/3139/2563 3026/3138/2563
f 3018/3131/2564 3019/3130/2564 3028/3140/2564 3027/3141/2564
f 3019/3130/2565 3020/3132/2565 3029/3142/2565 3028/3140/2565
f 3020/3132/2566 3021/3133/2566 3030/3143/2566 3029/3142/2566
f 3021/3133/2567 3022/3134/2567 3031/3144/2567 3030/3143/2567
f 3022/3134/2568 3023/3135/2568 3032/3145/2568 3031/3144/2568
f 3023/3135/2569 3024/3136/2569 3033/3146/2569 3032/3145/2569
f 3024/3136/2570 3025/3137/2570 3034/3147/2570 3033/3146/2570
f 3025/3137/2571 3026/3138/2571 3035/3148/2571 3034/3147/2571
f 3026/3138/2572 3122/3139/2572 3123/3149/2572 3035/3148/2572
f 3027/3141/2573 3028/3140/2573 3037/3009/2573 3036/3008/2573
f 3028/3140/2574 3029/3142/2574 3038/3019/2574 3037/3009/2574
f 3029/3142/2575 3030/3143/2575 3039/3029/2575 3038/3019/2575
f 3030/3143/2576 3031/3144/2576 3040/3039/2576 3039/3029/2576
f 3031/3144/2577 3032/3145/2577 3041/3049/2577 3040/3039/2577
f 3032/3145/2578 3033/3146/2578 3042/3059/2578 3041/3049/2578
f 3033/3146/2579 3034/3147/2579 3043/3069/2579 3042/3059/2579
f 3034/3147/2580 3035/3148/2580 3044/3070/2580 3043/3069/2580
f 3035/3148/2581 3123/3149/2581 3124/3150/2581 3044/3070/2581
f 2804/177/2582 3045/3151/2582 3054/3152/2582 3053/3153/2582
f 3045/3151/2583 3046/3154/2583 3055/3155/2583 3054/3152/2583
f 3046/3154/2584 3047/3156/2584 3056/3157/2584 3055/3155/2584
f 3047/3156/2585 3048/3158/2585 3057/3159/2585 3056/3157/2585
f 3048/3158/2586 3049/3160/2586 3058/3161/2586 3057/3159/2586
f 3049/3160/2587 3050/3162/2587 3059/3163/2587 3058/3161/2587
f 3050/3162/2588 3051/3164/2588 3060/3165/2588 3059/3163/2588
f 3051/3164/2589 3052/3166/2589 3061/3167/2589 3060/3165/2589
f 3052/3166/2590 2876/2982/2590 2877/2981/2590 3061/3167/2590
f 3053/3153/2591 3054/3152/2591 3063/3168/2591 3062/3169/2591
f 3054/3152/2592 3055/3155/2592 3064/3170/2592 3063/3168/2592
f 3055/3155/2593 3056/3157/2593 3065/3171/2593 3064/3170/2593
f 3056/3157/2594 3057/3159/2594 3066/3172/2594 3065/3171/2594
f 3057/3159/2595 3058/3161/2595 3067/3173/2595 3066/3172/2595
f 3058/3161/2596 3059/3163/2596 3068/3174/2596 3067/3173/2596
f 3059/3163/2597 3060/3165/2597 3069/3175/2597 3068/3174/2597
f 3060/3165/2598 3061/3167/2598 3070/3176/2598 3069/3175/2598
f 3061/3167/2599 2877/2981/2599 2878/2983/2599 3070/3176/2599
f 3062/3169/2600 3063/3168/2600 3072/3177/2600 3071/3178/2600
f 3063/3168/2601 3064/3170/2601 3073/3179/2601 3072/3177/2601
f 3064/3170/2602 3065/3171/2602 3074/3180/2602 3073/3179/2602
f 3065/3171/2603 3066/3172/2603 3075/3181/2603 3074/3180/2603
f 3066/3172/2604 3067/3173/2604 3076/3182/2604 3075/3181/2604
f 3067/3173/2605 3068/3174/2605 3077/3183/2605 3076/3182/2605
f 3068/3174/2606 3069/3175/2606 3078/3184/2606 3077/3183/2606
f 3069/3175/2607 3070/3176/2607 3079/3185/2607 3078/3184/2607
f 3070/3176/2608 2878/2983/2608 2879/2984/2608 3079/3185/2608
f 3071/3178/2609 3072/3177/2609 3081/3186/2609 3080/3187/2609
f 3072/3177/2610 3073/3179/2610 3082/3188/2610 3081/3186/2610
f 3073/3179/2611 3074/3180/2611 3083/3189/2611 3082/3188/2611
f 3074/3180/2612 3075/3181/2612 3084/3190/2612 3083/3189/2612
f 3075/3181/2613 3076/3182/2613 3085/3191/2613 3084/3190/2613
f 3076/3182/2614 3077/3183/2614 3086/3192/2614 3085/3191/2614
f 3077/3183/2615 3078/3184/2615 3087/3193/2615 3086/3192/2615
f 3078/3184/2616 3079/3185/2616 3088/3194/2616 3087/3193/2616
f 3079/3185/2617 2879/2984/2617 2880/2985/2617 3088/3194/2617
f 3080/3187/2618 3081/3186/2618 3090/3195/2618 3089/3196/2618
f 3081/3186/2619 3082/3188/2619 3091/3197/2619 3090/3195/2619
f 3082/3188/2620 3083/3189/2620 3092/3198/2620 3091/3197/2620
f 3083/3189/2621 3084/3190/2621 3093/3199/2621 3092/3198/2621
f 3084/3190/2622 3085/3191/2622 3094/3200/2622 3093/3199/2622
f 3085/3191/2623 3086/3192/2623 3095/3201/2623 3094/3200/2623
f 3086/3192/2624 3087/3193/2624 3096/3202/2624 3095/3201/2624
f 3087/3193/2625 3088/3194/2625 3097/3203/2625 3096/3202/2625
f 3088/3194/2626 2880/2985/2626 2881/2986/2626 3097/3203/2626
f 3089/3196/2627 3090/3195/2627 3099/3204/2627 3098/3205/2627
f 3090/3195/2628 3091/3197/2628 3100/3206/2628 3099/3204/2628
f 3091/3197/2629 3092/3198/2629 3101/3207/2629 3100/3206/2629
f 3092/3198/2630 3093/3199/2630 3102/3208/2630 3101/3207/2630
f 3093/3199/2631 3094/3200/2631 3103/3209/2631 3102/3208/2631
f 3094/3200/2632 3095/3201/2632 3104/3210/2632 3103/3209/2632
f 3095/3201/2633 3096/3202/2633 3105/3211/2633 3104/3210/2633
f 3096/3202/2634 3097/3203/2634 3106/3212/2634 3105/3211/2634
f 3097/3203/2635 2881/2986/2635 2882/2987/2635 3106/3212/2635
f 3098/3205/2636 3099/3204/2636 3108/3213/2636 3107/3214/2636
f 3099/3204/2637 3100/3206/2637 3109/3215/2637 3108/3213/2637
f 3100/3206/2638 3101/3207/2638 3110/3216/2638 3109/3215/2638
f 3101/3207/2639 3102/3208/2639 3111/3217/2639 3110/3216/2639
f 3102/3208/2640 3103/3209/2640 3112/3218/2640 3111/3217/2640
f 3103/3209/2641 3104/3210/2641 3113/3219/2641 3112/3218/2641
f 3104/3210/2642 3105/3211/2642 3114/3220/2642 3113/3219/2642
f 3105/3211/2643 3106/3212/2643 3115/3221/2643 3114/3220/2643
f 3106/3212/2644 2882/2987/2644 2883/2988/2644 3115/3221/2644
f 3107/3214/2645 3108/3213/2645 3117/3089/2645 3116/3088/2645
f 3108/3213/2646 3109/3215/2646 3118/3099/2646 3117/3089/2646
f 3109/3215/2647 3110/3216/2647 3119/3109/2647 3118/3099/2647
f 3110/3216/2648 3111/3217/2648 3120/3119/2648 3119/3109/2648
f 3111/3217/2649 3112/3218/2649 3121/3129/2649 3120/3119/2649
f 3112/3218/2650 3113/3219/2650 3122/3139/2650 3121/3129/2650
f 3113/3219/2651 3114/3220/2651 3123/3149/2651 3122/3139/2651
f 3114/3220/2652 3115/3221/2652 3124/3150/2652 3123/3149/2652
f 3115/3221/2653 2883/2988/2653 2884/2989/2653 3124/3150/2653
f 2884/2989/2654 2964/2990/2654 3044/3070/2654 3124/3150/2654
f 3125/211/2655 3129/3222/2655 3138/3223/2655 3137/3224/2655
f 3129/3222/2656 3130/3225/2656 3139/3226/2656 3138/3223/2656
f 3130/3225/2657 3131/3227/2657 3140/3228/2657 3139/3226/2657
f 3131/3227/2658 3132/3229/2658 3141/3230/2658 3140/3228/2658
f 3132/3229/2659 3133/3231/2659 3142/3232/2659 3141/3230/2659
f 3133/3231/2660 3134/3233/2660 3143/3234/2660 3142/3232/2660
f 3134/3233/2661 3135/3235/2661 3144/3236/2661 3143/3234/2661
f 3135/3235/2662 3136/3237/2662 3145/3238/2662 3144/3236/2662
f 3136/3237/2663 3280/3239/2663 3281/3240/2663 3145/3238/2663
f 3137/3224/2664 3138/3223/2664 3147/3241/2664 3146/3242/2664
f 3138/3223/2665 3139/3226/2665 3148/3243/2665 3147/3241/2665
f 3139/3226/2666 3140/3228/2666 3149/3244/2666 3148/3243/2666
f 3140/3228/2667 3141/3230/2667 3150/3245/2667 3149/3244/2667
f 3141/3230/2668 3142/3232/2668 3151/3246/2668 3150/3245/2668
f 3142/3232/2669 3143/3234/2669 3152/3247/2669 3151/3246/2669
f 3143/3234/2670 3144/3236/2670 3153/3248/2670 3152/3247/2670
f 3144/3236/2671 3145/3238/2671 3154/3249/2671 3153/3248/2671
f 3145/3238/2672 3281/3240/2672 3282/3250/2672 3154/3249/2672
f 3146/3242/2673 3147/3241/2673 3156/3251/2673 3155/3252/2673
f 3147/3241/2674 3148/3243/2674 3157/3253/2674 3156/3251/2674
f 3148/3243/2675 3149/3244/2675 3158/3254/2675 3157/3253/2675
f 3149/3244/2676 3150/3245/2676 3159/3255/2676 3158/3254/2676
f 3150/3245/2677 3151/3246/2677 3160/3256/2677 3159/3255/2677
f 3151/3246/2678 3152/3247/2678 3161/3257/2678 3160/3256/2678
f 3152/3247/2679 3153/3248/2679 3162/3258/2679 3161/3257/2679
f 3153/3248/2680 3154/3249/2680 3163/3259/2680 3162/3258/2680
f 3154/3249/2681 3282/3250/2681 3283/3260/2681 3163/3259/2681
f 3155/3252/2682 3156/3251/2682 3165/3261/2682 3164/3262/2682
f 3156/3251/2683 3157/3253/2683 3166/3263/2683 3165/3261/2683
f 3157/3253/2684 3158/3254/2684 3167/3264/2684 3166/3263/2684
f 3158/3254/2685 3159/3255/2685 3168/3265/2685 3167/3264/2685
f 3159/3255/2686 3160/3256/2686 3169/3266/2686 3168/3265/2686
f 3160/3256/2687 3161/3257/2687 3170/3267/2687 3169/3266/2687
f 3161/3257/2688 3162/3258/2688 3171/3268/2688 3170/3267/2688
f 3162/3258/2689 3163/3259/2689 3172/3269/2689 3171/3268/2689
f 3163/3259/2690 3283/3260/2690 3284/3270/2690 3172/3269/2690
f 3164/3262/2691 3165/3261/2691 3174/3271/2691 3173/3272/2691
f 3165/3261/2692 3166/3263/2692 3175/3273/2692 3174/3271/2692
f 3166/3263/2693 3167/3264/2693 3176/3274/2693 3175/3273/2693
f 3167/3264/2694 3168/3265/2694 3177/3275/2694 3176/3274/2694
f 3168/3265/2695 3169/3266/2695 3178/3276/2695 3177/3275/2695
f 3169/3266/2696 3170/3267/2696 3179/3277/2696 3178/3276/2696
f 3170/3267/2697 3171/3268/2697 3180/3278/2697 3179/3277/2697
f 3171/3268/2698 3172/3269/2698 3181/3279/2698 3180/3278/2698
f 3172/3269/2699 3284/3270/2699 3285/3280/2699 3181/3279/2699
f 3173/3272/2700 3174/3271/2700 3183/3281/2700 3182/3282/2700
f 3174/3271/2701 3175/3273/2701 3184/3283/2701 3183/3281/2701
f 3175/3273/2702 3176/3274/2702 3185/3284/2702 3184/3283/2702
f 3176/3274/2703 3177/3275/2703 3186/3285/2703 3185/3284/2703
f 3177/3275/2704 3178/3276/2704 3187/3286/2704 3186/3285/2704
f 3178/3276/2705 3179/3277/2705 3188/3287/2705 3187/3286/2705
f 3179/3277/2706 3180/3278/2706 3189/3288/2706 3188/3287/2706
f 3180/3278/2707 3181/3279/2707 3190/3289/2707 3189/3288/2707
f 3181/3279/2708 3285/3280/2708 3286/3290/2708 3190/3289/2708
f 3182/3282/2709 3183/3281/2709 3192/3291/2709 3191/3292/2709
f 3183/3281/2710 3184/3283/2710 3193/3293/2710 3192/3291/2710
f 3184/3283/2711 3185/3284/2711 3194/3294/2711 3193/3293/2711
f 3185/3284/2712 3186/3285/2712 3195/3295/2712 3194/3294/2712
f 3186/3285/2713 3187/3286/2713 3196/3296/2713 3195/3295/2713
f 3187/3286/2714 3188/3287/2714 3197/3297/2714 3196/3296/2714
f 3188/3287/2715 3189/3288/2715 3198/3298/2715 3197/3297/2715
f 3189/3288/2716 3190/3289/2716 3199/3299/2716 3198/3298/2716
f 3190/3289/2717 3286/3290/2717 3287/3300/2717 3199/3299/2717
f 3191/3292/2718 3192/3291/2718 3201/3301/2718 3200/3302/2718
f 3192/3291/2719 3193/3293/2719 3202/3303/2719 3201/3301/2719
f 3193/3293/2720 3194/3294/2720 3203/3304/2720 3202/3303/2720
f 3194/3294/2721 3195/3295/2721 3204/3305/2721 3203/3304/2721
f 3195/3295/2722 3196/3296/2722 3205/3306/2722 3204/3305/2722
f 3196/3296/2723 3197/3297/2723 3206/3307/2723 3205/3306/2723
f 3197/3297/2724 3198/3298/2724 3207/3308/2724 3206/3307/2724
f 3198/3298/2725 3199/3299/2725 3208/3309/2725 3207/3308/2725
f 3199/3299/2726 3287/3300/2726 3288/3310/2726 3208/3309/2726
f 3126/182/2727 3209/3311/2727 3218/3312/2727 3217/3313/2727
f 3209/3311/2728 3210/3314/2728 3219/3315/2728 3218/3312/2728
f 3210/3314/2729 3211/3316/2729 3220/3317/2729 3219/3315/2729
f 3211/3316/2730 3212/3318/2730 3221/3319/2730 3220/3317/2730
f 3212/3318/2731 3213/3320/2731 3222/3321/2731 3221/3319/2731
f 3213/3320/2732 3214/3322/2732 3223/3323/2732 3222/3321/2732
f 3214/3322/2733 3215/3324/2733 3224/3325/2733 3223/3323/2733
f 3215/3324/2734 3216/3326/2734 3225/3327/2734 3224/3325/2734
f 3216/3328/2735 3360/3329/2735 3361/3330/2735 3225/3331/2735
f 3217/3313/2736 3218/3312/2736 3227/3332/2736 3226/3333/2736
f 3218/3312/2737 3219/3315/2737 3228/3334/2737 3227/3332/2737
f 3219/3315/2738 3220/3317/2738 3229/3335/2738 3228/3334/2738
f 3220/3317/2739 3221/3319/2739 3230/3336/2739 3229/3335/2739
f 3221/3319/2740 3222/3321/2740 3231/3337/2740 3230/3336/2740
f 3222/3321/2741 3223/3323/2741 3232/3338/2741 3231/3337/2741
f 3223/3323/2742 3224/3325/2742 3233/3339/2742 3232/3338/2742
f 3224/3325/2743 3225/3327/2743 3234/3340/2743 3233/3339/2743
f 3225/3331/2744 3361/3330/2744 3362/3341/2744 3234/3342/2744
f 3226/3333/2745 3227/3332/2745 3236/3343/2745 3235/3344/2745
f 3227/3332/2746 3228/3334/2746 3237/3345/2746 3236/3343/2746
f 3228/3334/2747 3229/3335/2747 3238/3346/2747 3237/3345/2747
f 3229/3335/2748 3230/3336/2748 3239/3347/2748 3238/3346/2748
f 3230/3336/2749 3231/3337/2749 3240/3348/2749 3239/3347/2749
f 3231/3337/2750 3232/3338/2750 3241/3349/2750 3240/3348/2750
f 3232/3338/2751 3233/3339/2751 3242/3350/2751 3241/3349/2751
f 3233/3339/2752 3234/3340/2752 3243/3351/2752 3242/3350/2752
f 3234/3342/2753 3362/3341/2753 3363/3352/2753 3243/3353/2753
f 3235/3344/2754 3236/3343/2754 3245/3354/2754 3244/3355/2754
f 3236/3343/2755 3237/3345/2755 3246/3356/2755 3245/3354/2755
f 3237/3345/2756 3238/3346/2756 3247/3357/2756 3246/3356/2756
f 3238/3346/2757 3239/3347/2757 3248/3358/2757 3247/3357/2757
f 3239/3347/2758 3240/3348/2758 3249/3359/2758 3248/3358/2758
f 3240/3348/2759 3241/3349/2759 3250/3360/2759 3249/3359/2759
f 3241/3349/2760 3242/3350/2760 3251/3361/2760 3250/3360/2760
f 3242/3350/2761 3243/3351/2761 3252/3362/2761 3251/3361/2761
f 3243/3353/2762 3363/3352/2762 3364/3363/2762 3252/3364/2762
f 3244/3355/2763 3245/3354/2763 3254/3365/2763 3253/3366/2763
f 3245/3354/2764 3246/3356/2764 3255/3367/2764 3254/3365/2764
f 3246/3356/2765 3247/3357/2765 3256/3368/2765 3255/3367/2765
f 3247/3357/2766 3248/3358/2766 3257/3369/2766 3256/3368/2766
f 3248/3358/2767 3249/3359/2767 3258/3370/2767 3257/3369/2767
f 3249/3359/2768 3250/3360/2768 3259/3371/2768 3258/3370/2768
f 3250/3360/2769 3251/3361/2769 3260/3372/2769 3259/3371/2769
f 3251/3361/2770 3252/3362/2770 3261/3373/2770 3260/3372/2770
f 3252/3364/2771 3364/3363/2771 3365/3374/2771 3261/3375/2771
f 3253/3366/2772 3254/3365/2772 3263/3376/2772 3262/3377/2772
f 3254/3365/2773 3255/3367/2773 3264/3378/2773 3263/3376/2773
f 3255/3367/2774 3256/3368/2774 3265/3379/2774 3264/3378/2774
f 3256/3368/2775 3257/3369/2775 3266/3380/2775 3265/3379/2775
f 3257/3369/2776 3258/3370/2776 3267/3381/2776 3266/3380/2776
f 3258/3370/2777 3259/3371/2777 3268/3382/2777 3267/3381/2777
f 3259/3371/2778 3260/3372/2778 3269/3383/2778 3268/3382/2778
f 3260/3372/2779 3261/3373/2779 3270/3384/2779 3269/3383/2779
f 3261/3375/2780 3365/3374/2780 3366/3385/2780 3270/3386/2780
f 3262/3377/2781 3263/3376/2781 3272/3387/2781 3271/3388/2781
f 3263/3376/2782 3264/3378/2782 3273/3389/2782 3272/3387/2782
f 3264/3378/2783 3265/3379/2783 3274/3390/2783 3273/3389/2783
f 3265/3379/2784 3266/3380/2784 3275/3391/2784 3274/3390/2784
f 3266/3380/2785 3267/3381/2785 3276/3392/2785 3275/3391/2785
f 3267/3381/2786 3268/3382/2786 3277/3393/2786 3276/3392/2786
f 3268/3382/2787 3269/3383/2787 3278/3394/2787 3277/3393/2787
f 3269/3383/2788 3270/3384/2788 3279/3395/2788 3278/3394/2788
f 3270/3386/2789 3366/3385/2789 3367/3396/2789 3279/3397/2789
f 3271/3388/2790 3272/3387/2790 3281/3240/2790 3280/3239/2790
f 3272/3387/2791 3273/3389/2791 3282/3250/2791 3281/3240/2791
f 3273/3389/2792 3274/3390/2792 3283/3260/2792 3282/3250/2792
f 3274/3390/2793 3275/3391/2793 3284/3270/2793 3283/3260/2793
f 3275/3391/2794 3276/3392/2794 3285/3280/2794 3284/3270/2794
f 3276/3392/2795 3277/3393/2795 3286/3290/2795 3285/3280/2795
f 3277/3393/2796 3278/3394/2796 3287/3300/2796 3286/3290/2796
f 3278/3394/2797 3279/3395/2797 3288/3310/2797 3287/3300/2797
f 3279/3397/2798 3367/3396/2798 3368/3398/2798 3288/3399/2798
f 3127/181/2799 3289/3400/2799 3298/3401/2799 3297/3402/2799
f 3289/3400/2800 3290/3403/2800 3299/3404/2800 3298/3401/2800
f 3290/3403/2801 3291/3405/2801 3300/3406/2801 3299/3404/2801
f 3291/3405/2802 3292/3407/2802 3301/3408/2802 3300/3406/2802
f 3292/3407/2803 3293/3409/2803 3302/3410/2803 3301/3408/2803
f 3293/3409/2804 3294/3411/2804 3303/3412/2804 3302/3410/2804
f 3294/3411/2805 3295/3413/2805 3304/3414/2805 3303/3412/2805
f 3295/3413/2806 3296/3415/2806 3305/3416/2806 3304/3414/2806
f 3296/3415/2807 3440/3417/2807 3441/3418/2807 3305/3416/2807
f 3297/3402/2808 3298/3401/2808 3307/3419/2808 3306/3420/2808
f 3298/3401/2809 3299/3404/2809 3308/3421/2809 3307/3419/2809
f 3299/3404/2810 3300/3406/2810 3309/3422/2810 3308/3421/2810
f 3300/3406/2811 3301/3408/2811 3310/3423/2811 3309/3422/2811
f 3301/3408/2812 3302/3410/2812 3311/3424/2812 3310/3423/2812
f 3302/3410/2813 3303/3412/2813 3312/3425/2813 3311/3424/2813
f 3303/3412/2814 3304/3414/2814 3313/3426/2814 3312/3425/2814
f 3304/3414/2815 3305/3416/2815 3314/3427/2815 3313/3426/2815
f 3305/3416/2816 3441/3418/2816 3442/3428/2816 3314/3427/2816
f 3306/3420/2817 3307/3419/2817 3316/3429/2817 3315/3430/2817
f 3307/3419/2818 3308/3421/2818 3317/3431/2818 3316/3429/2818
f 3308/3421/2819 3309/3422/2819 3318/3432/2819 3317/3431/2819
f 3309/3422/2820 3310/3423/2820 3319/3433/2820 3318/3432/2820
f 3310/3423/2821 3311/3424/2821 3320/3434/2821 3319/3433/2821
f 3311/3424/2822 3312/3425/2822 3321/3435/2822 3320/3434/2822
f 3312/3425/2823 3313/3426/2823 3322/3436/2823 3321/3435/2823
f 3313/3426/2824 3314/3427/2824 3323/3437/2824 3322/3436/2824
f 3314/3427/2825 3442/3428/2825 3443/3438/2825 3323/3437/2825
f 3315/3430/2826 3316/3429/2826 3325/3439/2826 3324/3440/2826
f 3316/3429/2827 3317/3431/2827 3326/3441/2827 3325/3439/2827
f 3317/3431/2828 3318/3432/2828 3327/3442/2828 3326/3441/2828
f 3318/3432/2829 3319/3433/2829 3328/3443/2829 3327/3442/2829
f 3319/3433/2830 3320/3434/2830 3329/3444/2830 3328/3443/2830
f 3320/3434/2831 3321/3435/2831 3330/3445/2831 3329/3444/2831
f 3321/3435/2832 3322/3436/2832 3331/3446/2832 3330/3445/2832
f 3322/3436/2833 3323/3437/2833 3332/3447/2833 3331/3446/2833
f 3323/3437/2834 3443/3438/2834 3444/3448/2834 3332/3447/2834
f 3324/3440/2835 3325/3439/2835 3334/3449/2835 3333/3450/2835
f 3325/3439/2836 3326/3441/2836 3335/3451/2836 3334/3449/2836
f 3326/3441/2837 3327/3442/2837 3336/3452/2837 3335/3451/2837
f 3327/3442/2838 3328/3443/2838 3337/3453/2838 3336/3452/2838
f 3328/3443/2839 3329/3444/2839 3338/3454/2839 3337/3453/2839
f 3329/3444/2840 3330/3445/2840 3339/3455/2840 3338/3454/2840
f 3330/3445/2841 3331/3446/2841 3340/3456/2841 3339/3455/2841
f 3331/3446/2842 3332/3447/2842 3341/3457/2842 3340/3456/2842
f 3332/3447/2843 3444/3448/2843 3445/3458/2843 3341/3457/2843
f 3333/3450/2844 3334/3449/2844 3343/3459/2844 3342/3460/2844
f 3334/3449/2845 3335/3451/2845 3344/3461/2845 3343/3459/2845
f 3335/3451/2846 3336/3452/2846 3345/3462/2846 3344/3461/2846
f 3336/3452/2847 3337/3453/2847 3346/3463/2847 3345/3462/2847
f 3337/3453/2848 3338/3454/2848 3347/3464/2848 3346/3463/2848
f 3338/3454/2849 3339/3455/2849 3348/3465/2849 3347/3464/2849
f 3339/3455/2850 3340/3456/2850 3349/3466/2850 3348/3465/2850
f 3340/3456/2851 3341/3457/2851 3350/3467/2851 3349/3466/2851
f 3341/3457/2852 3445/3458/2852 3446/3468/2852 3350/3467/2852
f 3342/3460/2853 3343/3459/2853 3352/3469/2853 3351/3470/2853
f 3343/3459/2854 3344/3461/2854 3353/3471/2854 3352/3469/2854
f 3344/3461/2855 3345/3462/2855 3354/3472/2855 3353/3471/2855
f 3345/3462/2856 3346/3463/2856 3355/3473/2856 3354/3472/2856
f 3346/3463/2857 3347/3464/2857 3356/3474/2857 3355/3473/2857
f 3347/3464/2858 3348/3465/2858 3357/3475/2858 3356/3474/2858
f 3348/3465/2859 3349/3466/2859 3358/3476/2859 3357/3475/2859
f 3349/3466/2860 3350/3467/2860 3359/3477/2860 3358/3476/2860
f 3350/3467/2861 3446/3468/2861 3447/3478/2861 3359/3477/2861
f 3351/3470/2862 3352/3469/2862 3361/3330/2862 3360/3329/2862
f 3352/3469/2863 3353/3471/2863 3362/3341/2863 3361/3330/2863
f 3353/3471/2864 3354/3472/2864 3363/3352/2864 3362/3341/2864
f 3354/3472/2865 3355/3473/2865 3364/3363/2865 3363/3352/2865
f 3355/3473/2866 3356/3474/2866 3365/3374/2866 3364/3363/2866
f 3356/3474/2867 3357/3475/2867 3366/3385/2867 3365/3374/2867
f 3357/3475/2868 3358/3476/2868 3367/3396/2868 3366/3385/2868
f 3358/3476/2869 3359/3477/2869 3368/3398/2869 3367/3396/2869
f 3359/3477/2870 3447/3478/2870 3448/3479/2870 3368/3398/2870
f 3128/167/2871 3369/3480/2871 3378/3481/2871 3377/3482/2871
f 3369/3480/2872 3370/3483/2872 3379/3484/2872 3378/3481/2872
f 3370/3483/2873 3371/3485/2873 3380/3486/2873 3379/3484/2873
f 3371/3485/2874 3372/3487/2874 3381/3488/2874 3380/3486/2874
f 3372/3487/2875 3373/3489/2875 3382/3490/2875 3381/3488/2875
f 3373/3489/2876 3374/3491/2876 3383/3492/2876 3382/3490/2876
f 3374/3491/2877 3375/3493/2877 3384/3494/2877 3383/3492/2877
f 3375/3493/2878 3376/3495/2878 3385/3496/2878 3384/3494/2878
f 3376/3495/2879 3200/3497/2879 3201/3498/2879 3385/3496/2879
f 3377/3482/2880 3378/3481/2880 3387/3499/2880 3386/3500/2880
f 3378/3481/2881 3379/3484/2881 3388/3501/2881 3387/3499/2881
f 3379/3484/2882 3380/3486/2882 3389/3502/2882 3388/3501/2882
f 3380/3486/2883 3381/3488/2883 3390/3503/2883 3389/3502/2883
f 3381/3488/2884 3382/3490/2884 3391/3504/2884 3390/3503/2884
f 3382/3490/2885 3383/3492/2885 3392/3505/2885 3391/3504/2885
f 3383/3492/2886 3384/3494/2886 3393/3506/2886 3392/3505/2886
f 3384/3494/2887 3385/3496/2887 3394/3507/2887 3393/3506/2887
f 3385/3496/2888 3201/3498/2888 3202/3508/2888 3394/3507/2888
f 3386/3500/2889 3387/3499/2889 3396/3509/2889 3395/3510/2889
f 3387/3499/2890 3388/3501/2890 3397/3511/2890 3396/3509/2890
f 3388/3501/2891 3389/3502/2891 3398/3512/2891 3397/3511/2891
f 3389/3502/2892 3390/3503/2892 3399/3513/2892 3398/3512/2892
f 3390/3503/2893 3391/3504/2893 3400/3514/2893 3399/3513/2893
f 3391/3504/2894 3392/3505/2894 3401/3515/2894 3400/3514/2894
f 3392/3505/2895 3393/3506/2895 3402/3516/2895 3401/3515/2895
f 3393/3506/2896 3394/3507/2896 3403/3517/2896 3402/3516/2896
f 3394/3507/2897 3202/3508/2897 3203/3518/2897 3403/3517/2897
f 3395/3510/2898 3396/3509/2898 3405/3519/2898 3404/3520/2898
f 3396/3509/2899 3397/3511/2899 3406/3521/2899 3405/3519/2899
f 3397/3511/2900 3398/3512/2900 3407/3522/2900 3406/3521/2900
f 3398/3512/2901 3399/3513/2901 3408/3523/2901 3407/3522/2901
f 3399/3513/2902 3400/3514/2902 3409/3524/2902 3408/3523/2902
f 3400/3514/2903 3401/3515/2903 3410/3525/2903 3409/3524/2903
f 3401/3515/2904 3402/3516/2904 3411/3526/2904 3410/3525/2904
f 3402/3516/2905 3403/3517/2905 3412/3527/2905 3411/3526/2905
f 3403/3517/2906 3203/3518/2906 3204/3528/2906 3412/3527/2906
f 3404/3520/2907 3405/3519/2907 3414/3529/2907 3413/3530/2907
f 3405/3519/2908 3406/3521/2908 3415/3531/2908 3414/3529/2908
f 3406/3521/2909 3407/3522/2909 3416/3532/2909 3415/3531/2909
f 3407/3522/2910 3408/3523/2910 3417/3533/2910 3416/3532/2910
f 3408/3523/2911 3409/3524/2911 3418/3534/2911 3417/3533/2911
f 3409/3524/2912 3410/3525/2912 3419/3535/2912 3418/3534/2912
f 3410/3525/2913 3411/3526/2913 3420/3536/2913 3419/3535/2913
f 3411/3526/2914 3412/3527/2914 3421/3537/2914 3420/3536/2914
f 3412/3527/2915 3204/3528/2915 3205/3538/2915 3421/3537/2915
f 3413/3530/2916 3414/3529/2916 3423/3539/2916 3422/3540/2916
f 3414/3529/2917 3415/3531/2917 3424/3541/2917 3423/3539/2917
f 3415/3531/2918 3416/3532/2918 3425/3542/2918 3424/3541/2918
f 3416/3532/2919 3417/3533/2919 3426/3543/2919 3425/3542/2919
f 3417/3533/2920 3418/3534/2920 3427/3544/2920 3426/3543/2920
f 3418/3534/2921 3419/3535/2921 3428/3545/2921 3427/3544/2921
f 3419/3535/2922 3420/3536/2922 3429/3546/2922 3428/3545/2922
f 3420/3536/2923 3421/3537/2923 3430/3547/2923 3429/3546/2923
f 3421/3537/2924 3205/3538/2924 3206/3548/2924 3430/3547/2924
f 3422/3540/2925 3423/3539/2925 3432/3549/2925 3431/3550/2925
f 3423/3539/2926 3424/3541/2926 3433/3551/2926 3432/3549/2926
f 3424/3541/2927 3425/3542/2927 3434/3552/2927 3433/3551/2927
f 3425/3542/2928 3426/3543/2928 3435/3553/2928 3434/3552/2928
f 3426/3543/2929 3427/3544/2929 3436/3554/2929 3435/3553/2929
f 3427/3544/2930 3428/3545/2930 3437/3555/2930 3436/3554/2930
f 3428/3545/2931 3429/3546/2931 3438/3556/2931 3437/3555/2931
f 3429/3546/2932 3430/3547/2932 3439/3557/2932 3438/3556/2932
f 3430/3547/2933 3206/3548/2933 3207/3558/2933 3439/3557/2933
f 3431/3550/2934 3432/3549/2934 3441/3418/2934 3440/3417/2934
f 3432/3549/2935 3433/3551/2935 3442/3428/2935 3441/3418/2935
f 3433/3551/2936 3434/3552/2936 3443/3438/2936 3442/3428/2936
f 3434/3552/2937 3435/3553/2937 3444/3448/2937 3443/3438/2937
f 3435/3553/2938 3436/3554/2938 3445/3458/2938 3444/3448/2938
f 3436/3554/2939 3437/3555/2939 3446/3468/2939 3445/3458/2939
f 3437/3555/2940 3438/3556/2940 3447/3478/2940 3446/3468/2940
f 3438/3556/2941 3439/3557/2941 3448/3479/2941 3447/3478/2941
f 3439/3557/2942 3207/3558/2942 3208/3559/2942 3448/3479/2942
f 3208/3559/2943 3288/3560/2943 3368/3561/2943 3448/3479/2943
f 3449/171/2944 3453/3562/2944 3462/3563/2944 3461/3564/2944
f 3453/3562/2945 3454/3565/2945 3463/3566/2945 3462/3563/2945
f 3454/3565/2946 3455/3567/2946 3464/3568/2946 3463/3566/2946
f 3455/3567/2947 3456/3569/2947 3465/3570/2947 3464/3568/2947
f 3456/3569/2948 3457/3571/2948 3466/3572/2948 3465/3570/2948
f 3457/3571/2949 3458/3573/2949 3467/3574/2949 3466/3572/2949
f 3458/3573/2950 3459/3575/2950 3468/3576/2950 3467/3574/2950
f 3459/3575/2951 3460/3577/2951 3469/3578/2951 3468/3576/2951
f 3460/3577/2952 3604/3579/2952 3605/3580/2952 3469/3578/2952
f 3461/3564/2953 3462/3563/2953 3471/3581/2953 3470/3582/2953
f 3462/3563/2954 3463/3566/2954 3472/3583/2954 3471/3581/2954
f 3463/3566/2955 3464/3568/2955 3473/3584/2955 3472/3583/2955
f 3464/3568/2956 3465/3570/2956 3474/3585/2956 3473/3584/2956
f 3465/3570/2957 3466/3572/2957 3475/3586/2957 3474/3585/2957
f 3466/3572/2958 3467/3574/2958 3476/3587/2958 3475/3586/2958
f 3467/3574/2959 3468/3576/2959 3477/3588/2959 3476/3587/2959
f 3468/3576/2960 3469/3578/2960 3478/3589/2960 3477/3588/2960
f 3469/3578/2961 3605/3580/2961 3606/3590/2961 3478/3589/2961
f 3470/3582/2962 3471/3581/2962 3480/3591/2962 3479/3592/2962
f 3471/3581/2963 3472/3583/2963 3481/3593/2963 3480/3591/2963
f 3472/3583/2964 3473/3584/2964 3482/3594/2964 3481/3593/2964
f 3473/3584/2965 3474/3585/2965 3483/3595/2965 3482/3594/2965
f 3474/3585/2966 3475/3586/2966 3484/3596/2966 3483/3595/2966
f 3475/3586/2967 3476/3587/2967 3485/3597/2967 3484/3596/2967
f 3476/3587/2968 3477/3588/2968 3486/3598/2968 3485/3597/2968
f 3477/3588/2969 3478/3589/2969 3487/3599/2969 3486/3598/2969
f 3478/3589/2970 3606/3590/2970 3607/3600/2970 3487/3599/2970
f 3479/3592/2971 3480/3591/2971 3489/3601/2971 3488/3602/2971
f 3480/3591/2972 3481/3593/2972 3490/3603/2972 3489/3601/2972
f 3481/3593/2973 3482/3594/2973 3491/3604/2973 3490/3603/2973
f 3482/3594/2974 3483/3595/2974 3492/3605/2974 3491/3604/2974
f 3483/3595/2975 3484/3596/2975 3493/3606/2975 3492/3605/2975
f 3484/3596/2976 3485/3597/2976 3494/3607/2976 3493/3606/2976
f 3485/3597/2977 3486/3598/2977 3495/3608/2977 3494/3607/2977
f 3486/3598/2978 3487/3599/2978 3496/3609/2978 3495/3608/2978
f 3487/3599/2979 3607/3600/2979 3608/3610/2979 3496/3609/2979
f 3488/3602/2980 3489/3601/2980 3498/3611/2980 3497/3612/2980
f 3489/3601/2981 3490/3603/2981 3499/3613/2981 3498/3611/2981
f 3490/3603/2982 3491/3604/2982 3500/3614/2982 3499/3613/2982
f 3491/3604/2983 3492/3605/2983 3501/3615/2983 3500/3614/2983
f 3492/3605/2984 3493/3606/2984 3502/3616/2984 3501/3615/2984
f 3493/3606/2985 3494/3607/2985 3503/3617/2985 3502/3616/2985
f 3494/3607/2986 3495/3608/2986 3504/3618/2986 3503/3617/2986
f 3495/3608/2987 3496/3609/2987 3505/3619/2987 3504/3618/2987
f 3496/3609/2988 3608/3610/2988 3609/3620/2988 3505/3619/2988
f 3497/3612/2989 3498/3611/2989 3507/3621/2989 3506/3622/2989
f 3498/3611/2990 3499/3613/2990 3508/3623/2990 3507/3621/2990
f 3499/3613/2991 3500/3614/2991 3509/3624/2991 3508/3623/2991
f 3500/3614/2992 3501/3615/2992 3510/3625/2992 3509/3624/2992
f 3501/3615/2993 3502/3616/2993 3511/3626/2993 3510/3625/2993
f 3502/3616/2994 3503/3617/2994 3512/3627/2994 3511/3626/2994
f 3503/3617/2995 3504/3618/2995 3513/3628/2995 3512/3627/2995
f 3504/3618/2996 3505/3619/2996 3514/3629/2996 3513/3628/2996
f 3505/3619/2997 3609/3620/2997 3610/3630/2997 3514/3629/2997
f 3506/3622/2998 3507/3621/2998 3516/3631/2998 3515/3632/2998
f 3507/3621/2999 3508/3623/2999 3517/3633/2999 3516/3631/2999
f 3508/3623/3000 3509/3624/3000 3518/3634/3000 3517/3633/3000
f 3509/3624/3001 3510/3625/3001 3519/3635/3001 3518/3634/3001
f 3510/3625/3002 3511/3626/3002 3520/3636/3002 3519/3635/3002
f 3511/3626/3003 3512/3627/3003 3521/3637/3003 3520/3636/3003
f 3512/3627/3004 3513/3628/3004 3522/3638/3004 3521/3637/3004
f 3513/3628/3005 3514/3629/3005 3523/3639/3005 3522/3638/3005
f 3514/3629/3006 3610/3630/3006 3611/3640/3006 3523/3639/3006
f 3515/3632/3007 3516/3631/3007 3525/3641/3007 3524/3642/3007
f 3516/3631/3008 3517/3633/3008 3526/3643/3008 3525/3641/3008
f 3517/3633/3009 3518/3634/3009 3527/3644/3009 3526/3643/3009
f 3518/3634/3010 3519/3635/3010 3528/3645/3010 3527/3644/3010
f 3519/3635/3011 3520/3636/3011 3529/3646/3011 3528/3645/3011
f 3520/3636/3012 3521/3637/3012 3530/3647/3012 3529/3646/3012
f 3521/3637/3013 3522/3638/3013 3531/3648/3013 3530/3647/3013
f 3522/3638/3014 3523/3639/3014 3532/3649/3014 3531/3648/3014
f 3523/3639/3015 3611/3640/3015 3612/3650/3015 3532/3649/3015
f 3450/178/3016 3533/3651/3016 3542/3652/3016 3541/3653/3016
f 3533/3651/3017 3534/3654/3017 3543/3655/3017 3542/3652/3017
f 3534/3654/3018 3535/3656/3018 3544/3657/3018 3543/3655/3018
f 3535/3656/3019 3536/3658/3019 3545/3659/3019 3544/3657/3019
f 3536/3658/3020 3537/3660/3020 3546/3661/3020 3545/3659/3020
f 3537/3660/3021 3538/3662/3021 3547/3663/3021 3546/3661/3021
f 3538/3662/3022 3539/3664/3022 3548/3665/3022 3547/3663/3022
f 3539/3664/3023 3540/3666/3023 3549/3667/3023 3548/3665/3023
f 3540/3666/3024 3684/3668/3024 3685/3669/3024 3549/3667/3024
f 3541/3653/3025 3542/3652/3025 3551/3670/3025 3550/3671/3025
f 3542/3652/3026 3543/3655/3026 3552/3672/3026 3551/3670/3026
f 3543/3655/3027 3544/3657/3027 3553/3673/3027 3552/3672/3027
f 3544/3657/3028 3545/3659/3028 3554/3674/3028 3553/3673/3028
f 3545/3659/3029 3546/3661/3029 3555/3675/3029 3554/3674/3029
f 3546/3661/3030 3547/3663/3030 3556/3676/3030 3555/3675/3030
f 3547/3663/3031 3548/3665/3031 3557/3677/3031 3556/3676/3031
f 3548/3665/3032 3549/3667/3032 3558/3678/3032 3557/3677/3032
f 3549/3667/3033 3685/3669/3033 3686/3679/3033 3558/3678/3033
f 3550/3671/3034 3551/3670/3034 3560/3680/3034 3559/3681/3034
f 3551/3670/3035 3552/3672/3035 3561/3682/3035 3560/3680/3035
f 3552/3672/3036 3553/3673/3036 3562/3683/3036 3561/3682/3036
f 3553/3673/3037 3554/3674/3037 3563/3684/3037 3562/3683/3037
f 3554/3674/3038 3555/3675/3038 3564/3685/3038 3563/3684/3038
f 3555/3675/3039 3556/3676/3039 3565/3686/3039 3564/3685/3039
f 3556/3676/3040 3557/3677/3040 3566/3687/3040 3565/3686/3040
f 3557/3677/3041 3558/3678/3041 3567/3688/3041 3566/3687/3041
f 3558/3678/3042 3686/3679/3042 3687/3689/3042 3567/3688/3042
f 3559/3681/3043 3560/3680/3043 3569/3690/3043 3568/3691/3043
f 3560/3680/3044 3561/3682/3044 3570/3692/3044 3569/3690/3044
f 3561/3682/3045 3562/3683/3045 3571/3693/3045 3570/3692/3045
f 3562/3683/3046 3563/3684/3046 3572/3694/3046 3571/3693/3046
f 3563/3684/3047 3564/3685/3047 3573/3695/3047 3572/3694/3047
f 3564/3685/3048 3565/3686/3048 3574/3696/3048 3573/3695/3048
f 3565/3686/3049 3566/3687/3049 3575/3697/3049 3574/3696/3049
f 3566/3687/3050 3567/3688/3050 3576/3698/3050 3575/3697/3050
f 3567/3688/3051 3687/3689/3051 3688/3699/3051 3576/3698/3051
f 3568/3691/3052 3569/3690/3052 3578/3700/3052 3577/3701/3052
f 3569/3690/3053 3570/3692/3053 3579/3702/3053 3578/3700/3053
f 3570/3692/3054 3571/3693/3054 3580/3703/3054 3579/3702/3054
f 3571/3693/3055 3572/3694/3055 3581/3704/3055 3580/3703/3055
f 3572/3694/3056 3573/3695/3056 3582/3705/3056 3581/3704/3056
f 3573/3695/3057 3574/3696/3057 3583/3706/3057 3582/3705/3057
f 3574/3696/3058 3575/3697/3058 3584/3707/3058 3583/3706/3058
f 3575/3697/3059 3576/3698/3059 3585/3708/3059 3584/3707/3059
f 3576/3698/3060 3688/3699/3060 3689/3709/3060 3585/3708/3060
f 3577/3701/3061 3578/3700/3061 3587/3710/3061 3586/3711/3061
f 3578/3700/3062 3579/3702/3062 3588/3712/3062 3587/3710/3062
f 3579/3702/3063 3580/3703/3063 3589/3713/3063 3588/3712/3063
f 3580/3703/3064 3581/3704/3064 3590/3714/3064 3589/3713/3064
f 3581/3704/3065 3582/3705/3065 3591/3715/3065 3590/3714/3065
f 3582/3705/3066 3583/3706/3066 3592/3716/3066 3591/3715/3066
f 3583/3706/3067 3584/3707/3067 3593/3717/3067 3592/3716/3067
f 3584/3707/3068 3585/3708/3068 3594/3718/3068 3593/3717/3068
f 3585/3708/3069 3689/3709/3069 3690/3719/3069 3594/3718/3069
f 3586/3711/3070 3587/3710/3070 3596/3720/3070 3595/3721/3070
f 3587/3710/3071 3588/3712/3071 3597/3722/3071 3596/3720/3071
f 3588/3712/3072 3589/3713/3072 3598/3723/3072 3597/3722/3072
f 3589/3713/3073 3590/3714/3073 3599/3724/3073 3598/3723/3073
f 3590/3714/3074 3591/3715/3074 3600/3725/3074 3599/3724/3074
f 3591/3715/3075 3592/3716/3075 3601/3726/3075 3600/3725/3075
f 3592/3716/3076 3593/3717/3076 3602/3727/3076 3601/3726/3076
f 3593/3717/3077 3594/3718/3077 3603/3728/3077 3602/3727/3077
f 3594/3718/3078 3690/3719/3078 3691/3729/3078 3603/3728/3078
f 3595/3721/3079 3596/3720/3079 3605/3580/3079 3604/3579/3079
f 3596/3720/3080 3597/3722/3080 3606/3590/3080 3605/3580/3080
f 3597/3722/3081 3598/3723/3081 3607/3600/3081 3606/3590/3081
f 3598/3723/3082 3599/3724/3082 3608/3610/3082 3607/3600/3082
f 3599/3724/3083 3600/3725/3083 3609/3620/3083 3608/3610/3083
f 3600/3725/3084 3601/3726/3084 3610/3630/3084 3609/3620/3084
f 3601/3726/3085 3602/3727/3085 3611/3640/3085 3610/3630/3085
f 3602/3727/3086 3603/3728/3086 3612/3650/3086 3611/3640/3086
f 3603/3728/3087 3691/3729/3087 3692/3730/3087 3612/3650/3087
f 3451/213/3088 3613/3731/3088 3622/3732/3088 3621/3733/3088
f 3613/3731/3089 3614/3734/3089 3623/3735/3089 3622/3732/3089
f 3614/3734/3090 3615/3736/3090 3624/3737/3090 3623/3735/3090
f 3615/3736/3091 3616/3738/3091 3625/3739/3091 3624/3737/3091
f 3616/3738/3092 3617/3740/3092 3626/3741/3092 3625/3739/3092
f 3617/3740/3093 3618/3742/3093 3627/3743/3093 3626/3741/3093
f 3618/3742/3094 3619/3744/3094 3628/3745/3094 3627/3743/3094
f 3619/3744/3095 3620/3746/3095 3629/3747/3095 3628/3745/3095
f 3620/3746/3096 3764/3748/3096 3765/3749/3096 3629/3747/3096
f 3621/3733/3097 3622/3732/3097 3631/3750/3097 3630/3751/3097
f 3622/3732/3098 3623/3735/3098 3632/3752/3098 3631/3750/3098
f 3623/3735/3099 3624/3737/3099 3633/3753/3099 3632/3752/3099
f 3624/3737/3100 3625/3739/3100 3634/3754/3100 3633/3753/3100
f 3625/3739/3101 3626/3741/3101 3635/3755/3101 3634/3754/3101
f 3626/3741/3102 3627/3743/3102 3636/3756/3102 3635/3755/3102
f 3627/3743/3103 3628/3745/3103 3637/3757/3103 3636/3756/3103
f 3628/3745/3104 3629/3747/3104 3638/3758/3104 3637/3757/3104
f 3629/3747/3105 3765/3749/3105 3766/3759/3105 3638/3758/3105
f 3630/3751/3106 3631/3750/3106 3640/3760/3106 3639/3761/3106
f 3631/3750/3107 3632/3752/3107 3641/3762/3107 3640/3760/3107
f 3632/3752/3108 3633/3753/3108 3642/3763/3108 3641/3762/3108
f 3633/3753/3109 3634/3754/3109 3643/3764/3109 3642/3763/3109
f 3634/3754/3110 3635/3755/3110 3644/3765/3110 3643/3764/3110
f 3635/3755/3111 3636/3756/3111 3645/3766/3111 3644/3765/3111
f 3636/3756/3112 3637/3757/3112 3646/3767/3112 3645/3766/3112
f 3637/3757/3113 3638/3758/3113 3647/3768/3113 3646/3767/3113
f 3638/3758/3114 3766/3759/3114 3767/3769/3114 3647/3768/3114
f 3639/3761/3115 3640/3760/3115 3649/3770/3115 3648/3771/3115
f 3640/3760/3116 3641/3762/3116 3650/3772/3116 3649/3770/3116
f 3641/3762/3117 3642/3763/3117 3651/3773/3117 3650/3772/3117
f 3642/3763/3118 3643/3764/3118 3652/3774/3118 3651/3773/3118
f 3643/3764/3119 3644/3765/3119 3653/3775/3119 3652/3774/3119
f 3644/3765/3120 3645/3766/3120 3654/3776/3120 3653/3775/3120
f 3645/3766/3121 3646/3767/3121 3655/3777/3121 3654/3776/3121
f 3646/3767/3122 3647/3768/3122 3656/3778/3122 3655/3777/3122
f 3647/3768/3123 3767/3769/3123 3768/3779/3123 3656/3778/3123
f 3648/3771/3124 3649/3770/3124 3658/3780/3124 3657/3781/3124
f 3649/3770/3125 3650/3772/3125 3659/3782/3125 3658/3780/3125
f 3650/3772/3126 3651/3773/3126 3660/3783/3126 3659/3782/3126
f 3651/3773/3127 3652/3774/3127 3661/3784/3127 3660/3783/3127
f 3652/3774/3128 3653/3775/3128 3662/3785/3128 3661/3784/3128
f 3653/3775/3129 3654/3776/3129 3663/3786/3129 3662/3785/3129
f 3654/3776/3130 3655/3777/3130 3664/3787/3130 3663/3786/3130
f 3655/3777/3131 3656/3778/3131 3665/3788/3131 3664/3787/3131
f 3656/3778/3132 3768/3779/3132 3769/3789/3132 3665/3788/3132
f 3657/3781/3133 3658/3780/3133 3667/3790/3133 3666/3791/3133
f 3658/3780/3134 3659/3782/3134 3668/3792/3134 3667/3790/3134
f 3659/3782/3135 3660/3783/3135 3669/3793/3135 3668/3792/3135
f 3660/3783/3136 3661/3784/3136 3670/3794/3136 3669/3793/3136
f 3661/3784/3137 3662/3785/3137 3671/3795/3137 3670/3794/3137
f 3662/3785/3138 3663/3786/3138 3672/3796/3138 3671/3795/3138
f 3663/3786/3139 3664/3787/3139 3673/3797/3139 3672/3796/3139
f 3664/3787/3140 3665/3788/3140 3674/3798/3140 3673/3797/3140
f 3665/3788/3141 3769/3789/3141 3770/3799/3141 3674/3798/3141
f 3666/3791/3142 3667/3790/3142 3676/3800/3142 3675/3801/3142
f 3667/3790/3143 3668/3792/3143 3677/3802/3143 3676/3800/3143
f 3668/3792/3144 3669/3793/3144 3678/3803/3144 3677/3802/3144
f 3669/3793/3145 3670/3794/3145 3679/3804/3145 3678/3803/3145
f 3670/3794/3146 3671/3795/3146 3680/3805/3146 3679/3804/3146
f 3671/3795/3147 3672/3796/3147 3681/3806/3147 3680/3805/3147
f 3672/3796/3148 3673/3797/3148 3682/3807/3148 3681/3806/3148
f 3673/3797/3149 3674/3798/3149 3683/3808/3149 3682/3807/3149
f 3674/3798/3150 3770/3799/3150 3771/3809/3150 3683/3808/3150
f 3675/3801/3151 3676/3800/3151 3685/3669/3151 3684/3668/3151
f 3676/3800/3152 3677/3802/3152 3686/3679/3152 3685/3669/3152
f 3677/3802/3153 3678/3803/3153 3687/3689/3153 3686/3679/3153
f 3678/3803/3154 3679/3804/3154 3688/3699/3154 3687/3689/3154
f 3679/3804/3155 3680/3805/3155 3689/3709/3155 3688/3699/3155
f 3680/3805/3156 3681/3806/3156 3690/3719/3156 3689/3709/3156
f 3681/3806/3157 3682/3807/3157 3691/3729/3157 3690/3719/3157
f 3682/3807/3158 3683/3808/3158 3692/3730/3158 3691/3729/3158
f 3683/3808/3159 3771/3809/3159 3772/3810/3159 3692/3730/3159
f 3452/203/3160 3693/3811/3160 3702/3812/3160 3701/3813/3160
f 3693/3811/3161 3694/3814/3161 3703/3815/3161 3702/3812/3161
f 3694/3814/3162 3695/3816/3162 3704/3817/3162 3703/3815/3162
f 3695/3816/3163 3696/3818/3163 3705/3819/3163 3704/3817/3163
f 3696/3818/3164 3697/3820/3164 3706/3821/3164 3705/3819/3164
f 3697/3820/3165 3698/3822/3165 3707/3823/3165 3706/3821/3165
f 3698/3822/3166 3699/3824/3166 3708/3825/3166 3707/3823/3166
f 3699/3824/3167 3700/3826/3167 3709/3827/3167 3708/3825/3167
f 3700/3826/3168 3524/3642/3168 3525/3641/3168 3709/3827/3168
f 3701/3813/3169 3702/3812/3169 3711/3828/3169 3710/3829/3169
f 3702/3812/3170 3703/3815/3170 3712/3830/3170 3711/3828/3170
f 3703/3815/3171 3704/3817/3171 3713/3831/3171 3712/3830/3171
f 3704/3817/3172 3705/3819/3172 3714/3832/3172 3713/3831/3172
f 3705/3819/3173 3706/3821/3173 3715/3833/3173 3714/3832/3173
f 3706/3821/3174 3707/3823/3174 3716/3834/3174 3715/3833/3174
f 3707/3823/3175 3708/3825/3175 3717/3835/3175 3716/3834/3175
f 3708/3825/3176 3709/3827/3176 3718/3836/3176 3717/3835/3176
f 3709/3827/3177 3525/3641/3177 3526/3643/3177 3718/3836/3177
f 3710/3829/3178 3711/3828/3178 3720/3837/3178 3719/3838/3178
f 3711/3828/3179 3712/3830/3179 3721/3839/3179 3720/3837/3179
f 3712/3830/3180 3713/3831/3180 3722/3840/3180 3721/3839/3180
f 3713/3831/3181 3714/3832/3181 3723/3841/3181 3722/3840/3181
f 3714/3832/3182 3715/3833/3182 3724/3842/3182 3723/3841/3182
f 3715/3833/3183 3716/3834/3183 3725/3843/3183 3724/3842/3183
f 3716/3834/3184 3717/3835/3184 3726/3844/3184 3725/3843/3184
f 3717/3835/3185 3718/3836/3185 3727/3845/3185 3726/3844/3185
f 3718/3836/3186 3526/3643/3186 3527/3644/3186 3727/3845/3186
f 3719/3838/3187 3720/3837/3187 3729/3846/3187 3728/3847/3187
f 3720/3837/3188 3721/3839/3188 3730/3848/3188 3729/3846/3188
f 3721/3839/3189 3722/3840/3189 3731/3849/3189 3730/3848/3189
f 3722/3840/3190 3723/3841/3190 3732/3850/3190 3731/3849/3190
f 3723/3841/3191 3724/3842/3191 3733/3851/3191 3732/3850/3191
f 3724/3842/3192 3725/3843/3192 3734/3852/3192 3733/3851/3192
f 3725/3843/3193 3726/3844/3193 3735/3853/3193 3734/3852/3193
f 3726/3844/3194 3727/3845/3194 3736/3854/3194 3735/3853/3194
f 3727/3845/3195 3527/3644/3195 3528/3645/3195 3736/3854/3195
f 3728/3847/3196 3729/3846/3196 3738/3855/3196 3737/3856/3196
f 3729/3846/3197 3730/3848/3197 3739/3857/3197 3738/3855/3197
f 3730/3848/3198 3731/3849/3198 3740/3858/3198 3739/3857/3198
f 3731/3849/3199 3732/3850/3199 3741/3859/3199 3740/3858/3199
f 3732/3850/3200 3733/3851/3200 3742/3860/3200 3741/3859/3200
f 3733/3851/3201 3734/3852/3201 3743/3861/3201 3742/3860/3201
f 3734/3852/3202 3735/3853/3202 3744/3862/3202 3743/3861/3202
f 3735/3853/3203 3736/3854/3203 3745/3863/3203 3744/3862/3203
f 3736/3854/3204 3528/3645/3204 3529/3646/3204 3745/3863/3204
f 3737/3856/3205 3738/3855/3205 3747/3864/3205 3746/3865/3205
f 3738/3855/3206 3739/3857/3206 3748/3866/3206 3747/3864/3206
f 3739/3857/3207 3740/3858/3207 3749/3867/3207 3748/3866/3207
f 3740/3858/3208 3741/3859/3208 3750/3868/3208 3749/3867/3208
f 3741/3859/3209 3742/3860/3209 3751/3869/3209 3750/3868/3209
f 3742/3860/3210 3743/3861/3210 3752/3870/3210 3751/3869/3210
f 3743/3861/3211 3744/3862/3211 3753/3871/3211 3752/3870/3211
f 3744/3862/3212 3745/3863/3212 3754/3872/3212 3753/3871/3212
f 3745/3863/3213 3529/3646/3213 3530/3647/3213 3754/3872/3213
f 3746/3865/3214 3747/3864/3214 3756/3873/3214 3755/3874/3214
f 3747/3864/3215 3748/3866/3215 3757/3875/3215 3756/3873/3215
f 3748/3866/3216 3749/3867/3216 3758/3876/3216 3757/3875/3216
f 3749/3867/3217 3750/3868/3217 3759/3877/3217 3758/3876/3217
f 3750/3868/3218 3751/3869/3218 3760/3878/3218 3759/3877/3218
f 3751/3869/3219 3752/3870/3219 3761/3879/3219 3760/3878/3219
f 3752/3870/3220 3753/3871/3220 3762/3880/3220 3761/3879/3220
f 3753/3871/3221 3754/3872/3221 3763/3881/3221 3762/3880/3221
f 3754/3872/3222 3530/3647/3222 3531/3648/3222 3763/3881/3222
f 3755/3874/3223 3756/3873/3223 3765/3749/3223 3764/3748/3223
f 3756/3873/3224 3757/3875/3224 3766/3759/3224 3765/3749/3224
f 3757/3875/3225 3758/3876/3225 3767/3769/3225 3766/3759/3225
f 3758/3876/3226 3759/3877/3226 3768/3779/3226 3767/3769/3226
f 3759/3877/3227 3760/3878/3227 3769/3789/3227 3768/3779/3227
f 3760/3878/3228 3761/3879/3228 3770/3799/3228 3769/3789/3228
f 3761/3879/3229 3762/3880/3229 3771/3809/3229 3770/3799/3229
f 3762/3880/3230 3763/3881/3230 3772/3810/3230 3771/3809/3230
f 3763/3881/3231 3531/3648/3231 3532/3649/3231 3772/3810/3231
f 3532/3649/3232 3612/3650/3232 3692/3730/3232 3772/3810/3232
f 3774/143/3233 65/146/3233 76/217/3233 3790/3882/3233
f 3790/3882/3234 76/217/3234 85/237/3234 3789/3883/3234
f 3789/3883/3235 85/237/3235 94/248/3235 3788/3884/3235
f 3788/3884/3236 94/248/3236 103/259/3236 3787/3885/3236
f 3787/3885/3237 103/259/3237 112/270/3237 3786/3886/3237
f 3786/3886/3238 112/270/3238 121/281/3238 3785/3887/3238
f 3785/3887/3239 121/281/3239 130/292/3239 3784/3888/3239
f 3784/3888/3240 130/292/3240 139/303/3240 3783/3889/3240
f 3783/3889/3241 139/303/3241 235/411/3241 3782/3890/3241
f 3782/3891/3242 235/409/3242 234/407/3242 3781/3892/3242
f 3781/3892/3243 234/407/3243 233/405/3243 3780/3893/3243
f 3780/3893/3244 233/405/3244 232/403/3244 3779/3894/3244
f 3779/3894/3245 232/403/3245 231/401/3245 3778/3895/3245
f 3778/3895/3246 231/401/3246 230/399/3246 3777/3896/3246
f 3777/3896/3247 230/399/3247 229/397/3247 3776/3897/3247
f 3776/3897/3248 229/397/3248 228/394/3248 3775/3898/3248
f 3775/3898/3249 228/394/3249 67/393/3249 3773/163/3249
f 66/193/3250 309/192/3250 325/3899/3250 148/313/3250
f 148/313/3251 325/3899/3251 324/3900/3251 149/316/3251
f 149/316/3252 324/3900/3252 323/3901/3252 150/318/3252
f 150/318/3253 323/3901/3253 322/3902/3253 151/320/3253
f 151/320/3254 322/3902/3254 321/3903/3254 152/322/3254
f 152/322/3255 321/3903/3255 320/3904/3255 153/324/3255
f 153/324/3256 320/3904/3256 319/3905/3256 154/326/3256
f 154/326/3257 319/3905/3257 318/3906/3257 155/328/3257
f 155/328/3258 318/3906/3258 317/3907/3258 299/330/3258
f 299/474/3259 317/3908/3259 316/3909/3259 290/464/3259
f 290/464/3260 316/3909/3260 315/3910/3260 281/454/3260
f 281/454/3261 315/3910/3261 314/3911/3261 272/444/3261
f 272/444/3262 314/3911/3262 313/3912/3262 263/434/3262
f 263/434/3263 313/3912/3263 312/3913/3263 254/424/3263
f 254/424/3264 312/3913/3264 311/3914/3264 245/414/3264
f 245/414/3265 311/3914/3265 310/3915/3265 236/396/3265
f 236/396/3266 310/3915/3266 308/3916/3266 67/393/3266
f 3846/133/3267 569/132/3267 571/3917/3267 3862/3918/3267
f 3862/3918/3268 571/3917/3268 572/3919/3268 3861/3920/3268
f 3861/3920/3269 572/3919/3269 573/3921/3269 3860/3922/3269
f 3860/3922/3270 573/3921/3270 574/3923/3270 3859/3924/3270
f 3859/3924/3271 574/3923/3271 575/3925/3271 3858/3926/3271
f 3858/3926/3272 575/3925/3272 576/3927/3272 3857/3928/3272
f 3857/3928/3273 576/3927/3273 577/3929/3273 3856/3930/3273
f 3856/3930/3274 577/3929/3274 578/3931/3274 3855/3932/3274
f 3855/3933/3275 578/3934/3275 579/3935/3275 3854/3936/3275
f 3854/3936/3276 579/3935/3276 580/3937/3276 3853/3938/3276
f 3853/3938/3277 580/3937/3277 581/3939/3277 3852/3940/3277
f 3852/3940/3278 581/3939/3278 582/3941/3278 3851/3942/3278
f 3851/3942/3279 582/3941/3279 583/3943/3279 3850/3944/3279
f 3850/3944/3280 583/3943/3280 584/3945/3280 3849/3946/3280
f 3849/3946/3281 584/3945/3281 585/3947/3281 3848/3948/3281
f 3848/3948/3282 585/3947/3282 586/3949/3282 3847/3950/3282
f 3847/3950/3283 586/3949/3283 570/208/3283 3845/207/3283
f 569/152/3284 327/151/3284 417/574/3284 571/3951/3284
f 571/3951/3285 417/574/3285 426/592/3285 572/3952/3285
f 572/3952/3286 426/592/3286 435/602/3286 573/3953/3286
f 573/3953/3287 435/602/3287 444/612/3287 574/3954/3287
f 574/3954/3288 444/612/3288 453/622/3288 575/3955/3288
f 575/3955/3289 453/622/3289 462/632/3289 576/3956/3289
f 576/3956/3290 462/632/3290 471/642/3290 577/3957/3290
f 577/3957/3291 471/642/3291 480/500/3291 578/3958/3291
f 578/3958/3292 480/500/3292 336/498/3292 579/3935/3292
f 579/3935/3293 336/498/3293 335/496/3293 580/3937/3293
f 580/3937/3294 335/496/3294 334/494/3294 581/3939/3294
f 581/3939/3295 334/494/3295 333/492/3295 582/3941/3295
f 582/3941/3296 333/492/3296 332/490/3296 583/3943/3296
f 583/3943/3297 332/490/3297 331/488/3297 584/3945/3297
f 584/3945/3298 331/488/3298 330/486/3298 585/3947/3298
f 585/3947/3299 330/486/3299 329/483/3299 586/3949/3299
f 586/3949/3300 329/483/3300 326/209/3300 570/208/3300
f 848/136/3301 328/135/3301 497/654/3301 851/992/3301
f 851/992/3302 497/654/3302 506/672/3302 852/995/3302
f 852/995/3303 506/672/3303 515/682/3303 853/997/3303
f 853/997/3304 515/682/3304 524/692/3304 854/999/3304
f 854/999/3305 524/692/3305 533/702/3305 855/1001/3305
f 855/1001/3306 533/702/3306 542/712/3306 856/1003/3306
f 856/1003/3307 542/712/3307 551/722/3307 857/1005/3307
f 857/1005/3308 551/722/3308 560/732/3308 858/1007/3308
f 858/1009/3309 560/589/3309 416/587/3309 1002/1010/3309
f 1002/1010/3310 416/587/3310 415/585/3310 993/1160/3310
f 993/1160/3311 415/585/3311 414/583/3311 984/1150/3311
f 984/1150/3312 414/583/3312 413/581/3312 975/1140/3312
f 975/1140/3313 413/581/3313 412/579/3313 966/1130/3313
f 966/1130/3314 412/579/3314 411/577/3314 957/1120/3314
f 957/1120/3315 411/577/3315 410/575/3315 948/1110/3315
f 948/1110/3316 410/575/3316 409/572/3316 939/1092/3316
f 939/1092/3317 409/572/3317 327/151/3317 849/154/3317
f 1091/140/3318 850/139/3318 1019/1172/3318 1093/3959/3318
f 1093/3959/3319 1019/1172/3319 1028/1188/3319 1094/3960/3319
f 1094/3960/3320 1028/1188/3320 1037/1197/3320 1095/3961/3320
f 1095/3961/3321 1037/1197/3321 1046/1206/3321 1096/3962/3321
f 1096/3962/3322 1046/1206/3322 1055/1215/3322 1097/3963/3322
f 1097/3963/3323 1055/1215/3323 1064/1224/3323 1098/3964/3323
f 1098/3964/3324 1064/1224/3324 1073/1233/3324 1099/3965/3324
f 1099/3965/3325 1073/1233/3325 1082/1107/3325 1100/3966/3325
f 1100/3966/3326 1082/1107/3326 938/1105/3326 1101/3967/3326
f 1101/3967/3327 938/1105/3327 937/1103/3327 1102/3968/3327
f 1102/3968/3328 937/1103/3328 936/1101/3328 1103/3969/3328
f 1103/3969/3329 936/1101/3329 935/1099/3329 1104/3970/3329
f 1104/3970/3330 935/1099/3330 934/1097/3330 1105/3971/3330
f 1105/3971/3331 934/1097/3331 933/1095/3331 1106/3972/3331
f 1106/3972/3332 933/1095/3332 932/1093/3332 1107/3973/3332
f 1107/3973/3333 932/1093/3333 931/1090/3333 1108/3974/3333
f 1108/3974/3334 931/1090/3334 849/154/3334 1092/153/3334
f 3864/137/3335 848/136/3335 859/994/3335 3880/3975/3335
f 3880/3975/3336 859/994/3336 868/1014/3336 3879/3976/3336
f 3879/3976/3337 868/1014/3337 877/1025/3337 3878/3977/3337
f 3878/3977/3338 877/1025/3338 886/1036/3338 3877/3978/3338
f 3877/3978/3339 886/1036/3339 895/1047/3339 3876/3979/3339
f 3876/3979/3340 895/1047/3340 904/1058/3340 3875/3980/3340
f 3875/3980/3341 904/1058/3341 913/1069/3341 3874/3981/3341
f 3874/3981/3342 913/1069/3342 922/1080/3342 3873/3982/3342
f 3873/3982/3343 922/1080/3343 1018/1185/3343 3872/3983/3343
f 3872/3983/3344 1018/1185/3344 1017/1183/3344 3871/3984/3344
f 3871/3984/3345 1017/1183/3345 1016/1181/3345 3870/3985/3345
f 3870/3985/3346 1016/1181/3346 1015/1179/3346 3869/3986/3346
f 3869/3986/3347 1015/1179/3347 1014/1177/3347 3868/3987/3347
f 3868/3987/3348 1014/1177/3348 1013/1175/3348 3867/3988/3348
f 3867/3988/3349 1013/1175/3349 1012/1173/3349 3866/3989/3349
f 3866/3989/3350 1012/1173/3350 1011/1170/3350 3865/3990/3350
f 3865/3990/3351 1011/1170/3351 850/139/3351 3863/142/3351
f 3792/147/3352 830/150/3352 832/3991/3352 3808/3992/3352
f 3808/3992/3353 832/3991/3353 833/3993/3353 3807/3994/3353
f 3807/3994/3354 833/3993/3354 834/3995/3354 3806/3996/3354
f 3806/3996/3355 834/3995/3355 835/3997/3355 3805/3998/3355
f 3805/3998/3356 835/3997/3356 836/3999/3356 3804/4000/3356
f 3804/4000/3357 836/3999/3357 837/4001/3357 3803/4002/3357
f 3803/4002/3358 837/4001/3358 838/4003/3358 3802/4004/3358
f 3802/4004/3359 838/4003/3359 839/4005/3359 3801/4006/3359
f 3801/4006/3360 839/4005/3360 840/4007/3360 3800/4008/3360
f 3800/4008/3361 840/4007/3361 841/4009/3361 3799/4010/3361
f 3799/4010/3362 841/4009/3362 842/4011/3362 3798/4012/3362
f 3798/4012/3363 842/4011/3363 843/4013/3363 3797/4014/3363
f 3797/4014/3364 843/4013/3364 844/4015/3364 3796/4016/3364
f 3796/4016/3365 844/4015/3365 845/4017/3365 3795/4018/3365
f 3795/4018/3366 845/4017/3366 846/4019/3366 3794/4020/3366
f 3794/4020/3367 846/4019/3367 847/4021/3367 3793/4022/3367
f 3793/4022/3368 847/4021/3368 831/204/3368 3791/196/3368
f 830/191/3369 588/190/3369 678/833/3369 832/4023/3369
f 832/4023/3370 678/833/3370 687/851/3370 833/4024/3370
f 833/4024/3371 687/851/3371 696/861/3371 834/4025/3371
f 834/4025/3372 696/861/3372 705/871/3372 835/4026/3372
f 835/4026/3373 705/871/3373 714/881/3373 836/4027/3373
f 836/4027/3374 714/881/3374 723/891/3374 837/4028/3374
f 837/4028/3375 723/891/3375 732/901/3375 838/4029/3375
f 838/4029/3376 732/901/3376 741/759/3376 839/4030/3376
f 839/4030/3377 741/759/3377 597/757/3377 840/4007/3377
f 840/4007/3378 597/757/3378 596/755/3378 841/4009/3378
f 841/4009/3379 596/755/3379 595/753/3379 842/4011/3379
f 842/4011/3380 595/753/3380 594/751/3380 843/4013/3380
f 843/4013/3381 594/751/3381 593/749/3381 844/4015/3381
f 844/4015/3382 593/749/3382 592/747/3382 845/4017/3382
f 845/4017/3383 592/747/3383 591/745/3383 846/4019/3383
f 846/4019/3384 591/745/3384 590/742/3384 847/4021/3384
f 847/4021/3385 590/742/3385 587/205/3385 831/204/3385
f 65/146/3386 589/145/3386 758/913/3386 68/215/3386
f 68/215/3387 758/913/3387 767/929/3387 69/218/3387
f 69/218/3388 767/929/3388 776/938/3388 70/220/3388
f 70/220/3389 776/938/3389 785/947/3389 71/222/3389
f 71/222/3390 785/947/3390 794/956/3390 72/224/3390
f 72/224/3391 794/956/3391 803/965/3391 73/226/3391
f 73/226/3392 803/965/3392 812/974/3392 74/228/3392
f 74/228/3393 812/974/3393 821/983/3393 75/230/3393
f 75/232/3394 821/848/3394 677/846/3394 219/233/3394
f 219/233/3395 677/846/3395 676/844/3395 210/383/3395
f 210/383/3396 676/844/3396 675/842/3396 201/373/3396
f 201/373/3397 675/842/3397 674/840/3397 192/363/3397
f 192/363/3398 674/840/3398 673/838/3398 183/353/3398
f 183/353/3399 673/838/3399 672/836/3399 174/343/3399
f 174/343/3400 672/836/3400 671/834/3400 165/333/3400
f 165/333/3401 671/834/3401 670/831/3401 156/315/3401
f 156/315/3402 670/831/3402 588/190/3402 66/193/3402
f 3128/167/3403 1109/159/3403 1111/4031/3403 3369/3480/3403
f 3369/3480/3404 1111/4031/3404 1112/4032/3404 3370/3483/3404
f 3370/3483/3405 1112/4032/3405 1113/4033/3405 3371/3485/3405
f 3371/3485/3406 1113/4033/3406 1114/4034/3406 3372/3487/3406
f 3372/3487/3407 1114/4034/3407 1115/4035/3407 3373/3489/3407
f 3373/3489/3408 1115/4035/3408 1116/4036/3408 3374/3491/3408
f 3374/3491/3409 1116/4036/3409 1117/4037/3409 3375/3493/3409
f 3375/3493/3410 1117/4037/3410 1118/4038/3410 3376/3495/3410
f 3376/3495/3411 1118/4038/3411 1119/4039/3411 3200/3497/3411
f 3200/3302/3412 1119/4040/3412 1120/4041/3412 3191/3292/3412
f 3191/3292/3413 1120/4041/3413 1121/4042/3413 3182/3282/3413
f 3182/3282/3414 1121/4042/3414 1122/4043/3414 3173/3272/3414
f 3173/3272/3415 1122/4043/3415 1123/4044/3415 3164/3262/3415
f 3164/3262/3416 1123/4044/3416 1124/4045/3416 3155/3252/3416
f 3155/3252/3417 1124/4045/3417 1125/4046/3417 3146/3242/3417
f 3146/3242/3418 1125/4046/3418 1126/4047/3418 3137/3224/3418
f 3137/3224/3419 1126/4047/3419 1110/189/3419 3125/211/3419
f 1829/175/3420 1127/173/3420 1129/4048/3420 1833/1902/3420
f 1833/1902/3421 1129/4048/3421 1130/4049/3421 1834/1905/3421
f 1834/1905/3422 1130/4049/3422 1131/4050/3422 1835/1907/3422
f 1835/1907/3423 1131/4050/3423 1132/4051/3423 1836/1909/3423
f 1836/1909/3424 1132/4051/3424 1133/4052/3424 1837/1911/3424
f 1837/1911/3425 1133/4052/3425 1134/4053/3425 1838/1913/3425
f 1838/1913/3426 1134/4053/3426 1135/4054/3426 1839/1915/3426
f 1839/1915/3427 1135/4054/3427 1136/4055/3427 1840/1917/3427
f 1840/1919/3428 1136/4056/3428 1137/4057/3428 1984/1920/3428
f 1984/1920/3429 1137/4057/3429 1138/4058/3429 1975/2070/3429
f 1975/2070/3430 1138/4058/3430 1139/4059/3430 1966/2060/3430
f 1966/2060/3431 1139/4059/3431 1140/4060/3431 1957/2050/3431
f 1957/2050/3432 1140/4060/3432 1141/4061/3432 1948/2040/3432
f 1948/2040/3433 1141/4061/3433 1142/4062/3433 1939/2030/3433
f 1939/2030/3434 1142/4062/3434 1143/4063/3434 1930/2020/3434
f 1930/2020/3435 1143/4063/3435 1144/4064/3435 1921/2002/3435
f 1921/2002/3436 1144/4064/3436 1128/188/3436 1830/187/3436
f 2156/161/3437 1145/160/3437 1147/4065/3437 2397/2491/3437
f 2397/2491/3438 1147/4065/3438 1148/4066/3438 2398/2494/3438
f 2398/2494/3439 1148/4066/3439 1149/4067/3439 2399/2496/3439
f 2399/2496/3440 1149/4067/3440 1150/4068/3440 2400/2498/3440
f 2400/2498/3441 1150/4068/3441 1151/4069/3441 2401/2500/3441
f 2401/2500/3442 1151/4069/3442 1152/4070/3442 2402/2502/3442
f 2402/2502/3443 1152/4070/3443 1153/4071/3443 2403/2504/3443
f 2403/2504/3444 1153/4071/3444 1154/4072/3444 2404/2506/3444
f 2404/2506/3445 1154/4072/3445 1155/4073/3445 2228/2322/3445
f 2228/2322/3446 1155/4073/3446 1156/4074/3446 2219/2312/3446
f 2219/2312/3447 1156/4074/3447 1157/4075/3447 2210/2302/3447
f 2210/2302/3448 1157/4075/3448 1158/4076/3448 2201/2292/3448
f 2201/2292/3449 1158/4076/3449 1159/4077/3449 2192/2282/3449
f 2192/2282/3450 1159/4077/3450 1160/4078/3450 2183/2272/3450
f 2183/2272/3451 1160/4078/3451 1161/4079/3451 2174/2262/3451
f 2174/2262/3452 1161/4079/3452 1162/4080/3452 2165/2244/3452
f 2165/2244/3453 1162/4080/3453 1146/155/3453 2153/158/3453
f 3449/171/3454 1163/174/3454 1165/4081/3454 3453/3562/3454
f 3453/3562/3455 1165/4081/3455 1166/4082/3455 3454/3565/3455
f 3454/3565/3456 1166/4082/3456 1167/4083/3456 3455/3567/3456
f 3455/3567/3457 1167/4083/3457 1168/4084/3457 3456/3569/3457
f 3456/3569/3458 1168/4084/3458 1169/4085/3458 3457/3571/3458
f 3457/3571/3459 1169/4085/3459 1170/4086/3459 3458/3573/3459
f 3458/3573/3460 1170/4086/3460 1171/4087/3460 3459/3575/3460
f 3459/3575/3461 1171/4087/3461 1172/4088/3461 3460/3577/3461
f 3460/3577/3462 1172/4088/3462 1173/4089/3462 3604/3579/3462
f 3604/3579/3463 1173/4089/3463 1174/4090/3463 3595/3721/3463
f 3595/3721/3464 1174/4090/3464 1175/4091/3464 3586/3711/3464
f 3586/3711/3465 1175/4091/3465 1176/4092/3465 3577/3701/3465
f 3577/3701/3466 1176/4092/3466 1177/4093/3466 3568/3691/3466
f 3568/3691/3467 1177/4093/3467 1178/4094/3467 3559/3681/3467
f 3559/3681/3468 1178/4094/3468 1179/4095/3468 3550/3671/3468
f 3550/3671/3469 1179/4095/3469 1180/4096/3469 3541/3653/3469
f 3541/3653/3470 1180/4096/3470 1164/156/3470 3450/178/3470
f 1109/159/3403 1181/162/3403 1193/1244/3403 1111/4097/3403
f 1111/4097/3404 1193/1244/3404 1202/1262/3404 1112/4098/3404
f 1112/4098/3405 1202/1262/3405 1211/1272/3405 1113/4033/3405
f 1113/4033/3471 1211/1272/3471 1220/1282/3471 1114/4034/3471
f 1114/4034/3407 1220/1282/3407 1229/1292/3407 1115/4035/3407
f 1115/4035/3408 1229/1292/3408 1238/1302/3408 1116/4099/3408
f 1116/4099/3409 1238/1302/3409 1247/1312/3409 1117/4037/3409
f 1117/4037/3410 1247/1312/3410 1256/1322/3410 1118/4038/3410
f 1118/4038/3411 1256/1322/3411 1432/1517/3411 1119/4039/3411
f 1119/4040/3412 1432/1515/3412 1431/1513/3412 1120/4041/3412
f 1120/4041/3413 1431/1513/3413 1430/1511/3413 1121/4100/3413
f 1121/4100/3414 1430/1511/3414 1429/1509/3414 1122/4043/3414
f 1122/4043/3415 1429/1509/3415 1428/1507/3415 1123/4044/3415
f 1123/4044/3416 1428/1507/3416 1427/1505/3416 1124/4045/3416
f 1124/4045/3417 1427/1505/3417 1426/1503/3417 1125/4101/3417
f 1125/4101/3418 1426/1503/3418 1425/1500/3418 1126/4102/3418
f 1126/4102/3419 1425/1500/3419 1184/186/3419 1110/189/3419
f 1163/174/3454 1506/176/3454 1597/1673/3454 1165/4081/3454
f 1165/4081/3455 1597/1673/3455 1606/1691/3455 1166/4082/3455
f 1166/4082/3456 1606/1691/3456 1615/1701/3456 1167/4083/3456
f 1167/4083/3457 1615/1701/3457 1624/1711/3457 1168/4084/3457
f 1168/4084/3458 1624/1711/3458 1633/1721/3458 1169/4085/3458
f 1169/4085/3459 1633/1721/3459 1642/1731/3459 1170/4086/3459
f 1170/4086/3460 1642/1731/3460 1651/1741/3460 1171/4087/3460
f 1171/4087/3461 1651/1741/3461 1660/1599/3461 1172/4088/3461
f 1172/4088/3462 1660/1599/3462 1516/1597/3462 1173/4089/3462
f 1173/4089/3463 1516/1597/3463 1515/1595/3463 1174/4090/3463
f 1174/4090/3464 1515/1595/3464 1514/1593/3464 1175/4091/3464
f 1175/4091/3465 1514/1593/3465 1513/1591/3465 1176/4092/3465
f 1176/4092/3466 1513/1591/3466 1512/1589/3466 1177/4093/3466
f 1177/4093/3467 1512/1589/3467 1511/1587/3467 1178/4094/3467
f 1178/4094/3468 1511/1587/3468 1510/1585/3468 1179/4095/3468
f 1179/4095/3469 1510/1585/3469 1509/1582/3469 1180/4096/3469
f 1180/4096/3470 1509/1582/3470 1505/157/3470 1164/156/3470
f 3810/200/3472 1832/199/3472 2081/2162/3472 3826/4103/3472
f 3826/4103/3473 2081/2162/3473 2090/2178/3473 3825/4104/3473
f 3825/4104/3474 2090/2178/3474 2099/2187/3474 3824/4105/3474
f 3824/4105/3475 2099/2187/3475 2108/2196/3475 3823/4106/3475
f 3823/4106/3476 2108/2196/3476 2117/2205/3476 3822/4107/3476
f 3822/4107/3477 2117/2205/3477 2126/2214/3477 3821/4108/3477
f 3821/4108/3478 2126/2214/3478 2135/2223/3478 3820/4109/3478
f 3820/4109/3479 2135/2223/3479 2144/2232/3479 3819/4110/3479
f 3819/4111/3480 2144/2097/3480 2000/2095/3480 3818/4112/3480
f 3818/4112/3481 2000/2095/3481 1999/2093/3481 3817/4113/3481
f 3817/4113/3482 1999/2093/3482 1998/2091/3482 3816/4114/3482
f 3816/4114/3483 1998/2091/3483 1997/2089/3483 3815/4115/3483
f 3815/4115/3484 1997/2089/3484 1996/2087/3484 3814/4116/3484
f 3814/4116/3485 1996/2087/3485 1995/2085/3485 3813/4117/3485
f 3813/4117/3486 1995/2085/3486 1994/2083/3486 3812/4118/3486
f 3812/4118/3487 1994/2083/3487 1993/2080/3487 3811/4119/3487
f 3811/4119/3488 1993/2080/3488 1831/165/3488 3809/164/3488
f 3828/144/3489 2155/170/3489 2325/2413/3489 3844/4120/3489
f 3844/4120/3490 2325/2413/3490 2334/2431/3490 3843/4121/3490
f 3843/4121/3491 2334/2431/3491 2343/2441/3491 3842/4122/3491
f 3842/4122/3492 2343/2441/3492 2352/2451/3492 3841/4123/3492
f 3841/4123/3493 2352/2451/3493 2361/2461/3493 3840/4124/3493
f 3840/4124/3494 2361/2461/3494 2370/2471/3494 3839/4125/3494
f 3839/4125/3495 2370/2471/3495 2379/2481/3495 3838/4126/3495
f 3838/4126/3496 2379/2481/3496 2388/2348/3496 3837/4127/3496
f 3837/4127/3497 2388/2348/3497 2244/2346/3497 3836/4128/3497
f 3836/4128/3498 2244/2346/3498 2243/2344/3498 3835/4129/3498
f 3835/4129/3499 2243/2344/3499 2242/2342/3499 3834/4130/3499
f 3834/4130/3500 2242/2342/3500 2241/2340/3500 3833/4131/3500
f 3833/4131/3501 2241/2340/3501 2240/2338/3501 3832/4132/3501
f 3832/4132/3502 2240/2338/3502 2239/2336/3502 3831/4133/3502
f 3831/4133/3503 2239/2336/3503 2238/2334/3503 3830/4134/3503
f 3830/4134/3504 2238/2334/3504 2237/2331/3504 3829/4135/3504
f 3829/4135/3505 2237/2331/3505 2154/194/3505 3827/197/3505
f 1830/187/3506 1184/186/3506 1433/1502/3506 1913/2000/3506
f 1913/2000/3507 1433/1502/3507 1442/1520/3507 1914/2003/3507
f 1914/2003/3508 1442/1520/3508 1451/1530/3508 1915/2005/3508
f 1915/2005/3509 1451/1530/3509 1460/1540/3509 1916/2007/3509
f 1916/2007/3510 1460/1540/3510 1469/1550/3510 1917/2009/3510
f 1917/2009/3511 1469/1550/3511 1478/1560/3511 1918/2011/3511
f 1918/2011/3512 1478/1560/3512 1487/1570/3512 1919/2013/3512
f 1919/2013/3513 1487/1570/3513 1496/1428/3513 1920/2015/3513
f 1920/2015/3514 1496/1428/3514 1352/1426/3514 2064/2017/3514
f 2064/2017/3515 1352/1426/3515 1351/1424/3515 2055/2150/3515
f 2055/2150/3516 1351/1424/3516 1350/1422/3516 2046/2140/3516
f 2046/2140/3517 1350/1422/3517 1349/1420/3517 2037/2130/3517
f 2037/2130/3518 1349/1420/3518 1348/1418/3518 2028/2120/3518
f 2028/2120/3519 1348/1418/3519 1347/1416/3519 2019/2110/3519
f 2019/2110/3520 1347/1416/3520 1346/1414/3520 2010/2100/3520
f 2010/2100/3521 1346/1414/3521 1345/1411/3521 2001/2082/3521
f 2001/2082/3522 1345/1411/3522 1183/166/3522 1831/165/3522
f 1832/199/3523 1507/198/3523 1677/1753/3523 2073/2160/3523
f 2073/2160/3524 1677/1753/3524 1686/1771/3524 2074/2163/3524
f 2074/2163/3525 1686/1771/3525 1695/1781/3525 2075/2165/3525
f 2075/2165/3526 1695/1781/3526 1704/1791/3526 2076/2167/3526
f 2076/2167/3527 1704/1791/3527 1713/1801/3527 2077/2169/3527
f 2077/2169/3528 1713/1801/3528 1722/1811/3528 2078/2171/3528
f 2078/2171/3529 1722/1811/3529 1731/1821/3529 2079/2173/3529
f 2079/2173/3530 1731/1821/3530 1740/1688/3530 2080/2175/3530
f 2080/2175/3531 1740/1688/3531 1596/1686/3531 1904/1990/3531
f 1904/1990/3532 1596/1686/3532 1595/1684/3532 1895/1979/3532
f 1895/1979/3533 1595/1684/3533 1594/1682/3533 1886/1968/3533
f 1886/1968/3534 1594/1682/3534 1593/1680/3534 1877/1957/3534
f 1877/1957/3535 1593/1680/3535 1592/1678/3535 1868/1946/3535
f 1868/1946/3536 1592/1678/3536 1591/1676/3536 1859/1935/3536
f 1859/1935/3537 1591/1676/3537 1590/1674/3537 1850/1924/3537
f 1850/1924/3538 1590/1674/3538 1589/1671/3538 1841/1904/3538
f 1841/1904/3539 1589/1671/3539 1506/176/3539 1829/175/3539
f 2155/170/3540 1182/169/3540 1273/1333/3540 2317/2411/3540
f 2317/2411/3541 1273/1333/3541 1282/1351/3541 2318/2414/3541
f 2318/2414/3542 1282/1351/3542 1291/1361/3542 2319/2416/3542
f 2319/2416/3543 1291/1361/3543 1300/1371/3543 2320/2418/3543
f 2320/2418/3544 1300/1371/3544 1309/1381/3544 2321/2420/3544
f 2321/2420/3545 1309/1381/3545 1318/1391/3545 2322/2422/3545
f 2322/2422/3546 1318/1391/3546 1327/1401/3546 2323/2424/3546
f 2323/2424/3547 1327/1401/3547 1336/1259/3547 2324/2426/3547
f 2324/2426/3548 1336/1259/3548 1192/1257/3548 2468/2428/3548
f 2468/2428/3549 1192/1257/3549 1191/1255/3549 2459/2554/3549
f 2459/2554/3550 1191/1255/3550 1190/1253/3550 2450/2545/3550
f 2450/2545/3551 1190/1253/3551 1189/1251/3551 2441/2536/3551
f 2441/2536/3552 1189/1251/3552 1188/1249/3552 2432/2527/3552
f 2432/2527/3553 1188/1249/3553 1187/1247/3553 2423/2518/3553
f 2423/2518/3554 1187/1247/3554 1186/1245/3554 2414/2509/3554
f 2414/2509/3555 1186/1245/3555 1185/1242/3555 2405/2493/3555
f 2405/2493/3556 1185/1242/3556 1181/162/3556 2156/161/3556
f 1508/195/3557 2154/194/3557 2245/2333/3557 1749/1831/3557
f 1749/1831/3558 2245/2333/3558 2254/2351/3558 1750/1834/3558
f 1750/1834/3559 2254/2351/3559 2263/2361/3559 1751/1836/3559
f 1751/1836/3560 2263/2361/3560 2272/2371/3560 1752/1838/3560
f 1752/1838/3561 2272/2371/3561 2281/2381/3561 1753/1840/3561
f 1753/1840/3562 2281/2381/3562 2290/2391/3562 1754/1842/3562
f 1754/1842/3563 2290/2391/3563 2299/2401/3563 1755/1844/3563
f 1755/1844/3564 2299/2401/3564 2308/2259/3564 1756/1846/3564
f 1756/1846/3565 2308/2259/3565 2164/2257/3565 1580/1662/3565
f 1580/1662/3566 2164/2257/3566 2163/2255/3566 1571/1652/3566
f 1571/1652/3567 2163/2255/3567 2162/2253/3567 1562/1642/3567
f 1562/1642/3568 2162/2253/3568 2161/2251/3568 1553/1632/3568
f 1553/1632/3569 2161/2251/3569 2160/2249/3569 1544/1622/3569
f 1544/1622/3570 2160/2249/3570 2159/2247/3570 1535/1612/3570
f 1535/1612/3571 2159/2247/3571 2158/2245/3571 1526/1602/3571
f 1526/1602/3572 2158/2245/3572 2157/2242/3572 1517/1584/3572
f 1517/1584/3573 2157/2242/3573 2153/158/3573 1505/157/3573
f 1127/173/3420 2478/172/3420 2569/2662/3420 1129/4048/3420
f 1129/4048/3421 2569/2662/3421 2578/2680/3421 1130/4049/3421
f 1130/4049/3422 2578/2680/3422 2587/2690/3422 1131/4050/3422
f 1131/4050/3423 2587/2690/3423 2596/2700/3423 1132/4051/3423
f 1132/4051/3424 2596/2700/3424 2605/2710/3424 1133/4052/3424
f 1133/4052/3425 2605/2710/3425 2614/2720/3425 1134/4053/3425
f 1134/4053/3426 2614/2720/3426 2623/2730/3426 1135/4054/3426
f 1135/4054/3427 2623/2730/3427 2632/2580/3427 1136/4136/3427
f 1136/4136/3428 2632/2580/3428 2488/2579/3428 1137/4055/3428
f 1137/4056/3429 2488/2577/3429 2487/2575/3429 1138/4058/3429
f 1138/4058/3430 2487/2575/3430 2486/2573/3430 1139/4059/3430
f 1139/4059/3431 2486/2573/3431 2485/2571/3431 1140/4060/3431
f 1140/4060/3432 2485/2571/3432 2484/2569/3432 1141/4061/3432
f 1141/4061/3433 2484/2569/3433 2483/2567/3433 1142/4062/3433
f 1142/4062/3434 2483/2567/3434 2482/2565/3434 1143/4063/3434
f 1143/4063/3435 2482/2565/3435 2481/2562/3435 1144/4137/3435
f 1144/4137/3436 2481/2562/3436 2477/210/3436 1128/188/3436
f 1145/160/3437 2801/168/3437 2813/2904/3437 1147/4065/3437
f 1147/4065/3438 2813/2904/3438 2822/2922/3438 1148/4066/3438
f 1148/4066/3439 2822/2922/3439 2831/2932/3439 1149/4067/3439
f 1149/4067/3574 2831/2932/3574 2840/2942/3574 1150/4068/3574
f 1150/4068/3441 2840/2942/3441 2849/2952/3441 1151/4069/3441
f 1151/4069/3442 2849/2952/3442 2858/2962/3442 1152/4070/3442
f 1152/4070/3443 2858/2962/3443 2867/2972/3443 1153/4071/3443
f 1153/4071/3444 2867/2972/3444 2876/2982/3444 1154/4072/3444
f 1154/4072/3445 2876/2982/3445 3052/3166/3445 1155/4073/3445
f 1155/4073/3446 3052/3166/3446 3051/3164/3446 1156/4074/3446
f 1156/4074/3575 3051/3164/3575 3050/3162/3575 1157/4075/3575
f 1157/4075/3448 3050/3162/3448 3049/3160/3448 1158/4076/3448
f 1158/4076/3449 3049/3160/3449 3048/3158/3449 1159/4077/3449
f 1159/4077/3450 3048/3158/3450 3047/3156/3450 1160/4078/3450
f 1160/4078/3451 3047/3156/3451 3046/3154/3451 1161/4079/3451
f 1161/4079/3452 3046/3154/3452 3045/3151/3452 1162/4080/3452
f 1162/4080/3453 3045/3151/3453 2804/177/3453 1146/155/3453
f 3882/138/3576 3127/181/3576 3297/3402/3576 3898/4138/3576
f 3898/4138/3577 3297/3402/3577 3306/3420/3577 3897/4139/3577
f 3897/4139/3578 3306/3420/3578 3315/3430/3578 3896/4140/3578
f 3896/4140/3579 3315/3430/3579 3324/3440/3579 3895/4141/3579
f 3895/4141/3580 3324/3440/3580 3333/3450/3580 3894/4142/3580
f 3894/4142/3581 3333/3450/3581 3342/3460/3581 3893/4143/3581
f 3893/4143/3582 3342/3460/3582 3351/3470/3582 3892/4144/3582
f 3892/4144/3583 3351/3470/3583 3360/3329/3583 3891/4145/3583
f 3891/4145/3584 3360/3329/3584 3216/3328/3584 3890/4146/3584
f 3890/4147/3585 3216/3326/3585 3215/3324/3585 3889/4148/3585
f 3889/4148/3586 3215/3324/3586 3214/3322/3586 3888/4149/3586
f 3888/4149/3587 3214/3322/3587 3213/3320/3587 3887/4150/3587
f 3887/4150/3588 3213/3320/3588 3212/3318/3588 3886/4151/3588
f 3886/4151/3589 3212/3318/3589 3211/3316/3589 3885/4152/3589
f 3885/4152/3590 3211/3316/3590 3210/3314/3590 3884/4153/3590
f 3884/4153/3591 3210/3314/3591 3209/3311/3591 3883/4154/3591
f 3883/4154/3592 3209/3311/3592 3126/182/3592 3881/185/3592
f 3900/134/3593 3452/203/3593 3701/3813/3593 3916/4155/3593
f 3916/4155/3594 3701/3813/3594 3710/3829/3594 3915/4156/3594
f 3915/4156/3595 3710/3829/3595 3719/3838/3595 3914/4157/3595
f 3914/4157/3596 3719/3838/3596 3728/3847/3596 3913/4158/3596
f 3913/4158/3597 3728/3847/3597 3737/3856/3597 3912/4159/3597
f 3912/4159/3598 3737/3856/3598 3746/3865/3598 3911/4160/3598
f 3911/4160/3599 3746/3865/3599 3755/3874/3599 3910/4161/3599
f 3910/4161/3600 3755/3874/3600 3764/3748/3600 3909/4162/3600
f 3909/4162/3601 3764/3748/3601 3620/3746/3601 3908/4163/3601
f 3908/4163/3602 3620/3746/3602 3619/3744/3602 3907/4164/3602
f 3907/4164/3603 3619/3744/3603 3618/3742/3603 3906/4165/3603
f 3906/4165/3604 3618/3742/3604 3617/3740/3604 3905/4166/3604
f 3905/4166/3605 3617/3740/3605 3616/3738/3605 3904/4167/3605
f 3904/4167/3606 3616/3738/3606 3615/3736/3606 3903/4168/3606
f 3903/4168/3607 3615/3736/3607 3614/3734/3607 3902/4169/3607
f 3902/4169/3608 3614/3734/3608 3613/3731/3608 3901/4170/3608
f 3901/4170/3609 3613/3731/3609 3451/213/3609 3899/212/3609
f 3450/178/3610 2804/177/3610 3053/3153/3610 3533/3651/3610
f 3533/3651/3611 3053/3153/3611 3062/3169/3611 3534/3654/3611
f 3534/3654/3612 3062/3169/3612 3071/3178/3612 3535/3656/3612
f 3535/3656/3613 3071/3178/3613 3080/3187/3613 3536/3658/3613
f 3536/3658/3614 3080/3187/3614 3089/3196/3614 3537/3660/3614
f 3537/3660/3615 3089/3196/3615 3098/3205/3615 3538/3662/3615
f 3538/3662/3616 3098/3205/3616 3107/3214/3616 3539/3664/3616
f 3539/3664/3617 3107/3214/3617 3116/3088/3617 3540/3666/3617
f 3540/3666/3618 3116/3088/3618 2972/3086/3618 3684/3668/3618
f 3684/3668/3619 2972/3086/3619 2971/3084/3619 3675/3801/3619
f 3675/3801/3620 2971/3084/3620 2970/3082/3620 3666/3791/3620
f 3666/3791/3621 2970/3082/3621 2969/3080/3621 3657/3781/3621
f 3657/3781/3622 2969/3080/3622 2968/3078/3622 3648/3771/3622
f 3648/3771/3623 2968/3078/3623 2967/3076/3623 3639/3761/3623
f 3639/3761/3624 2967/3076/3624 2966/3074/3624 3630/3751/3624
f 3630/3751/3625 2966/3074/3625 2965/3071/3625 3621/3733/3625
f 3621/3733/3626 2965/3071/3626 2803/214/3626 3451/213/3626
f 2801/168/3627 3128/167/3627 3377/3482/3627 2805/2902/3627
f 2805/2902/3628 3377/3482/3628 3386/3500/3628 2806/2905/3628
f 2806/2905/3629 3386/3500/3629 3395/3510/3629 2807/2907/3629
f 2807/2907/3630 3395/3510/3630 3404/3520/3630 2808/2909/3630
f 2808/2909/3631 3404/3520/3631 3413/3530/3631 2809/2911/3631
f 2809/2911/3632 3413/3530/3632 3422/3540/3632 2810/2913/3632
f 2810/2913/3633 3422/3540/3633 3431/3550/3633 2811/2915/3633
f 2811/2915/3634 3431/3550/3634 3440/3417/3634 2812/2917/3634
f 2812/2917/3635 3440/3417/3635 3296/3415/3635 2956/2919/3635
f 2956/2919/3636 3296/3415/3636 3295/3413/3636 2947/3061/3636
f 2947/3061/3637 3295/3413/3637 3294/3411/3637 2938/3051/3637
f 2938/3051/3638 3294/3411/3638 3293/3409/3638 2929/3041/3638
f 2929/3041/3639 3293/3409/3639 3292/3407/3639 2920/3031/3639
f 2920/3031/3640 3292/3407/3640 3291/3405/3640 2911/3021/3640
f 2911/3021/3641 3291/3405/3641 3290/3403/3641 2902/3011/3641
f 2902/3011/3642 3290/3403/3642 3289/3400/3642 2893/2993/3642
f 2893/2993/3643 3289/3400/3643 3127/181/3643 2802/180/3643
f 2478/172/3644 3449/171/3644 3461/3564/3644 2561/2660/3644
f 2561/2660/3645 3461/3564/3645 3470/3582/3645 2562/2663/3645
f 2562/2663/3646 3470/3582/3646 3479/3592/3646 2563/2665/3646
f 2563/2665/3647 3479/3592/3647 3488/3602/3647 2564/2667/3647
f 2564/2667/3648 3488/3602/3648 3497/3612/3648 2565/2669/3648
f 2565/2669/3649 3497/3612/3649 3506/3622/3649 2566/2671/3649
f 2566/2671/3650 3506/3622/3650 3515/3632/3650 2567/2673/3650
f 2567/2673/3651 3515/3632/3651 3524/3642/3651 2568/2675/3651
f 2568/2675/3652 3524/3642/3652 3700/3826/3652 2712/2677/3652
f 2712/2677/3653 3700/3826/3653 3699/3824/3653 2703/2817/3653
f 2703/2817/3654 3699/3824/3654 3698/3822/3654 2694/2806/3654
f 2694/2806/3655 3698/3822/3655 3697/3820/3655 2685/2795/3655
f 2685/2795/3656 3697/3820/3656 3696/3818/3656 2676/2784/3656
f 2676/2784/3657 3696/3818/3657 3695/3816/3657 2667/2773/3657
f 2667/2773/3658 3695/3816/3658 3694/3814/3658 2658/2762/3658
f 2658/2762/3659 3694/3814/3659 3693/3811/3659 2649/2742/3659
f 2649/2742/3660 3693/3811/3660 3452/203/3660 2479/202/3660
f 2480/183/3661 3126/182/3661 3217/3313/3661 2721/2829/3661
f 2721/2829/3662 3217/3313/3662 3226/3333/3662 2722/2832/3662
f 2722/2832/3663 3226/3333/3663 3235/3344/3663 2723/2834/3663
f 2723/2834/3664 3235/3344/3664 3244/3355/3664 2724/2836/3664
f 2724/2836/3665 3244/3355/3665 3253/3366/3665 2725/2838/3665
f 2725/2838/3666 3253/3366/3666 3262/3377/3666 2726/2840/3666
f 2726/2840/3667 3262/3377/3667 3271/3388/3667 2727/2842/3667
f 2727/2842/3668 3271/3388/3668 3280/3239/3668 2728/2844/3668
f 2728/2844/3669 3280/3239/3669 3136/3237/3669 2552/2650/3669
f 2552/2650/3670 3136/3237/3670 3135/3235/3670 2543/2639/3670
f 2543/2639/3671 3135/3235/3671 3134/3233/3671 2534/2628/3671
f 2534/2628/3672 3134/3233/3672 3133/3231/3672 2525/2617/3672
f 2525/2617/3673 3133/3231/3673 3132/3229/3673 2516/2606/3673
f 2516/2606/3674 3132/3229/3674 3131/3227/3674 2507/2595/3674
f 2507/2595/3675 3131/3227/3675 3130/3225/3675 2498/2584/3675
f 2498/2584/3676 3130/3225/3676 3129/3222/3676 2489/2564/3676
f 2489/2564/3677 3129/3222/3677 3125/211/3677 2477/210/3677
f 1182/169/3678 3774/143/3678 3790/4171/3678 1265/1331/3678
f 1265/1331/3679 3790/4171/3679 3789/4172/3679 1266/1334/3679
f 1266/1334/3680 3789/4172/3680 3788/4173/3680 1267/1336/3680
f 1267/1336/3681 3788/4173/3681 3787/4174/3681 1268/1338/3681
f 1268/1338/3682 3787/4174/3682 3786/4175/3682 1269/1340/3682
f 1269/1340/3683 3786/4175/3683 3785/4176/3683 1270/1342/3683
f 1270/1342/3684 3785/4176/3684 3784/4177/3684 1271/1344/3684
f 1271/1344/3685 3784/4177/3685 3783/4178/3685 1272/1346/3685
f 1272/1346/3686 3783/4178/3686 3782/4179/3686 1416/1348/3686
f 1416/1491/3687 3782/4180/3687 3781/4181/3687 1407/1481/3687
f 1407/1481/3688 3781/4181/3688 3780/4182/3688 1398/1471/3688
f 1398/1471/3689 3780/4182/3689 3779/4183/3689 1389/1461/3689
f 1389/1461/3690 3779/4183/3690 3778/4184/3690 1380/1451/3690
f 1380/1451/3691 3778/4184/3691 3777/4185/3691 1371/1441/3691
f 1371/1441/3692 3777/4185/3692 3776/4186/3692 1362/1431/3692
f 1362/1431/3693 3776/4186/3693 3775/4187/3693 1353/1413/3693
f 1353/1413/3694 3775/4187/3694 3773/163/3694 1183/166/3694
f 1507/198/3695 3792/147/3695 3808/3992/3695 1669/1751/3695
f 1669/1751/3696 3808/3992/3696 3807/3994/3696 1670/1754/3696
f 1670/1754/3697 3807/3994/3697 3806/3996/3697 1671/1756/3697
f 1671/1756/3698 3806/3996/3698 3805/3998/3698 1672/1758/3698
f 1672/1758/3699 3805/3998/3699 3804/4000/3699 1673/1760/3699
f 1673/1760/3700 3804/4000/3700 3803/4002/3700 1674/1762/3700
f 1674/1762/3701 3803/4002/3701 3802/4004/3701 1675/1764/3701
f 1675/1764/3702 3802/4004/3702 3801/4006/3702 1676/1766/3702
f 1676/1766/3703 3801/4006/3703 3800/4008/3703 1820/1768/3703
f 1820/1768/3704 3800/4008/3704 3799/4010/3704 1811/1894/3704
f 1811/1894/3705 3799/4010/3705 3798/4012/3705 1802/1885/3705
f 1802/1885/3706 3798/4012/3706 3797/4014/3706 1793/1876/3706
f 1793/1876/3707 3797/4014/3707 3796/4016/3707 1784/1867/3707
f 1784/1867/3708 3796/4016/3708 3795/4018/3708 1775/1858/3708
f 1775/1858/3709 3795/4018/3709 3794/4020/3709 1766/1849/3709
f 1766/1849/3710 3794/4020/3710 3793/4022/3710 1757/1833/3710
f 1757/1833/3711 3793/4022/3711 3791/196/3711 1508/195/3711
f 309/149/3712 3810/148/3712 3826/4188/3712 325/4189/3712
f 325/4189/3713 3826/4188/3713 3825/4190/3713 324/4191/3713
f 324/4191/3714 3825/4190/3714 3824/4192/3714 323/4193/3714
f 323/4193/3715 3824/4192/3715 3823/4194/3715 322/4195/3715
f 322/4195/3716 3823/4194/3716 3822/4196/3716 321/4197/3716
f 321/4197/3717 3822/4196/3717 3821/4198/3717 320/4199/3717
f 320/4199/3718 3821/4198/3718 3820/4200/3718 319/4201/3718
f 319/4201/3719 3820/4200/3719 3819/4202/3719 318/4203/3719
f 318/4204/3720 3819/4205/3720 3818/4206/3720 317/4207/3720
f 317/4207/3721 3818/4206/3721 3817/4208/3721 316/3909/3721
f 316/3909/3722 3817/4208/3722 3816/4209/3722 315/3910/3722
f 315/3910/3723 3816/4209/3723 3815/4210/3723 314/3911/3723
f 314/3911/3724 3815/4210/3724 3814/4211/3724 313/3912/3724
f 313/3912/3725 3814/4211/3725 3813/4212/3725 312/3913/3725
f 312/3913/3726 3813/4212/3726 3812/4213/3726 311/3914/3726
f 311/3914/3727 3812/4213/3727 3811/4214/3727 310/3915/3727
f 310/3915/3728 3811/4214/3728 3809/164/3728 308/3916/3728
f 589/145/3729 3828/144/3729 3844/4120/3729 750/911/3729
f 750/911/3730 3844/4120/3730 3843/4121/3730 751/914/3730
f 751/914/3731 3843/4121/3731 3842/4122/3731 752/916/3731
f 752/916/3732 3842/4122/3732 3841/4123/3732 753/918/3732
f 753/918/3733 3841/4123/3733 3840/4124/3733 754/920/3733
f 754/920/3734 3840/4124/3734 3839/4125/3734 755/922/3734
f 755/922/3735 3839/4125/3735 3838/4126/3735 756/924/3735
f 756/924/3736 3838/4126/3736 3837/4127/3736 757/926/3736
f 757/926/3737 3837/4127/3737 3836/4128/3737 661/822/3737
f 661/822/3738 3836/4128/3738 3835/4129/3738 652/812/3738
f 652/812/3739 3835/4129/3739 3834/4130/3739 643/802/3739
f 643/802/3740 3834/4130/3740 3833/4131/3740 634/792/3740
f 634/792/3741 3833/4131/3741 3832/4132/3741 625/782/3741
f 625/782/3742 3832/4132/3742 3831/4133/3742 616/772/3742
f 616/772/3743 3831/4133/3743 3830/4134/3743 607/762/3743
f 607/762/3744 3830/4134/3744 3829/4135/3744 598/744/3744
f 598/744/3745 3829/4135/3745 3827/197/3745 587/205/3745
f 2479/202/3746 3846/201/3746 3862/4215/3746 2641/2740/3746
f 2641/2740/3747 3862/4215/3747 3861/4216/3747 2642/2743/3747
f 2642/2743/3748 3861/4216/3748 3860/4217/3748 2643/2745/3748
f 2643/2745/3749 3860/4217/3749 3859/4218/3749 2644/2747/3749
f 2644/2747/3750 3859/4218/3750 3858/4219/3750 2645/2749/3750
f 2645/2749/3751 3858/4219/3751 3857/4220/3751 2646/2751/3751
f 2646/2751/3752 3857/4220/3752 3856/4221/3752 2647/2753/3752
f 2647/2753/3753 3856/4221/3753 3855/4222/3753 2648/2755/3753
f 2648/2757/3754 3855/4223/3754 3854/4224/3754 2792/2758/3754
f 2792/2758/3755 3854/4224/3755 3853/4225/3755 2783/2892/3755
f 2783/2892/3756 3853/4225/3756 3852/4226/3756 2774/2883/3756
f 2774/2883/3757 3852/4226/3757 3851/4227/3757 2765/2874/3757
f 2765/2874/3758 3851/4227/3758 3850/4228/3758 2756/2865/3758
f 2756/2865/3759 3850/4228/3759 3849/4229/3759 2747/2856/3759
f 2747/2856/3760 3849/4229/3760 3848/4230/3760 2738/2847/3760
f 2738/2847/3761 3848/4230/3761 3847/4231/3761 2729/2831/3761
f 2729/2831/3762 3847/4231/3762 3845/184/3762 2480/183/3762
f 2802/180/3763 3864/179/3763 3880/3975/3763 2885/2991/3763
f 2885/2991/3764 3880/3975/3764 3879/3976/3764 2886/2994/3764
f 2886/2994/3765 3879/3976/3765 3878/3977/3765 2887/2996/3765
f 2887/2996/3766 3878/3977/3766 3877/3978/3766 2888/2998/3766
f 2888/2998/3767 3877/3978/3767 3876/3979/3767 2889/3000/3767
f 2889/3000/3768 3876/3979/3768 3875/3980/3768 2890/3002/3768
f 2890/3002/3769 3875/3980/3769 3874/3981/3769 2891/3004/3769
f 2891/3004/3770 3874/3981/3770 3873/3982/3770 2892/3006/3770
f 2892/3006/3771 3873/3982/3771 3872/3983/3771 3036/3008/3771
f 3036/3008/3772 3872/3983/3772 3871/3984/3772 3027/3141/3772
f 3027/3141/3773 3871/3984/3773 3870/3985/3773 3018/3131/3773
f 3018/3131/3774 3870/3985/3774 3869/3986/3774 3009/3121/3774
f 3009/3121/3775 3869/3986/3775 3868/3987/3775 3000/3111/3775
f 3000/3111/3776 3868/3987/3776 3867/3988/3776 2991/3101/3776
f 2991/3101/3777 3867/3988/3777 3866/3989/3777 2982/3091/3777
f 2982/3091/3778 3866/3989/3778 3865/3990/3778 2973/3073/3778
f 2973/3073/3779 3865/3990/3779 3863/142/3779 2803/214/3779
f 328/135/3780 3882/138/3780 3898/4232/3780 489/652/3780
f 489/652/3781 3898/4232/3781 3897/4233/3781 490/655/3781
f 490/655/3782 3897/4233/3782 3896/4234/3782 491/657/3782
f 491/657/3783 3896/4234/3783 3895/4235/3783 492/659/3783
f 492/659/3784 3895/4235/3784 3894/4236/3784 493/661/3784
f 493/661/3785 3894/4236/3785 3893/4237/3785 494/663/3785
f 494/663/3786 3893/4237/3786 3892/4238/3786 495/665/3786
f 495/665/3787 3892/4238/3787 3891/4239/3787 496/667/3787
f 496/667/3788 3891/4239/3788 3890/4240/3788 400/669/3788
f 400/563/3789 3890/4241/3789 3889/4242/3789 391/553/3789
f 391/553/3790 3889/4242/3790 3888/4243/3790 382/543/3790
f 382/543/3791 3888/4243/3791 3887/4244/3791 373/533/3791
f 373/533/3792 3887/4244/3792 3886/4245/3792 364/523/3792
f 364/523/3793 3886/4245/3793 3885/4246/3793 355/513/3793
f 355/513/3794 3885/4246/3794 3884/4247/3794 346/503/3794
f 346/503/3795 3884/4247/3795 3883/4248/3795 337/485/3795
f 337/485/3796 3883/4248/3796 3881/206/3796 326/209/3796
f 1092/131/3797 3900/134/3797 3916/4155/3797 1108/4249/3797
f 1108/4249/3798 3916/4155/3798 3915/4156/3798 1107/4250/3798
f 1107/4250/3799 3915/4156/3799 3914/4157/3799 1106/4251/3799
f 1106/4251/3800 3914/4157/3800 3913/4158/3800 1105/4252/3800
f 1105/4252/3801 3913/4158/3801 3912/4159/3801 1104/4253/3801
f 1104/4253/3802 3912/4159/3802 3911/4160/3802 1103/4254/3802
f 1103/4254/3803 3911/4160/3803 3910/4161/3803 1102/4255/3803
f 1102/4255/3804 3910/4161/3804 3909/4162/3804 1101/4256/3804
f 1101/4256/3805 3909/4162/3805 3908/4163/3805 1100/3966/3805
f 1100/3966/3806 3908/4163/3806 3907/4164/3806 1099/3965/3806
f 1099/3965/3807 3907/4164/3807 3906/4165/3807 1098/3964/3807
f 1098/3964/3808 3906/4165/3808 3905/4166/3808 1097/3963/3808
f 1097/3963/3809 3905/4166/3809 3904/4167/3809 1096/3962/3809
f 1096/3962/3810 3904/4167/3810 3903/4168/3810 1095/3961/3810
f 1095/3961/3811 3903/4168/3811 3902/4169/3811 1094/3960/3811
f 1094/3960/3812 3902/4169/3812 3901/4170/3812 1093/3959/3812
f 1093/3959/3813 3901/4170/3813 3899/141/3813 1091/140/3813
f 67/393/43 308/3916/43 3809/164/43 3773/163/43
